# ************************************************************
# Joost de Valk dump of data
# Export date: 2026-01-03 10:54:27
# How to use:
# * create a fresh database
# * run migrations (`php artisan migrate`)
# * import this sql file
# ************************************************************

SET FOREIGN_KEY_CHECKS=0;


INSERT IGNORE INTO `accounts` (`id`,`api_key`,`number_of_invitations_sent`) VALUES
 (1,'BV8C9unvJPXs6g1R0ZT3biFQax9Ixa',NULL);

INSERT IGNORE INTO `activities` (`id`,`account_id`,`activity_type_id`,`summary`,`description`,`happened_at`,`created_at`,`updated_at`) VALUES
 (2,1,1,'Verjaardag Borre & Joost',NULL,'2025-02-19','2025-02-19 18:52:08','2025-02-19 18:52:09'),
 (1,1,13,'Rondleiding Museum Kasteel Wijchen',NULL,'2025-02-08','2025-02-19 18:50:39','2025-02-19 18:50:40');

INSERT IGNORE INTO `contacts` (`id`,`account_id`,`first_name`,`middle_name`,`last_name`,`nickname`,`gender_id`,`description`,`uuid`,`is_starred`,`is_partial`,`is_active`,`is_dead`,`deceased_special_date_id`,`deceased_reminder_id`,`last_talked_to`,`stay_in_touch_frequency`,`stay_in_touch_trigger_date`,`birthday_special_date_id`,`birthday_reminder_id`,`first_met_through_contact_id`,`first_met_special_date_id`,`first_met_reminder_id`,`first_met_where`,`first_met_additional_info`,`job`,`company`,`food_preferences`,`avatar_source`,`avatar_gravatar_url`,`avatar_adorable_uuid`,`avatar_adorable_url`,`avatar_default_url`,`avatar_photo_id`,`has_avatar`,`avatar_external_url`,`avatar_file_name`,`avatar_location`,`gravatar_url`,`last_consulted_at`,`number_of_views`,`created_at`,`updated_at`,`default_avatar_color`,`has_avatar_bool`) VALUES
 (1,1,'Marieke',NULL,'van de Rakt',NULL,2,NULL,'54f54fcc-53d8-4d09-99d0-2074e2e411e7',0,0,1,0,NULL,NULL,NULL,NULL,NULL,2,2,NULL,NULL,NULL,NULL,NULL,'Partner','Emilia Capital',NULL,'photo',NULL,'e757dea1-bdef-400d-9542-d9ac5fe12b38','200/e757dea1-bdef-400d-9542-d9ac5fe12b38.png','avatars/54f54fcc-53d8-4d09-99d0-2074e2e411e7.jpg?1739978922',1,0,NULL,NULL,'local',NULL,'2026-01-03 10:32:46',29,'2025-02-19 15:28:41','2026-01-03 07:54:28','#e5e5cd',0),
 (2,1,'Ans',NULL,'van de Rakt',NULL,2,NULL,'366fbe7f-6262-4c4a-9525-6f0b9e66ac9b',0,0,1,0,NULL,NULL,NULL,NULL,NULL,3,3,NULL,NULL,NULL,NULL,NULL,NULL,NULL,NULL,'photo',NULL,'03b2aeae-9046-41da-a9a2-e70057759428','200/03b2aeae-9046-41da-a9a2-e70057759428.png','avatars/366fbe7f-6262-4c4a-9525-6f0b9e66ac9b.jpg?1739979042',2,0,NULL,NULL,'local',NULL,'2025-08-31 10:02:42',24,'2025-02-19 15:30:42','2026-01-03 07:54:32','#b3d5fe',0),
 (3,1,'Jan',NULL,'van de Rakt',NULL,1,NULL,'1b34a74c-1211-4b6b-b141-a286118f742b',0,0,1,0,NULL,NULL,NULL,NULL,NULL,4,4,NULL,NULL,NULL,NULL,NULL,NULL,NULL,NULL,'photo',NULL,'de9cd75a-2ca5-4df7-ab83-72f0bcfd7160','200/de9cd75a-2ca5-4df7-ab83-72f0bcfd7160.png','avatars/1b34a74c-1211-4b6b-b141-a286118f742b.jpg?1739979043',3,0,NULL,NULL,'local',NULL,'2025-06-11 12:19:48',16,'2025-02-19 15:30:42','2026-01-03 07:54:32','#fdb660',0),
 (4,1,'Hilde',NULL,'Schellekens',NULL,2,NULL,'ba9a01b4-b370-46a9-a46e-836b128f53f0',0,0,1,0,NULL,NULL,NULL,NULL,NULL,22,20,NULL,NULL,NULL,NULL,NULL,NULL,NULL,NULL,'photo',NULL,'c0f7fc0a-1686-490d-85a9-eae4fb0bc74b','200/c0f7fc0a-1686-490d-85a9-eae4fb0bc74b.png','avatars/ba9a01b4-b370-46a9-a46e-836b128f53f0.jpg?1739979746',5,0,NULL,NULL,'local',NULL,'2025-08-07 12:10:51',14,'2025-02-19 15:42:26','2026-01-03 07:54:29','#fdb660',0),
 (5,1,'Bastiaan',NULL,'van de Rakt',NULL,1,NULL,'3271a8a7-0f6c-4903-9be4-f0ddbbcdff4f',0,0,1,0,NULL,NULL,NULL,NULL,NULL,8,8,NULL,NULL,NULL,NULL,NULL,NULL,'Why Commit',NULL,'photo',NULL,'c560d0ba-41b1-4fc6-80fc-c2f2a89d9b01','200/c560d0ba-41b1-4fc6-80fc-c2f2a89d9b01.png','avatars/3271a8a7-0f6c-4903-9be4-f0ddbbcdff4f.jpg?1739979754',4,0,NULL,NULL,'local',NULL,'2025-06-11 12:18:24',16,'2025-02-19 15:42:34','2026-01-03 07:54:29','#ff9807',0),
 (6,1,'David',NULL,'van de Rakt',NULL,1,NULL,'3633996d-5dbd-475a-89ab-9660c00d7a4a',0,0,1,0,NULL,NULL,NULL,NULL,NULL,5,5,NULL,NULL,NULL,NULL,NULL,NULL,NULL,NULL,'photo',NULL,'32cddb46-72f4-438e-af93-69ed6671a9c7','200/32cddb46-72f4-438e-af93-69ed6671a9c7.png','avatars/3633996d-5dbd-475a-89ab-9660c00d7a4a.jpg?1739979959',14,0,NULL,NULL,'local',NULL,'2025-03-02 14:58:11',11,'2025-02-19 15:45:58','2026-01-03 07:54:29','#bd5067',0),
 (7,1,'Joost',NULL,'de Valk',NULL,1,NULL,'5bce02b0-aa47-4de2-a83b-c64131c5d95f',0,0,1,0,NULL,NULL,NULL,NULL,NULL,12,NULL,NULL,NULL,NULL,NULL,NULL,'Partner','Emilia Capital',NULL,'gravatar','https://secure.gravatar.com/avatar/d3c55d9819af7baab6128ef12d163435.jpg?s=200&d=404&r=g','92e9fc62-a0d8-4b11-a8b1-f7e9d7c9b8ab','200/92e9fc62-a0d8-4b11-a8b1-f7e9d7c9b8ab.png','avatars/5bce02b0-aa47-4de2-a83b-c64131c5d95f.jpg?1739980081',NULL,0,NULL,NULL,'local',NULL,'2025-09-24 11:30:16',23,'2025-02-19 15:47:59','2026-01-03 07:54:32','#b3d5fe',0),
 (8,1,'Tycho',NULL,'de Valk',NULL,1,NULL,'2292af6f-1685-4e97-91bb-b109aff17800',0,0,1,0,NULL,NULL,NULL,NULL,NULL,7,7,NULL,NULL,NULL,NULL,NULL,NULL,NULL,NULL,'default',NULL,'12f9d72a-67dc-4cd1-b21c-3fc5b8fff326','200/12f9d72a-67dc-4cd1-b21c-3fc5b8fff326.png','avatars/2292af6f-1685-4e97-91bb-b109aff17800.jpg?1739980133',NULL,0,NULL,NULL,'local',NULL,'2025-02-19 16:49:07',1,'2025-02-19 15:48:52','2025-02-19 16:49:11','#ff9807',0),
 (9,1,'Tycho',NULL,'de Valk',NULL,3,NULL,'bb3ecbf3-ae46-43d3-869c-d6d0dff7e092',0,0,1,0,NULL,NULL,NULL,NULL,NULL,9,9,NULL,NULL,NULL,NULL,NULL,NULL,'Filius Agency',NULL,'photo',NULL,'878181d5-e54c-44f1-9d61-c21f16142f4f','200/878181d5-e54c-44f1-9d61-c21f16142f4f.png','avatars/bb3ecbf3-ae46-43d3-869c-d6d0dff7e092.jpg?1739983711',6,0,NULL,NULL,'local',NULL,'2025-06-30 11:52:33',16,'2025-02-19 16:48:30','2026-01-03 07:54:32','#5f479a',0),
 (10,1,'Wende',NULL,'de Valk',NULL,2,NULL,'95e7044e-08e0-4362-838d-1a794700118d',0,0,1,0,NULL,NULL,NULL,NULL,NULL,163,175,NULL,NULL,NULL,NULL,NULL,NULL,NULL,NULL,'photo',NULL,'a455d4c1-cb57-4517-b23a-ebdc8ded253e','200/a455d4c1-cb57-4517-b23a-ebdc8ded253e.png','avatars/95e7044e-08e0-4362-838d-1a794700118d.jpg?1739983724',80,0,NULL,NULL,'local',NULL,'2025-10-02 11:09:02',20,'2025-02-19 16:48:44','2026-01-03 07:54:31','#709512',0),
 (11,1,'Ravi',NULL,'de Valk',NULL,1,NULL,'720a6755-f19d-4f0d-af3c-4326167cb2ea',0,0,1,0,NULL,NULL,NULL,NULL,NULL,16,14,NULL,NULL,NULL,NULL,NULL,NULL,NULL,NULL,'photo',NULL,'b8b626ac-1ff6-450d-9a55-8fc57d547683','200/b8b626ac-1ff6-450d-9a55-8fc57d547683.png','avatars/720a6755-f19d-4f0d-af3c-4326167cb2ea.jpg?1739983732',79,0,NULL,NULL,'local',NULL,'2025-10-11 09:51:09',21,'2025-02-19 16:48:52','2026-01-03 07:54:32','#bd5067',0),
 (12,1,'Borre',NULL,'de Valk',NULL,1,NULL,'f8430788-5588-40cc-98c6-49580c31ddb5',0,0,1,0,NULL,NULL,NULL,NULL,NULL,15,13,NULL,NULL,NULL,NULL,NULL,NULL,NULL,NULL,'photo',NULL,'34f64a48-b7ab-4b39-a9d3-6a905a765940','200/34f64a48-b7ab-4b39-a9d3-6a905a765940.png','avatars/f8430788-5588-40cc-98c6-49580c31ddb5.jpg?1739983739',9,0,NULL,NULL,'local',NULL,'2025-06-30 11:50:59',14,'2025-02-19 16:48:59','2026-01-03 07:54:29','#e5e5cd',0),
 (13,1,'Marike',NULL,'de Valk',NULL,2,NULL,'f5299298-3d42-49ab-88b2-387c264dcec0',0,0,1,0,NULL,NULL,NULL,NULL,NULL,19,17,NULL,NULL,NULL,NULL,NULL,'Director/owner','MV Gestalttherapie',NULL,'photo',NULL,'fda98d01-580a-49be-ba16-9e39b97a2126','200/fda98d01-580a-49be-ba16-9e39b97a2126.png','avatars/f5299298-3d42-49ab-88b2-387c264dcec0.jpg?1739984425',12,0,NULL,NULL,'local',NULL,'2025-03-25 10:41:25',16,'2025-02-19 17:00:25','2026-01-03 07:54:32','#bd5067',0),
 (14,1,'Theo',NULL,'de Valk',NULL,1,NULL,'e2375e76-a9b0-44a6-8039-87f4ad197a32',0,0,1,0,NULL,NULL,NULL,NULL,NULL,20,18,NULL,NULL,NULL,NULL,NULL,NULL,NULL,NULL,'photo',NULL,'618c684c-52be-4b2b-b78b-cae00927edaf','200/618c684c-52be-4b2b-b78b-cae00927edaf.png','avatars/e2375e76-a9b0-44a6-8039-87f4ad197a32.jpg?1739984432',13,0,NULL,NULL,'local',NULL,'2025-03-25 09:59:24',20,'2025-02-19 17:00:32','2026-01-03 07:54:29','#e5e5cd',0),
 (15,1,'Thijs',NULL,'de Valk',NULL,3,NULL,'d702956d-ae4f-475d-ac84-3f2404ea7d9c',0,0,1,0,NULL,NULL,NULL,NULL,NULL,17,15,NULL,NULL,NULL,NULL,NULL,NULL,NULL,NULL,'photo',NULL,'cd96f93f-e5fb-4e1c-964f-ddc42cf14260','200/cd96f93f-e5fb-4e1c-964f-ddc42cf14260.png','avatars/d702956d-ae4f-475d-ac84-3f2404ea7d9c.jpg?1739984440',15,0,NULL,NULL,'local',NULL,'2025-03-25 09:54:20',24,'2025-02-19 17:00:38','2026-01-03 07:54:29','#5f479a',0),
 (16,1,'Judith',NULL,'de Valk',NULL,2,NULL,'ae0f53c2-5795-4593-985e-cdc72ca58a53',0,0,1,0,NULL,NULL,NULL,NULL,NULL,21,19,NULL,NULL,NULL,NULL,NULL,NULL,NULL,NULL,'photo',NULL,'6977beec-1e62-460c-9ccf-cdf8c3956c3b','200/6977beec-1e62-460c-9ccf-cdf8c3956c3b.png','avatars/ae0f53c2-5795-4593-985e-cdc72ca58a53.jpg?1739984448',11,0,NULL,NULL,'local',NULL,'2025-09-09 13:21:22',19,'2025-02-19 17:00:47','2026-01-03 07:54:29','#709512',0),
 (17,1,'Rogier',NULL,'de Graaf',NULL,1,NULL,'38d28676-a1fd-4524-9913-11b2610a1740',0,0,1,0,NULL,NULL,NULL,NULL,NULL,29,27,NULL,NULL,NULL,NULL,NULL,NULL,NULL,NULL,'photo',NULL,'9c01cd76-b42b-4cb3-9330-a28cc40c1882','200/9c01cd76-b42b-4cb3-9330-a28cc40c1882.png','avatars/38d28676-a1fd-4524-9913-11b2610a1740.jpg?1739990858',20,0,NULL,NULL,'local',NULL,'2025-08-12 05:55:40',13,'2025-02-19 18:33:40','2026-01-03 07:54:29','#709512',0),
 (18,1,'Floren','Lewis','de Graaf',NULL,1,NULL,'1630904a-1d13-4bd2-8624-616e62e90edb',0,0,1,0,NULL,NULL,NULL,NULL,NULL,28,26,NULL,NULL,NULL,NULL,NULL,NULL,NULL,NULL,'photo',NULL,'a46a2389-31f1-4702-8a05-5257d7c57129','200/a46a2389-31f1-4702-8a05-5257d7c57129.png','avatars/1630904a-1d13-4bd2-8624-616e62e90edb.jpg?1739990610',22,0,NULL,NULL,'local',NULL,'2025-09-09 13:21:42',12,'2025-02-19 18:34:15','2026-01-03 07:54:29','#709512',0),
 (19,1,'Oliver',NULL,'de Graaf',NULL,1,NULL,'46ed61d1-7c2b-471a-8817-e1dc9c84c660',0,0,1,0,NULL,NULL,NULL,NULL,NULL,185,197,NULL,NULL,NULL,NULL,NULL,NULL,NULL,NULL,'photo',NULL,'94bea665-3f00-4d1c-b0a0-cf0410407794','200/94bea665-3f00-4d1c-b0a0-cf0410407794.png','avatars/46ed61d1-7c2b-471a-8817-e1dc9c84c660.jpg?1739990398',21,0,NULL,NULL,'local',NULL,'2025-09-09 13:21:16',15,'2025-02-19 18:39:58','2026-01-03 07:54:29','#e5e5cd',0),
 (20,1,'Nine Mae',NULL,'de Graaf',NULL,2,NULL,'6f3769c1-5b20-49d0-bddd-59459e124516',0,0,1,0,NULL,NULL,NULL,NULL,NULL,35,33,NULL,NULL,NULL,NULL,NULL,NULL,NULL,NULL,'photo',NULL,'ec6a5e42-c283-493b-b986-f79d01088ceb','200/ec6a5e42-c283-493b-b986-f79d01088ceb.png','avatars/6f3769c1-5b20-49d0-bddd-59459e124516.jpg?1739990450',23,0,NULL,NULL,'local',NULL,'2025-03-22 20:18:50',10,'2025-02-19 18:40:49','2026-01-03 07:54:29','#bd5067',0),
 (21,1,'Siem',NULL,'de Valk',NULL,1,NULL,'575e6e9b-7cf7-4f75-a6c8-914229bfc72d',0,0,1,0,NULL,NULL,NULL,NULL,NULL,27,25,NULL,NULL,NULL,NULL,NULL,NULL,NULL,NULL,'photo',NULL,'9c2ef69a-c51d-4605-8e45-12a15f314b7b','200/9c2ef69a-c51d-4605-8e45-12a15f314b7b.png','avatars/575e6e9b-7cf7-4f75-a6c8-914229bfc72d.jpg?1739990556',19,0,NULL,NULL,'local',NULL,'2025-12-06 17:06:56',6,'2025-02-19 18:42:36','2026-01-03 07:54:31','#fdb660',0),
 (22,1,'Jorien',NULL,'de Valk - Barnhoorn',NULL,2,NULL,'44a62b41-5609-453b-8e7f-164f5d35b639',0,0,1,0,NULL,NULL,NULL,NULL,NULL,31,29,NULL,NULL,NULL,NULL,NULL,NULL,NULL,NULL,'photo',NULL,'c4ca15cc-9398-4809-912f-91890922031f','200/c4ca15cc-9398-4809-912f-91890922031f.png','avatars/44a62b41-5609-453b-8e7f-164f5d35b639.jpg?1739991231',18,0,NULL,NULL,'local',NULL,'2025-08-29 18:27:08',18,'2025-02-19 18:53:51','2026-01-03 07:54:29','#5f479a',0),
 (23,1,'Saar',NULL,'de Valk',NULL,2,NULL,'f3cc5a8c-6cd0-4959-acfb-7a27a5e96d98',0,0,1,0,NULL,NULL,NULL,NULL,NULL,34,32,NULL,NULL,NULL,NULL,NULL,NULL,NULL,NULL,'photo',NULL,'8c288ef7-78de-408a-9bb7-7eed7c083029','200/8c288ef7-78de-408a-9bb7-7eed7c083029.png','avatars/f3cc5a8c-6cd0-4959-acfb-7a27a5e96d98.jpg?1739991255',16,0,NULL,NULL,'local',NULL,'2025-03-24 06:56:14',10,'2025-02-19 18:54:14','2026-01-03 07:54:31','#93521e',0),
 (24,1,'Guus',NULL,'de Valk',NULL,1,NULL,'b0370d0b-4f90-49bb-a2d0-6220392d863e',0,0,1,0,NULL,NULL,NULL,NULL,NULL,32,30,NULL,NULL,NULL,NULL,NULL,NULL,NULL,NULL,'default',NULL,'62d4f2b0-cd82-48d7-bb5c-c6b523043777','200/62d4f2b0-cd82-48d7-bb5c-c6b523043777.png','avatars/b0370d0b-4f90-49bb-a2d0-6220392d863e.jpg?1739991339',NULL,0,NULL,NULL,'local',NULL,'2025-08-03 06:46:09',8,'2025-02-19 18:55:39','2026-01-03 07:54:31','#bd5067',0),
 (25,1,'Teun',NULL,'de Valk',NULL,1,NULL,'0aab7047-6b0f-474e-b7dd-a39d4eb74655',0,0,1,0,NULL,NULL,NULL,NULL,NULL,146,158,NULL,NULL,NULL,NULL,NULL,NULL,NULL,NULL,'photo',NULL,'95b72948-b74b-4ab5-a27c-1053269a5da3','200/95b72948-b74b-4ab5-a27c-1053269a5da3.png','avatars/0aab7047-6b0f-474e-b7dd-a39d4eb74655.jpg?1739991380',17,0,NULL,NULL,'local',NULL,'2025-04-10 17:35:18',15,'2025-02-19 18:56:20','2026-01-03 07:54:31','#bd5067',0),
 (26,1,'Martijn',NULL,'Warndorff',NULL,1,NULL,'ce3e1629-1755-430d-b85d-b3d7f9cf3fd6',0,0,1,0,NULL,NULL,NULL,NULL,NULL,36,34,NULL,NULL,NULL,NULL,NULL,NULL,NULL,NULL,'photo',NULL,'ed27d86b-910d-42c9-8f3b-66cd94793275','200/ed27d86b-910d-42c9-8f3b-66cd94793275.png','avatars/ce3e1629-1755-430d-b85d-b3d7f9cf3fd6.jpg?1740382425',24,0,NULL,NULL,'local',NULL,'2025-03-24 06:50:05',12,'2025-02-24 07:33:44','2026-01-03 07:54:29','#b3d5fe',0),
 (27,1,'Taco',NULL,'Verdonschot',NULL,1,NULL,'d791cf13-b82a-4c0f-a09f-b0a1521845be',0,0,1,0,NULL,NULL,NULL,NULL,NULL,63,57,NULL,NULL,NULL,NULL,NULL,NULL,NULL,NULL,'gravatar','https://secure.gravatar.com/avatar/0d7fb63bce29fcf94a856e7ae3913f9d.jpg?s=200&d=404&r=g','607796f2-523b-4825-8e69-7fb8b62fade6','200/607796f2-523b-4825-8e69-7fb8b62fade6.png','avatars/d791cf13-b82a-4c0f-a09f-b0a1521845be.jpg?1740665600',NULL,0,NULL,NULL,'local',NULL,'2025-03-24 06:55:36',16,'2025-02-27 14:13:19','2026-01-03 07:54:29','#b3d5fe',0),
 (28,1,'Patrice',NULL,'de Haan',NULL,1,NULL,'dfe6bd1b-bd29-4982-afd8-51cd89593467',0,0,1,0,NULL,NULL,NULL,NULL,NULL,42,38,NULL,NULL,NULL,NULL,NULL,NULL,NULL,NULL,'photo',NULL,'5185586e-f8d8-4a90-9473-f9e009cbad83','200/5185586e-f8d8-4a90-9473-f9e009cbad83.png','avatars/dfe6bd1b-bd29-4982-afd8-51cd89593467.jpg?1740665614',28,0,NULL,NULL,'local',NULL,'2025-03-25 10:02:49',17,'2025-02-27 14:13:34','2026-01-03 07:54:29','#93521e',0),
 (29,1,'Filip',NULL,'Ilic',NULL,1,NULL,'8a9ef198-09ea-424b-883c-2d70adbb99e2',0,0,1,0,NULL,NULL,NULL,NULL,NULL,40,NULL,NULL,NULL,NULL,NULL,NULL,NULL,NULL,NULL,'photo',NULL,'d96de85f-7bc0-4539-9c95-2c585b64c5c0','200/d96de85f-7bc0-4539-9c95-2c585b64c5c0.png','avatars/8a9ef198-09ea-424b-883c-2d70adbb99e2.jpg?1740666161',30,0,NULL,NULL,'local',NULL,'2025-03-26 12:54:03',8,'2025-02-27 14:22:41','2026-01-03 07:54:29','#709512',0),
 (30,1,'Aristeidis',NULL,'Stathopoulos','Ari',1,NULL,'94a3059d-d1ae-4cb5-b4f0-0f852aaac980',0,0,1,0,NULL,NULL,NULL,NULL,NULL,51,47,NULL,NULL,NULL,NULL,NULL,NULL,NULL,NULL,'photo',NULL,'1efc191d-919c-4ce4-92e7-657a59af7c6a','200/1efc191d-919c-4ce4-92e7-657a59af7c6a.png','avatars/94a3059d-d1ae-4cb5-b4f0-0f852aaac980.jpg?1740667515',29,0,NULL,NULL,'local',NULL,'2025-03-02 14:58:11',8,'2025-02-27 14:22:55','2026-01-03 07:54:29','#bd5067',0),
 (31,1,'Iris',NULL,'Guelen',NULL,2,NULL,'ef3573ff-b6ee-4362-99f9-ee793aef31db',0,0,1,0,NULL,NULL,NULL,NULL,NULL,59,53,NULL,NULL,NULL,NULL,NULL,NULL,NULL,NULL,'gravatar','https://secure.gravatar.com/avatar/821dcebb61ea5ac7a8937258219201d1.jpg?s=200&d=404&r=g','3b2c23bb-12f1-4071-85c0-a89507499907','200/3b2c23bb-12f1-4071-85c0-a89507499907.png','avatars/ef3573ff-b6ee-4362-99f9-ee793aef31db.jpg?1740666190',NULL,0,NULL,NULL,'local',NULL,'2025-08-12 05:54:59',15,'2025-02-27 14:23:08','2026-01-03 07:54:32','#ff9807',0),
 (32,1,'Mijke',NULL,'Peters',NULL,2,NULL,'46b95c25-dc48-4753-83ae-1ee913836f00',0,0,1,0,NULL,NULL,NULL,NULL,NULL,153,165,NULL,NULL,NULL,NULL,NULL,NULL,NULL,NULL,'photo',NULL,'752b2f79-53c6-4a9d-a6e9-038a80a42085','200/752b2f79-53c6-4a9d-a6e9-038a80a42085.png','avatars/46b95c25-dc48-4753-83ae-1ee913836f00.jpg?1740666202',32,0,NULL,NULL,'local',NULL,'2025-10-08 12:44:54',20,'2025-02-27 14:23:21','2026-01-03 07:54:31','#bd5067',0),
 (33,1,'Jono',NULL,'Alderson',NULL,1,NULL,'3fce50cb-af65-48e4-a757-d485787b6bd5',0,0,1,0,NULL,NULL,NULL,NULL,NULL,140,152,NULL,NULL,NULL,NULL,NULL,NULL,NULL,NULL,'gravatar','https://secure.gravatar.com/avatar/beed0f5ca54ae221655b9f30a1f6fe66.jpg?s=200&d=404&r=g','2551a051-ca13-487c-995e-7bd09e1cdde0','200/2551a051-ca13-487c-995e-7bd09e1cdde0.png','avatars/3fce50cb-af65-48e4-a757-d485787b6bd5.jpg?1740666224',NULL,0,NULL,NULL,'local',NULL,'2025-09-21 09:38:52',18,'2025-02-27 14:23:43','2026-01-03 07:54:29','#fdb660',0),
 (34,1,'Sam',NULL,'Alderson',NULL,2,NULL,'a17726bb-c95d-4858-981e-6714a4d3b985',0,0,1,0,NULL,NULL,NULL,NULL,NULL,141,153,NULL,NULL,NULL,NULL,NULL,NULL,NULL,NULL,'gravatar','https://secure.gravatar.com/avatar/aa689d51c24b590fd9469a3dc67cd498.jpg?s=200&d=404&r=g','6bfdf53c-fa7e-4635-852d-fdd4cfb5a539','200/6bfdf53c-fa7e-4635-852d-fdd4cfb5a539.png','avatars/a17726bb-c95d-4858-981e-6714a4d3b985.jpg?1740666249',NULL,0,NULL,NULL,'local',NULL,'2025-09-21 09:38:55',15,'2025-02-27 14:24:09','2026-01-03 07:54:29','#b3d5fe',0),
 (35,1,'Noah',NULL,'Welling',NULL,1,NULL,'427e925d-4879-4eec-ac5d-c3050f108086',0,0,1,0,NULL,NULL,NULL,NULL,NULL,60,54,NULL,NULL,NULL,NULL,NULL,NULL,NULL,NULL,'default',NULL,'9bbc4d85-2597-4ea6-914d-b0de6e0c18ef','200/9bbc4d85-2597-4ea6-914d-b0de6e0c18ef.png','avatars/427e925d-4879-4eec-ac5d-c3050f108086.jpg?1740668524',NULL,0,NULL,NULL,'local',NULL,'2025-08-12 05:55:06',5,'2025-02-27 14:26:44','2026-01-03 07:54:32','#ff9807',0),
 (36,1,'Alex',NULL,'Schultz',NULL,1,NULL,'2a2122df-1d83-46ed-abe6-aeee8ef6e73d',0,0,1,0,NULL,NULL,NULL,NULL,NULL,191,203,NULL,NULL,NULL,NULL,NULL,NULL,NULL,NULL,'photo',NULL,'566aa9fd-90e5-4027-a449-ed065ad26b7a','200/566aa9fd-90e5-4027-a449-ed065ad26b7a.png','avatars/2a2122df-1d83-46ed-abe6-aeee8ef6e73d.jpg?1740666688',27,0,NULL,NULL,'local',NULL,'2025-09-24 11:30:08',12,'2025-02-27 14:31:28','2026-01-03 07:54:29','#fdb660',0),
 (37,1,'Omar','Milan','Reiss',NULL,1,NULL,'4316b6ea-466d-4292-8584-a2db4b6cf670',0,0,1,0,NULL,NULL,NULL,NULL,NULL,53,49,NULL,NULL,NULL,NULL,NULL,NULL,NULL,NULL,'photo','https://secure.gravatar.com/avatar/4b8298b6d0fbf138c54171543838da63.jpg?s=200&d=404&r=g','16ffde19-940b-4367-b40d-d4ab5948bb46','200/16ffde19-940b-4367-b40d-d4ab5948bb46.png','avatars/4316b6ea-466d-4292-8584-a2db4b6cf670.jpg?1740666826',25,0,NULL,NULL,'local',NULL,'2025-10-27 07:34:00',21,'2025-02-27 14:33:46','2026-01-03 07:54:29','#e5e5cd',0),
 (38,1,'Sharon',NULL,'Shmuely',NULL,2,NULL,'3b90b46b-f51b-4c9e-858c-9045277703a1',0,0,1,0,NULL,NULL,NULL,NULL,NULL,46,42,NULL,NULL,NULL,NULL,NULL,NULL,NULL,NULL,'photo',NULL,'daf70f23-d999-4ed2-8d38-7a171dd0021b','200/daf70f23-d999-4ed2-8d38-7a171dd0021b.png','avatars/3b90b46b-f51b-4c9e-858c-9045277703a1.jpg?1740666935',26,0,NULL,NULL,'local',NULL,'2025-03-25 09:55:58',11,'2025-02-27 14:35:35','2026-01-03 07:54:29','#b3d5fe',0),
 (39,1,'Annika',NULL,'Reiss',NULL,2,NULL,'9933ef21-8f0a-4477-9b08-40eded9e2e83',0,0,1,0,NULL,NULL,NULL,NULL,NULL,47,43,NULL,NULL,NULL,NULL,NULL,NULL,NULL,NULL,'default',NULL,'8cf3dcc8-5f7d-4658-8348-15c6b037c436','200/8cf3dcc8-5f7d-4658-8348-15c6b037c436.png','avatars/9933ef21-8f0a-4477-9b08-40eded9e2e83.jpg?1740666983',NULL,0,NULL,NULL,'local',NULL,'2025-08-12 05:54:13',4,'2025-02-27 14:36:23','2026-01-03 07:54:29','#ff9807',0),
 (40,1,'Leah',NULL,'Reiss',NULL,2,NULL,'2880101a-205b-4875-a8f5-64ff05568380',0,0,1,0,NULL,NULL,NULL,NULL,NULL,50,46,NULL,NULL,NULL,NULL,NULL,NULL,NULL,NULL,'default',NULL,'15c391ad-6ce6-427d-a9af-0269d57b864d','200/15c391ad-6ce6-427d-a9af-0269d57b864d.png','avatars/2880101a-205b-4875-a8f5-64ff05568380.jpg?1740667019',NULL,0,NULL,NULL,'local',NULL,'2025-10-25 17:23:29',7,'2025-02-27 14:36:59','2026-01-03 07:54:29','#bd5067',0),
 (41,1,'Dorien',NULL,'Reiss',NULL,2,NULL,'9f5c8ac5-ee32-4c2f-b02d-e27a33d4295d',0,0,1,0,NULL,NULL,NULL,NULL,NULL,49,45,NULL,NULL,NULL,NULL,NULL,NULL,NULL,NULL,'default',NULL,'3cbe223e-ffe0-493c-85c1-dc5c639eae90','200/3cbe223e-ffe0-493c-85c1-dc5c639eae90.png','avatars/9f5c8ac5-ee32-4c2f-b02d-e27a33d4295d.jpg?1740667244',NULL,0,NULL,NULL,'local',NULL,'2025-10-25 19:24:18',7,'2025-02-27 14:40:44','2026-01-03 07:54:29','#bd5067',0),
 (42,1,'Chris',NULL,'van Leth',NULL,2,NULL,'e4fe2795-1844-4782-88a8-f506ac866df4',0,0,1,0,NULL,NULL,NULL,NULL,NULL,62,56,NULL,NULL,NULL,NULL,NULL,NULL,NULL,NULL,'gravatar','https://secure.gravatar.com/avatar/69026bdbc298fc4b274fcc77e9ba3827.jpg?s=200&d=404&r=g','5257f743-d8bb-4c80-8572-4125fcda3b78','200/5257f743-d8bb-4c80-8572-4125fcda3b78.png','avatars/e4fe2795-1844-4782-88a8-f506ac866df4.jpg?1740667589',NULL,0,NULL,NULL,'local',NULL,'2026-01-03 10:30:05',14,'2025-02-27 14:46:28','2026-01-03 07:54:29','#bd5067',0),
 (43,1,'Brenda',NULL,'van Leth',NULL,2,NULL,'f88a7202-d1ce-4af6-9033-aa841b651404',0,0,1,0,NULL,NULL,NULL,NULL,NULL,52,48,NULL,NULL,NULL,NULL,NULL,NULL,NULL,NULL,'photo',NULL,'eb36f37f-37db-4dae-b7e2-27e7fb31b37e','200/eb36f37f-37db-4dae-b7e2-27e7fb31b37e.png','avatars/f88a7202-d1ce-4af6-9033-aa841b651404.jpg?1740667736',31,0,NULL,NULL,'local',NULL,'2025-03-02 14:58:11',5,'2025-02-27 14:48:55','2026-01-03 07:54:29','#ff9807',0),
 (44,1,'Erwin',NULL,'Brouwer',NULL,1,NULL,'bf3a9dac-f9c5-440d-a7b5-672e5a7442bb',0,0,1,0,NULL,NULL,NULL,NULL,NULL,61,55,NULL,NULL,NULL,NULL,NULL,NULL,NULL,NULL,'photo',NULL,'078827ee-5692-4dab-b271-81eac954050e','200/078827ee-5692-4dab-b271-81eac954050e.png','avatars/bf3a9dac-f9c5-440d-a7b5-672e5a7442bb.jpg?1740668714',58,0,NULL,NULL,'local',NULL,'2025-04-14 08:39:39',6,'2025-02-27 15:05:14','2026-01-03 07:54:29','#709512',0),
 (45,1,'Fay',NULL,'Verdonschot - van der Geest',NULL,2,NULL,'0413d153-5251-451d-a1ed-e5e0c59d21ff',0,0,1,0,NULL,NULL,NULL,NULL,NULL,64,58,NULL,NULL,NULL,NULL,NULL,NULL,NULL,NULL,'photo',NULL,'2934646a-2d28-47a4-8d5a-6c7fc151f6dd','200/2934646a-2d28-47a4-8d5a-6c7fc151f6dd.png','avatars/0413d153-5251-451d-a1ed-e5e0c59d21ff.jpg?1740668941',34,0,NULL,NULL,'local',NULL,'2025-03-02 14:58:11',7,'2025-02-27 15:09:01','2026-01-03 07:54:29','#ff9807',0),
 (46,1,'Lise',NULL,'Verdonschot',NULL,2,NULL,'85b5a8e1-4411-4574-b4b6-09c79ceb5966',0,0,1,0,NULL,NULL,NULL,NULL,NULL,65,59,NULL,NULL,NULL,NULL,NULL,NULL,NULL,NULL,'default',NULL,'1ee093ad-6672-4a25-8429-bb583033db4e','200/1ee093ad-6672-4a25-8429-bb583033db4e.png','avatars/85b5a8e1-4411-4574-b4b6-09c79ceb5966.jpg?1740669139',NULL,0,NULL,NULL,'local',NULL,'2025-03-02 14:58:11',2,'2025-02-27 15:12:18','2026-01-03 07:54:29','#b3d5fe',0),
 (47,1,'Pippa','Sophie','Verdonschot',NULL,2,NULL,'2b3872ff-39d4-486f-9a38-c4eb8a6c7a9c',0,0,1,0,NULL,NULL,NULL,NULL,NULL,67,61,NULL,NULL,NULL,NULL,NULL,NULL,NULL,NULL,'default',NULL,'46bfa8db-6571-47f1-86f3-e89a8bef84a7','200/46bfa8db-6571-47f1-86f3-e89a8bef84a7.png','avatars/2b3872ff-39d4-486f-9a38-c4eb8a6c7a9c.jpg?1740669290',NULL,0,NULL,NULL,'local',NULL,'2025-03-02 14:58:11',4,'2025-02-27 15:14:39','2026-01-03 07:54:29','#709512',0),
 (48,1,'Luuk',NULL,'Brouwer',NULL,1,NULL,'3f8290ce-ce2d-4ba4-ad4b-14b43d3310c2',0,0,1,0,NULL,NULL,NULL,NULL,NULL,69,63,NULL,NULL,NULL,NULL,NULL,NULL,NULL,NULL,'photo',NULL,'30afa841-b3ca-4f1c-899c-4b01657c7b8c','200/30afa841-b3ca-4f1c-899c-4b01657c7b8c.png','avatars/3f8290ce-ce2d-4ba4-ad4b-14b43d3310c2.jpg?1740669486',35,0,NULL,NULL,'local',NULL,'2025-04-14 08:40:30',11,'2025-02-27 15:18:05','2026-01-03 07:54:29','#709512',0),
 (49,1,'Helen',NULL,'Rikken',NULL,2,NULL,'1f35a36d-0e76-4aeb-adbc-cb7664d033b2',0,0,1,0,NULL,NULL,NULL,NULL,NULL,70,64,NULL,NULL,NULL,NULL,NULL,NULL,NULL,NULL,'default',NULL,'e7828d0a-d777-4de1-a1ab-6cdea36a8139','200/e7828d0a-d777-4de1-a1ab-6cdea36a8139.png','avatars/1f35a36d-0e76-4aeb-adbc-cb7664d033b2.jpg?1740669697',NULL,0,NULL,NULL,'local',NULL,'2025-03-02 14:58:11',4,'2025-02-27 15:21:36','2026-01-03 07:54:29','#fdb660',0),
 (50,1,'Yves',NULL,'de Haan',NULL,1,NULL,'fd015391-2f59-4137-8049-157694e11352',0,0,1,0,NULL,NULL,NULL,NULL,NULL,73,66,NULL,NULL,NULL,NULL,NULL,NULL,NULL,NULL,'default',NULL,'62bf320d-c654-4f08-a83c-6693028b822d','200/62bf320d-c654-4f08-a83c-6693028b822d.png','avatars/fd015391-2f59-4137-8049-157694e11352.jpg?1740669792',NULL,0,NULL,NULL,'local',NULL,'2025-03-02 14:58:11',5,'2025-02-27 15:23:12','2026-01-03 07:54:29','#5f479a',0),
 (51,1,'Liv',NULL,'de Haan',NULL,2,NULL,'2bb93485-cb8f-4b9a-a58b-f3e32a534988',0,0,1,0,NULL,NULL,NULL,NULL,NULL,71,65,NULL,NULL,NULL,NULL,NULL,NULL,NULL,NULL,'photo',NULL,'e5edbae4-b694-4d45-964b-95fb6cef3cc9','200/e5edbae4-b694-4d45-964b-95fb6cef3cc9.png','avatars/2bb93485-cb8f-4b9a-a58b-f3e32a534988.jpg?1740669857',36,0,NULL,NULL,'local',NULL,'2025-03-02 14:58:11',6,'2025-02-27 15:24:17','2026-01-03 07:54:29','#e5e5cd',0),
 (52,1,'Maike',NULL,'Boeijen',NULL,2,NULL,'3adc2f89-2150-494a-92d3-c8a56e6b7a1b',0,0,1,0,NULL,NULL,NULL,NULL,NULL,74,67,NULL,NULL,NULL,NULL,NULL,NULL,NULL,NULL,'photo',NULL,'3645cf3b-1960-4dad-92a7-095e7ebbaea5','200/3645cf3b-1960-4dad-92a7-095e7ebbaea5.png','avatars/3adc2f89-2150-494a-92d3-c8a56e6b7a1b.jpg?1740670778',37,0,NULL,NULL,'local',NULL,'2025-03-25 10:52:11',6,'2025-02-27 15:39:37','2026-01-03 07:54:29','#93521e',0),
 (53,1,'Elfi',NULL,'Derksen',NULL,2,NULL,'2ef4aeeb-01c8-435d-9f7c-13c23c8719ac',0,0,1,0,NULL,NULL,NULL,NULL,NULL,75,68,NULL,NULL,NULL,NULL,NULL,NULL,NULL,NULL,'photo',NULL,'f435c22a-4342-4d2a-b0fe-c17a58ea2f51','200/f435c22a-4342-4d2a-b0fe-c17a58ea2f51.png','avatars/2ef4aeeb-01c8-435d-9f7c-13c23c8719ac.jpg?1740732662',38,0,NULL,NULL,'local',NULL,'2025-12-26 19:32:01',11,'2025-02-28 08:51:02','2026-01-03 07:54:29','#e5e5cd',0),
 (54,1,'Richard',NULL,'Theuws',NULL,1,NULL,'12102f9a-a21f-4272-a36c-272a07729c7f',0,0,1,0,NULL,NULL,NULL,NULL,NULL,78,71,NULL,NULL,NULL,NULL,NULL,NULL,NULL,NULL,'gravatar','https://secure.gravatar.com/avatar/baa4bdbd2ab75c1de4d5841f61f7379d.jpg?s=200&d=404&r=g','cc54bad4-60d0-469f-89ca-19b4d5a8b6f5','200/cc54bad4-60d0-469f-89ca-19b4d5a8b6f5.png','avatars/12102f9a-a21f-4272-a36c-272a07729c7f.jpg?1740733253',NULL,0,NULL,NULL,'local',NULL,'2025-09-28 16:07:19',21,'2025-02-28 09:00:52','2026-01-03 07:54:32','#fdb660',0),
 (55,1,'David',NULL,'Brinks',NULL,1,NULL,'18829883-0bb8-4735-879d-695d0a622e3c',0,0,1,0,NULL,NULL,NULL,NULL,NULL,116,109,NULL,NULL,NULL,NULL,NULL,NULL,NULL,NULL,'gravatar','https://secure.gravatar.com/avatar/c5dee2e8d37eb0a8c01d5737ca0a5075.jpg?s=200&d=404&r=g','fad1ece0-c7f1-4296-81d3-b96a5c87bc6e','200/fad1ece0-c7f1-4296-81d3-b96a5c87bc6e.png','avatars/18829883-0bb8-4735-879d-695d0a622e3c.jpg?1740733294',NULL,0,NULL,NULL,'local',NULL,'2025-04-13 19:43:39',10,'2025-02-28 09:01:33','2026-01-03 07:54:31','#b3d5fe',0),
 (56,1,'Roy',NULL,'Huiskes',NULL,1,NULL,'348e3dd8-8556-4dfa-9161-baefd1a07338',0,0,1,0,NULL,NULL,NULL,NULL,NULL,82,75,NULL,NULL,NULL,NULL,NULL,NULL,NULL,NULL,'gravatar','https://secure.gravatar.com/avatar/1a2c87eac583dae05a1ce2cd92825897.jpg?s=200&d=404&r=g','496823c1-74f2-43aa-b1ad-c0cec1ce9e49','200/496823c1-74f2-43aa-b1ad-c0cec1ce9e49.png','avatars/348e3dd8-8556-4dfa-9161-baefd1a07338.jpg?1740733304',NULL,0,NULL,NULL,'local',NULL,'2025-05-14 08:22:15',14,'2025-02-28 09:01:44','2026-01-03 07:54:29','#709512',0),
 (57,1,'Arjan',NULL,'Snaterse',NULL,1,NULL,'4e683c65-3254-4138-8dca-41b05a699744',0,0,1,0,NULL,NULL,NULL,NULL,NULL,84,77,NULL,NULL,NULL,NULL,NULL,NULL,NULL,NULL,'gravatar','https://secure.gravatar.com/avatar/5227d06078d7f0055ce47f60d8ef30a4.jpg?s=200&d=404&r=g','006714b3-0cd9-4b27-9147-717170daef55','200/006714b3-0cd9-4b27-9147-717170daef55.png','avatars/4e683c65-3254-4138-8dca-41b05a699744.jpg?1740733338',NULL,0,NULL,NULL,'local',NULL,'2025-03-25 10:00:43',10,'2025-02-28 09:02:17','2026-01-03 07:54:31','#b3d5fe',0),
 (58,1,'Sander',NULL,'Tamaëla',NULL,1,NULL,'fcbcda5b-2c45-464c-8de6-46a81e176ad7',0,0,1,0,NULL,NULL,NULL,NULL,NULL,77,70,NULL,NULL,NULL,NULL,NULL,NULL,NULL,NULL,'photo',NULL,'72ce3c71-bc89-468f-92e0-cb231cf25e7f','200/72ce3c71-bc89-468f-92e0-cb231cf25e7f.png','avatars/fcbcda5b-2c45-464c-8de6-46a81e176ad7.jpg?1740733518',39,0,NULL,NULL,'local',NULL,'2025-03-27 07:56:14',17,'2025-02-28 09:02:53','2026-01-03 07:54:29','#b3d5fe',0),
 (59,1,'Janske',NULL,'Tamaëla - Damen',NULL,2,NULL,'cc70c77f-4409-48ef-af1a-3eb57e2afb7a',0,0,1,0,NULL,NULL,NULL,NULL,NULL,NULL,NULL,NULL,NULL,NULL,NULL,NULL,NULL,NULL,NULL,'photo',NULL,'a3a965d1-bf6b-4198-b3f4-a6ddf6ef72c9','200/a3a965d1-bf6b-4198-b3f4-a6ddf6ef72c9.png','avatars/cc70c77f-4409-48ef-af1a-3eb57e2afb7a.jpg?1740733461',52,0,NULL,NULL,'local',NULL,'2025-03-04 16:10:54',4,'2025-02-28 09:04:21','2025-03-22 19:46:16','#fdb660',0),
 (60,1,'Sharon',NULL,'Theuws',NULL,2,NULL,'cad9368d-3558-4a6f-857c-12db5330333e',0,0,1,1,81,74,NULL,NULL,NULL,80,73,NULL,NULL,NULL,NULL,NULL,NULL,NULL,NULL,'photo',NULL,'421ef8e8-8a00-45d6-8113-d13ea02fe63e','200/421ef8e8-8a00-45d6-8113-d13ea02fe63e.png','avatars/cad9368d-3558-4a6f-857c-12db5330333e.jpg?1740733670',40,0,NULL,NULL,'local',NULL,'2025-03-22 20:19:03',7,'2025-02-28 09:07:50','2026-01-03 07:54:29','#bd5067',0),
 (61,1,'Yvonne',NULL,'Oude Luttikhuis',NULL,2,NULL,'0c31da8c-e341-4ed3-876b-f50f460a2e2a',0,0,1,0,NULL,NULL,NULL,NULL,NULL,83,76,NULL,NULL,NULL,NULL,NULL,NULL,NULL,NULL,'photo',NULL,'b9b61252-11b9-4755-9fe7-7aa0abe9f714','200/b9b61252-11b9-4755-9fe7-7aa0abe9f714.png','avatars/0c31da8c-e341-4ed3-876b-f50f460a2e2a.jpg?1740733909',41,0,NULL,NULL,'local',NULL,'2025-05-14 08:22:01',7,'2025-02-28 09:11:48','2026-01-03 07:54:29','#ff9807',0),
 (62,1,'Carolien',NULL,'Snaterse',NULL,2,NULL,'1a168e62-fba2-4c32-9bd3-f6964638696c',0,0,1,0,NULL,NULL,NULL,NULL,NULL,85,78,NULL,NULL,NULL,NULL,NULL,NULL,NULL,NULL,'photo',NULL,'9152785c-e706-4db0-8797-c67c1e35e3fc','200/9152785c-e706-4db0-8797-c67c1e35e3fc.png','avatars/1a168e62-fba2-4c32-9bd3-f6964638696c.jpg?1740734031',42,0,NULL,NULL,'local',NULL,'2025-05-14 08:17:05',7,'2025-02-28 09:13:51','2026-01-03 07:54:31','#5f479a',0),
 (63,1,'Xander',NULL,'Notté',NULL,1,NULL,'56a4a020-4316-4bc5-8a24-22abb4262b3f',0,0,1,0,NULL,NULL,NULL,NULL,NULL,87,80,NULL,NULL,NULL,NULL,NULL,NULL,NULL,NULL,'photo',NULL,'9f86ffe1-601d-43e3-8bf2-dfa5773c2957','200/9f86ffe1-601d-43e3-8bf2-dfa5773c2957.png','avatars/56a4a020-4316-4bc5-8a24-22abb4262b3f.jpg?1740734203',43,0,NULL,NULL,'local',NULL,'2025-04-20 07:46:35',10,'2025-02-28 09:16:42','2026-01-03 07:54:29','#fdb660',0),
 (64,1,'Eden',NULL,'Notté',NULL,1,NULL,'ec508e43-297a-416c-be9e-6b0addd73968',0,0,1,0,NULL,NULL,NULL,NULL,NULL,86,79,NULL,NULL,NULL,NULL,NULL,NULL,NULL,NULL,'default',NULL,'598445f7-520a-46bf-a3fe-ea18c89ce74c','200/598445f7-520a-46bf-a3fe-ea18c89ce74c.png','avatars/ec508e43-297a-416c-be9e-6b0addd73968.jpg?1740734281',NULL,0,NULL,NULL,'local',NULL,'2025-08-12 05:53:38',5,'2025-02-28 09:18:01','2026-01-03 07:54:29','#e5e5cd',0),
 (65,1,'Noah',NULL,'Notté',NULL,1,NULL,'f22a91bc-508a-4de5-9a58-4d0e345648fd',0,0,1,0,NULL,NULL,NULL,NULL,NULL,88,81,NULL,NULL,NULL,NULL,NULL,NULL,NULL,NULL,'default',NULL,'ca261ba2-a693-4029-b636-ac9fbbc5b1f7','200/ca261ba2-a693-4029-b636-ac9fbbc5b1f7.png','avatars/f22a91bc-508a-4de5-9a58-4d0e345648fd.jpg?1740734417',NULL,0,NULL,NULL,'local',NULL,'2025-02-28 09:27:40',6,'2025-02-28 09:20:16','2026-01-03 07:54:29','#e5e5cd',0),
 (66,1,'Janneke',NULL,'Thijssen',NULL,2,NULL,'b7e23b95-4f9d-48d0-8621-efeef7bbeb51',0,0,1,0,NULL,NULL,NULL,NULL,NULL,96,89,NULL,NULL,NULL,NULL,NULL,NULL,NULL,NULL,'photo',NULL,'86290549-5dee-4deb-9b52-bb9086ff0a47','200/86290549-5dee-4deb-9b52-bb9086ff0a47.png','avatars/b7e23b95-4f9d-48d0-8621-efeef7bbeb51.jpg?1740734812',44,0,NULL,NULL,'local',NULL,'2025-08-07 17:03:38',6,'2025-02-28 09:26:51','2026-01-03 07:54:29','#fdb660',0),
 (67,1,'Brent',NULL,'Huiskes',NULL,1,NULL,'c3a45f03-317f-4389-bee9-17eb6c237bc4',0,0,1,0,NULL,NULL,NULL,NULL,NULL,89,82,NULL,NULL,NULL,NULL,NULL,NULL,NULL,NULL,'default',NULL,'745e5d72-3d4f-409f-bad3-707ee383c006','200/745e5d72-3d4f-409f-bad3-707ee383c006.png','avatars/c3a45f03-317f-4389-bee9-17eb6c237bc4.jpg?1740735891',NULL,0,NULL,NULL,'local',NULL,'2025-05-14 08:22:36',4,'2025-02-28 09:44:50','2026-01-03 07:54:31','#bd5067',0),
 (68,1,'Loek',NULL,'Huiskes',NULL,1,NULL,'a2a37c2e-58e7-4158-86f0-1db1bcf374dc',0,0,1,0,NULL,NULL,NULL,NULL,NULL,90,83,NULL,NULL,NULL,NULL,NULL,NULL,NULL,NULL,'default',NULL,'a94d09ac-3534-4ad8-a8ae-acf444a89ada','200/a94d09ac-3534-4ad8-a8ae-acf444a89ada.png','avatars/a2a37c2e-58e7-4158-86f0-1db1bcf374dc.jpg?1740735952',NULL,0,NULL,NULL,'local',NULL,'2025-08-29 18:33:26',4,'2025-02-28 09:45:52','2026-01-03 07:54:31','#709512',0),
 (69,1,'Sara',NULL,'Theuws',NULL,2,NULL,'906bd14a-8053-45af-86f3-3d7c03c7fc34',0,0,1,0,NULL,NULL,NULL,NULL,NULL,91,84,NULL,NULL,NULL,NULL,NULL,NULL,NULL,NULL,'default',NULL,'9a6b69e2-cffb-484c-86aa-d35ddbc8d2ba','200/9a6b69e2-cffb-484c-86aa-d35ddbc8d2ba.png','avatars/906bd14a-8053-45af-86f3-3d7c03c7fc34.jpg?1740736023',NULL,0,NULL,NULL,'local',NULL,'2025-03-27 07:18:16',2,'2025-02-28 09:47:03','2026-01-03 07:54:29','#bd5067',0),
 (70,1,'Jack',NULL,'Theuws',NULL,1,NULL,'6469c852-311f-4e6c-9fea-6177443a43e3',0,0,1,0,NULL,NULL,NULL,NULL,NULL,139,148,NULL,NULL,NULL,NULL,NULL,NULL,NULL,NULL,'default',NULL,'3cf47657-89de-453a-b8ef-575626d81f17','200/3cf47657-89de-453a-b8ef-575626d81f17.png','avatars/6469c852-311f-4e6c-9fea-6177443a43e3.jpg?1740736048',NULL,0,NULL,NULL,'local',NULL,'2025-03-27 07:18:28',14,'2025-02-28 09:47:28','2026-01-03 07:54:29','#5f479a',0),
 (71,1,'Roos',NULL,'Tamaëla',NULL,2,NULL,'8aa1f678-901b-457c-914e-803ba55289af',0,0,1,0,NULL,NULL,NULL,NULL,NULL,113,106,NULL,NULL,NULL,NULL,NULL,NULL,NULL,NULL,'default',NULL,'b2d9949a-25ae-42db-af6f-56eff4a6fd90','200/b2d9949a-25ae-42db-af6f-56eff4a6fd90.png','avatars/8aa1f678-901b-457c-914e-803ba55289af.jpg?1740736159',NULL,0,NULL,NULL,'local',NULL,'2025-03-22 19:44:49',4,'2025-02-28 09:49:19','2026-01-03 07:54:29','#709512',0),
 (72,1,'Cynthia',NULL,'de Vries',NULL,2,NULL,'37bf993f-b522-421e-a8a6-ddce8f20c36f',0,0,1,0,NULL,NULL,NULL,NULL,NULL,94,87,NULL,NULL,NULL,NULL,NULL,NULL,NULL,NULL,'default',NULL,'3a3398c9-3fab-463b-9136-00e072fd70f5','200/3a3398c9-3fab-463b-9136-00e072fd70f5.png','avatars/37bf993f-b522-421e-a8a6-ddce8f20c36f.jpg?1740736312',NULL,0,NULL,NULL,'local',NULL,'2025-02-28 09:52:02',2,'2025-02-28 09:51:51','2026-01-03 07:54:29','#fdb660',0),
 (73,1,'Guido',NULL,'Ronnes',NULL,1,NULL,'021d980f-a250-4824-bd7b-cb065634ce16',0,0,1,0,NULL,NULL,NULL,NULL,NULL,99,92,NULL,NULL,NULL,NULL,NULL,NULL,NULL,NULL,'photo',NULL,'3dc34f75-afd4-4273-b82c-209ba0831e95','200/3dc34f75-afd4-4273-b82c-209ba0831e95.png','avatars/021d980f-a250-4824-bd7b-cb065634ce16.jpg?1740858877',49,0,NULL,NULL,'local',NULL,'2025-03-01 20:09:54',5,'2025-03-01 19:54:36','2026-01-03 07:54:29','#bd5067',0),
 (74,1,'Hans',NULL,'Velvis',NULL,1,NULL,'17048353-646a-449d-9301-799c2dbfa896',0,0,1,0,NULL,NULL,NULL,NULL,NULL,98,91,NULL,NULL,NULL,NULL,NULL,NULL,NULL,NULL,'photo',NULL,'57df63ef-fe56-4a72-99b8-2cfd52e9f9b4','200/57df63ef-fe56-4a72-99b8-2cfd52e9f9b4.png','avatars/17048353-646a-449d-9301-799c2dbfa896.jpg?1740858892',46,0,NULL,NULL,'local',NULL,'2025-09-09 11:09:36',6,'2025-03-01 19:54:51','2026-01-03 07:54:29','#709512',0),
 (75,1,'Jeroen',NULL,'Pots',NULL,1,NULL,'2399f251-c936-4e0e-a749-3ab86de112d5',0,0,1,0,NULL,NULL,NULL,NULL,NULL,97,90,NULL,NULL,NULL,NULL,NULL,NULL,NULL,NULL,'photo',NULL,'95d6dc63-c9a3-499c-b51b-d37e1702cec8','200/95d6dc63-c9a3-499c-b51b-d37e1702cec8.png','avatars/2399f251-c936-4e0e-a749-3ab86de112d5.jpg?1740858909',45,0,NULL,NULL,'local',NULL,'2025-08-29 18:33:51',9,'2025-03-01 19:55:07','2026-01-03 07:54:29','#93521e',0),
 (76,1,'Guus',NULL,'van Schijndel',NULL,1,NULL,'e4c177fb-ed42-4d11-944a-d7907e7e028c',0,0,1,0,NULL,NULL,NULL,NULL,NULL,101,94,NULL,NULL,NULL,NULL,NULL,NULL,NULL,NULL,'photo',NULL,'86b1c042-3c57-4f4f-aa10-50b0f9067e45','200/86b1c042-3c57-4f4f-aa10-50b0f9067e45.png','avatars/e4c177fb-ed42-4d11-944a-d7907e7e028c.jpg?1740858919',47,0,NULL,NULL,'local',NULL,'2025-03-01 20:07:19',4,'2025-03-01 19:55:19','2026-01-03 07:54:29','#bd5067',0),
 (77,1,'Jos',NULL,'van Beek',NULL,1,NULL,'33d3e4f9-f243-4dc2-8383-56790924e759',0,0,1,0,NULL,NULL,NULL,NULL,NULL,100,93,NULL,NULL,NULL,NULL,NULL,NULL,NULL,NULL,'photo',NULL,'1baa28b4-5512-44e2-b60e-2e01158dae5e','200/1baa28b4-5512-44e2-b60e-2e01158dae5e.png','avatars/33d3e4f9-f243-4dc2-8383-56790924e759.jpg?1740858950',48,0,NULL,NULL,'local',NULL,'2025-03-01 20:08:10',6,'2025-03-01 19:55:50','2026-01-03 07:54:29','#bd5067',0),
 (78,1,'Luke','Reid','Battaglia',NULL,1,NULL,'dc9ff011-865b-4039-aac3-360ea2116520',0,0,1,0,NULL,NULL,NULL,NULL,NULL,102,95,NULL,NULL,NULL,NULL,NULL,NULL,NULL,NULL,'photo',NULL,'ed60e622-d42c-4d88-a38b-0cb68d6f57c2','200/ed60e622-d42c-4d88-a38b-0cb68d6f57c2.png','avatars/dc9ff011-865b-4039-aac3-360ea2116520.jpg?1741103982',50,0,NULL,NULL,'local',NULL,'2025-07-25 07:56:54',7,'2025-03-04 15:59:41','2026-01-03 07:54:29','#ff9807',0),
 (79,1,'Brunella',NULL,'da San Martino',NULL,2,NULL,'80e6d1a0-4d49-4d27-8601-ee092476845a',0,0,1,0,NULL,NULL,NULL,NULL,NULL,103,96,NULL,NULL,NULL,NULL,NULL,NULL,NULL,NULL,'photo',NULL,'c3f50828-f2f8-4a1a-b3ec-bd559da583cc','200/c3f50828-f2f8-4a1a-b3ec-bd559da583cc.png','avatars/80e6d1a0-4d49-4d27-8601-ee092476845a.jpg?1741104058',51,0,NULL,NULL,'local',NULL,'2025-07-25 07:57:05',5,'2025-03-04 16:00:58','2026-01-03 07:54:29','#b3d5fe',0),
 (80,1,'Oliver',NULL,'Sild',NULL,1,NULL,'ab4d8d31-1a6d-4d8a-8121-9414f837806b',0,0,1,0,NULL,NULL,NULL,NULL,NULL,NULL,NULL,NULL,NULL,NULL,NULL,NULL,NULL,NULL,NULL,'photo','https://secure.gravatar.com/avatar/a2cfa27f4a3dc447fe395a64483f7911.jpg?s=200&d=404&r=g','f0b1e8df-cd43-4f79-8d9c-f82b73a6ad7e','200/f0b1e8df-cd43-4f79-8d9c-f82b73a6ad7e.png','avatars/ab4d8d31-1a6d-4d8a-8121-9414f837806b.jpg?1741509244',53,0,NULL,NULL,'local',NULL,'2025-03-09 08:45:32',8,'2025-03-09 08:34:03','2026-01-03 07:54:29','#bd5067',0),
 (81,1,'Agnes',NULL,'Sild',NULL,2,NULL,'2b96dd1a-0658-46d5-a142-789bdc328168',0,0,1,0,NULL,NULL,NULL,NULL,NULL,NULL,NULL,NULL,NULL,NULL,NULL,NULL,NULL,NULL,NULL,'photo',NULL,'4549216f-36e6-4d7f-8000-21c3197231f6','200/4549216f-36e6-4d7f-8000-21c3197231f6.png','avatars/2b96dd1a-0658-46d5-a142-789bdc328168.jpg?1741509395',54,0,NULL,NULL,'local',NULL,'2025-03-09 08:45:30',3,'2025-03-09 08:36:35','2025-03-22 18:55:55','#ff9807',0),
 (82,1,'Vesse',NULL,'Sild',NULL,1,NULL,'175f1786-1127-4c41-ac02-beb00d75d400',0,0,1,0,NULL,NULL,NULL,NULL,NULL,182,195,NULL,NULL,NULL,NULL,NULL,NULL,NULL,NULL,'default',NULL,'3364e3ed-1e1d-4ef9-b29f-0c0b459592f7','200/3364e3ed-1e1d-4ef9-b29f-0c0b459592f7.png','avatars/175f1786-1127-4c41-ac02-beb00d75d400.jpg?1741509457',NULL,0,NULL,NULL,'local',NULL,'2025-09-02 06:07:34',5,'2025-03-09 08:37:35','2026-01-03 07:54:29','#ff9807',0),
 (83,1,'Jamie',NULL,'Madden',NULL,1,NULL,'6da9457c-e89c-490f-8bd9-2c5fd4f58a09',0,0,1,0,NULL,NULL,NULL,NULL,NULL,115,108,NULL,NULL,NULL,NULL,NULL,NULL,NULL,NULL,'photo','https://secure.gravatar.com/avatar/e0331079f6730910bc7760cb8f781237.jpg?s=200&d=404&r=g','cb5e6a16-de55-4c0d-ab1e-ea0bc6f294fa','200/cb5e6a16-de55-4c0d-ab1e-ea0bc6f294fa.png','avatars/6da9457c-e89c-490f-8bd9-2c5fd4f58a09.jpg?1741597128',55,0,NULL,NULL,'local',NULL,'2025-12-14 15:55:05',7,'2025-03-10 08:58:48','2026-01-03 07:54:29','#709512',0),
 (84,1,'Jessie',NULL,'Henkes',NULL,2,NULL,'198cec6a-6415-45ce-a5f6-db70bbe0748c',0,0,1,0,NULL,NULL,NULL,NULL,NULL,109,102,NULL,NULL,NULL,NULL,NULL,NULL,NULL,NULL,'photo','https://secure.gravatar.com/avatar/79e8af8a670567b977acf09dea1eb42f.jpg?s=200&d=404&r=g','87d883de-3ce8-4d31-a6f5-21faa4187e3a','200/87d883de-3ce8-4d31-a6f5-21faa4187e3a.png','avatars/198cec6a-6415-45ce-a5f6-db70bbe0748c.jpg?1742664228',57,0,NULL,NULL,'local',NULL,'2025-03-22 18:34:45',9,'2025-03-22 17:23:47','2026-01-03 07:54:29','#ff9807',0),
 (85,1,'Jorge',NULL,'Yepez Olave',NULL,1,NULL,'20206e55-ad9b-45d2-8023-a025fb1f8e3b',0,0,1,0,NULL,NULL,NULL,NULL,NULL,106,99,NULL,NULL,NULL,NULL,NULL,NULL,NULL,NULL,'photo',NULL,'e0bdef29-994d-4fe6-95ad-3a4d599c3736','200/e0bdef29-994d-4fe6-95ad-3a4d599c3736.png','avatars/20206e55-ad9b-45d2-8023-a025fb1f8e3b.jpg?1742667540',56,0,NULL,NULL,'local',NULL,'2025-04-12 14:15:20',3,'2025-03-22 18:18:59','2026-01-03 07:54:29','#e5e5cd',0),
 (86,1,'Lotta',NULL,'Yepez Olave',NULL,2,NULL,'21c85f04-27c8-4b78-8883-356f2b7c7e8f',0,0,1,0,NULL,NULL,NULL,NULL,NULL,111,104,NULL,NULL,NULL,NULL,NULL,NULL,NULL,NULL,'default',NULL,'e3397f50-2b00-49c5-be97-38c8b81753b3','200/e3397f50-2b00-49c5-be97-38c8b81753b3.png','avatars/21c85f04-27c8-4b78-8883-356f2b7c7e8f.jpg?1742667571',NULL,0,NULL,NULL,'local',NULL,'2025-03-24 06:50:20',6,'2025-03-22 18:19:30','2026-01-03 07:54:29','#fdb660',0),
 (87,1,'Timo',NULL,'Yepez Olave',NULL,1,NULL,'b1dfe7e2-6131-4afb-8ca6-963cee387493',0,0,1,0,NULL,NULL,NULL,NULL,NULL,119,112,NULL,NULL,NULL,NULL,NULL,NULL,NULL,NULL,'default',NULL,'b1cbaed4-432c-4b09-8773-01c46eae4c47','200/b1cbaed4-432c-4b09-8773-01c46eae4c47.png','avatars/b1dfe7e2-6131-4afb-8ca6-963cee387493.jpg?1742667670',NULL,0,NULL,NULL,'local',NULL,'2025-03-24 10:51:56',7,'2025-03-22 18:21:10','2026-01-03 07:54:29','#709512',0),
 (88,1,'Koen',NULL,'Tamaëla',NULL,1,NULL,'8e644dc3-6ad2-406b-b37f-749cb7186275',0,0,1,0,NULL,NULL,NULL,NULL,NULL,114,107,NULL,NULL,NULL,NULL,NULL,NULL,NULL,NULL,'default',NULL,'d5beb898-5f3f-473b-a9fe-3a18be0dd4d4','200/d5beb898-5f3f-473b-a9fe-3a18be0dd4d4.png','avatars/8e644dc3-6ad2-406b-b37f-749cb7186275.jpg?1742672513',NULL,0,NULL,NULL,'local',NULL,'2025-03-22 19:45:46',4,'2025-03-22 19:41:53','2026-01-03 07:54:29','#bd5067',0),
 (89,1,'Kim',NULL,'Brouwer',NULL,2,NULL,'fd02b3ee-2de2-4e7c-b458-2f1b1c127648',0,0,1,0,NULL,NULL,NULL,NULL,NULL,120,126,NULL,NULL,NULL,NULL,NULL,NULL,NULL,NULL,'default',NULL,'f3060a5f-7ffe-469c-bbe1-04a22c79b4f1','200/f3060a5f-7ffe-469c-bbe1-04a22c79b4f1.png','avatars/fd02b3ee-2de2-4e7c-b458-2f1b1c127648.jpg?1742799139',NULL,0,NULL,NULL,'local',NULL,'2025-03-25 10:08:30',4,'2025-03-24 06:52:19','2026-01-03 07:54:29','#bd5067',0),
 (90,1,'Nienke',NULL,'Moors',NULL,2,NULL,'8386dd1c-be9c-41fc-bdc5-a9d13c537093',0,0,1,0,NULL,NULL,NULL,NULL,NULL,183,196,NULL,NULL,NULL,NULL,NULL,NULL,NULL,NULL,'default',NULL,'75f55d4f-b253-461e-9665-611f9c1b64f7','200/75f55d4f-b253-461e-9665-611f9c1b64f7.png','avatars/8386dd1c-be9c-41fc-bdc5-a9d13c537093.jpg?1742799177',NULL,0,NULL,NULL,'local',NULL,'2025-09-08 06:02:00',6,'2025-03-24 06:52:57','2026-01-03 07:54:32','#e5e5cd',0),
 (91,1,'Fleur',NULL,'Terpstra',NULL,2,NULL,'0cc1a9eb-e049-4965-bdbe-51475ca2f3c6',0,0,1,0,NULL,NULL,NULL,NULL,NULL,121,127,NULL,NULL,NULL,NULL,NULL,NULL,NULL,NULL,'default',NULL,'8e1cb571-2023-4e21-9be3-1592fbe9b7ec','200/8e1cb571-2023-4e21-9be3-1592fbe9b7ec.png','avatars/0cc1a9eb-e049-4965-bdbe-51475ca2f3c6.jpg?1742898052',NULL,0,NULL,NULL,'local',NULL,'2025-03-25 10:21:28',2,'2025-03-25 10:20:51','2026-01-03 07:54:29','#5f479a',0),
 (92,1,'Karim',NULL,'Marucchi',NULL,1,NULL,'638b0396-df56-41dd-9cb1-1f0adfe61220',0,0,1,0,NULL,NULL,NULL,NULL,NULL,162,174,NULL,NULL,NULL,NULL,NULL,NULL,NULL,NULL,'gravatar','https://secure.gravatar.com/avatar/59db8b5ab9bd1dc2dd87e88404ac92ad.jpg?s=200&d=404&r=g','8dabd0d9-e548-42e0-a1dc-54232bb0424a','200/8dabd0d9-e548-42e0-a1dc-54232bb0424a.png','avatars/638b0396-df56-41dd-9cb1-1f0adfe61220.jpg?1742898195',NULL,0,NULL,NULL,'local',NULL,'2025-08-31 10:10:12',7,'2025-03-25 10:23:15','2026-01-03 07:54:29','#ff9807',0),
 (93,1,'Danielle',NULL,'Dormer',NULL,2,NULL,'cea87e4a-89c5-4773-b783-0e0809243c07',0,0,1,0,NULL,NULL,NULL,NULL,NULL,172,184,NULL,NULL,NULL,NULL,NULL,NULL,NULL,NULL,'photo',NULL,'b34b422c-93c1-485f-a88f-6d7add76e6aa','200/b34b422c-93c1-485f-a88f-6d7add76e6aa.png','avatars/cea87e4a-89c5-4773-b783-0e0809243c07.jpg?1742898284',87,0,NULL,NULL,'local',NULL,'2025-10-11 09:53:28',11,'2025-03-25 10:24:44','2026-01-03 07:54:29','#709512',0),
 (94,1,'Alexander',NULL,'Auer',NULL,1,NULL,'7935e5c4-49b8-422c-869b-96eac0b3f133',0,0,1,0,NULL,NULL,NULL,NULL,NULL,123,130,NULL,NULL,NULL,NULL,NULL,NULL,NULL,NULL,'photo',NULL,'4d9204eb-cbed-488d-8b2a-fb2690619a29','200/4d9204eb-cbed-488d-8b2a-fb2690619a29.png','avatars/7935e5c4-49b8-422c-869b-96eac0b3f133.jpg?1742899559',59,0,NULL,NULL,'local',NULL,'2025-03-25 10:46:51',3,'2025-03-25 10:45:59','2026-01-03 07:54:30','#fdb660',0),
 (95,1,'Karin',NULL,'Berning - Pijnappels',NULL,2,NULL,'4fbf7fcf-7dbf-4853-a98b-c57583ff968f',0,0,1,0,NULL,NULL,NULL,NULL,NULL,124,131,NULL,NULL,NULL,NULL,NULL,NULL,NULL,NULL,'photo',NULL,'a7b22afa-ba00-4a40-bdb5-3559bc580a07','200/a7b22afa-ba00-4a40-bdb5-3559bc580a07.png','avatars/4fbf7fcf-7dbf-4853-a98b-c57583ff968f.jpg?1742899658',60,0,NULL,NULL,'local',NULL,'2025-03-25 10:48:20',3,'2025-03-25 10:47:38','2026-01-03 07:54:30','#ff9807',0),
 (96,1,'Miriam',NULL,'Schwab',NULL,2,NULL,'5ce7e258-eaf3-4e7b-b781-a5529a9e027c',0,0,1,0,NULL,NULL,NULL,NULL,NULL,125,132,NULL,NULL,NULL,NULL,NULL,NULL,NULL,NULL,'gravatar','https://secure.gravatar.com/avatar/295681f29703734b0a5bee921474b94e.jpg?s=200&d=404&r=g','89f14af0-3197-4806-9e5c-a819e6aa5b12','200/89f14af0-3197-4806-9e5c-a819e6aa5b12.png','avatars/5ce7e258-eaf3-4e7b-b781-a5529a9e027c.jpg?1742899775',NULL,0,NULL,NULL,'local',NULL,'2025-03-25 10:49:53',3,'2025-03-25 10:49:35','2026-01-03 07:54:30','#ff9807',0),
 (97,1,'Carole',NULL,'Olinger',NULL,2,NULL,'8338aeb6-a2e1-49ed-9b6d-7df592f25bd1',0,0,1,0,NULL,NULL,NULL,NULL,NULL,165,177,NULL,NULL,NULL,NULL,NULL,NULL,NULL,NULL,'photo',NULL,'60908597-400d-4854-8d62-9b7cda882bd1','200/60908597-400d-4854-8d62-9b7cda882bd1.png','avatars/8338aeb6-a2e1-49ed-9b6d-7df592f25bd1.jpg?1742900014',61,0,NULL,NULL,'local',NULL,'2025-07-25 08:09:59',8,'2025-03-25 10:53:34','2026-01-03 07:54:30','#709512',0),
 (98,1,'Alain',NULL,'Schlesser',NULL,1,NULL,'fcadf37f-99ac-4593-b69c-2e9ee8a843d7',0,0,1,0,NULL,NULL,NULL,NULL,NULL,127,134,NULL,NULL,NULL,NULL,NULL,NULL,NULL,NULL,'photo',NULL,'b6c0d005-b896-4130-9421-65e54621bd6b','200/b6c0d005-b896-4130-9421-65e54621bd6b.png','avatars/fcadf37f-99ac-4593-b69c-2e9ee8a843d7.jpg?1742900101',62,0,NULL,NULL,'local',NULL,'2025-07-25 08:08:39',5,'2025-03-25 10:55:00','2026-01-03 07:54:30','#93521e',0),
 (99,1,'Cindy',NULL,'Krum',NULL,2,NULL,'e1f321cd-1cde-4d3e-98c5-b94960acbc7b',0,0,1,0,NULL,NULL,NULL,NULL,NULL,128,136,NULL,NULL,NULL,NULL,NULL,NULL,NULL,NULL,'gravatar','https://secure.gravatar.com/avatar/eb987a10f3de8d4fd8485f216dbcb40b.jpg?s=200&d=404&r=g','27f9624e-1d2e-4dc7-a49d-05571ad5773d','200/27f9624e-1d2e-4dc7-a49d-05571ad5773d.png','avatars/e1f321cd-1cde-4d3e-98c5-b94960acbc7b.jpg?1742900234',NULL,0,NULL,NULL,'local',NULL,'2025-10-11 09:53:55',6,'2025-03-25 10:57:14','2025-10-11 09:54:07','#b3d5fe',0),
 (100,1,'Lily',NULL,'Ray',NULL,2,NULL,'61890eef-d244-445c-b748-dc5bcf1ae98c',0,0,1,0,NULL,NULL,NULL,NULL,NULL,129,137,NULL,NULL,NULL,NULL,NULL,NULL,NULL,NULL,'gravatar','https://secure.gravatar.com/avatar/59b969fbc3e3be7846108aa0bc8a8d92.jpg?s=200&d=404&r=g','edd4ba24-170d-4596-b7c7-ea300938dfa3','200/edd4ba24-170d-4596-b7c7-ea300938dfa3.png','avatars/61890eef-d244-445c-b748-dc5bcf1ae98c.jpg?1742900289',NULL,0,NULL,NULL,'local',NULL,'2025-03-25 10:59:52',5,'2025-03-25 10:58:09','2026-01-03 07:54:30','#e5e5cd',0),
 (101,1,'Jes',NULL,'Scholz',NULL,2,NULL,'77ca9d6f-be73-4129-ae0d-6a421beeb489',0,0,1,0,NULL,NULL,NULL,NULL,NULL,130,138,NULL,NULL,NULL,NULL,NULL,NULL,NULL,NULL,'gravatar','https://secure.gravatar.com/avatar/329ff73f78edf7af1184772b1f93c1d1.jpg?s=200&d=404&r=g','f1205edb-87b0-4e3e-ab44-251c66623f47','200/f1205edb-87b0-4e3e-ab44-251c66623f47.png','avatars/77ca9d6f-be73-4129-ae0d-6a421beeb489.jpg?1742900358',NULL,0,NULL,NULL,'local',NULL,'2025-03-25 10:59:34',3,'2025-03-25 10:59:17','2026-01-03 07:54:30','#fdb660',0),
 (102,1,'Marcus',NULL,'Tandler',NULL,1,NULL,'eac87fee-38ae-4f63-b565-cbe628018fff',0,0,1,0,NULL,NULL,NULL,NULL,NULL,131,139,NULL,NULL,NULL,NULL,NULL,NULL,NULL,NULL,'gravatar','https://secure.gravatar.com/avatar/87d6c78b2409cd3dfa1c353457ed3f53.jpg?s=200&d=404&r=g','56beaeee-48d6-4d85-9a99-7336049864d7','200/56beaeee-48d6-4d85-9a99-7336049864d7.png','avatars/eac87fee-38ae-4f63-b565-cbe628018fff.jpg?1742900432',NULL,0,NULL,NULL,'local',NULL,'2025-09-25 00:06:51',6,'2025-03-25 11:00:31','2026-01-03 07:54:30','#5f479a',0),
 (103,1,'Rebecca',NULL,'Tandler',NULL,2,NULL,'e5cf8a25-50e5-41e9-9b3d-13b1501345f7',0,0,1,0,NULL,NULL,NULL,NULL,NULL,132,140,NULL,NULL,NULL,NULL,NULL,NULL,NULL,NULL,'photo',NULL,'f0b5d3df-a377-41e2-bb91-7f0070c4868a','200/f0b5d3df-a377-41e2-bb91-7f0070c4868a.png','avatars/e5cf8a25-50e5-41e9-9b3d-13b1501345f7.jpg?1742900508',63,0,NULL,NULL,'local',NULL,'2025-03-25 11:32:31',2,'2025-03-25 11:01:48','2026-01-03 07:54:30','#e5e5cd',0),
 (104,1,'Michelle',NULL,'Robbins',NULL,2,NULL,'a8c1e464-3d44-465c-8032-c5a833ecd28c',0,0,1,0,NULL,NULL,NULL,NULL,NULL,133,142,NULL,NULL,NULL,NULL,NULL,NULL,NULL,NULL,'gravatar','https://secure.gravatar.com/avatar/8d2541503713abd79ecb9418549196c1.jpg?s=200&d=404&r=g','039d714f-a65e-4d40-a7b7-95e3fd7c3d42','200/039d714f-a65e-4d40-a7b7-95e3fd7c3d42.png','avatars/a8c1e464-3d44-465c-8032-c5a833ecd28c.jpg?1742902396',NULL,0,NULL,NULL,'local',NULL,'2025-09-25 00:05:33',4,'2025-03-25 11:33:15','2026-01-03 07:54:30','#bd5067',0),
 (105,1,'Vito',NULL,'Peleg',NULL,1,NULL,'288d29c6-d1d0-4057-aa2e-f60f06ee5ada',0,0,1,0,NULL,NULL,NULL,NULL,NULL,134,143,NULL,NULL,NULL,NULL,NULL,NULL,NULL,NULL,'gravatar','https://secure.gravatar.com/avatar/e78ae153aa24c4b588ca8d9f2d85eb12.jpg?s=200&d=404&r=g','1c9f2c6f-99ac-4dd2-a092-5a89ff0ada9a','200/1c9f2c6f-99ac-4dd2-a092-5a89ff0ada9a.png','avatars/288d29c6-d1d0-4057-aa2e-f60f06ee5ada.jpg?1742902490',NULL,0,NULL,NULL,'local',NULL,'2025-08-19 13:32:59',4,'2025-03-25 11:34:48','2026-01-03 07:54:30','#93521e',0),
 (106,1,'Amber',NULL,'Hinds',NULL,2,NULL,'dd1e7a66-e39a-4a98-8499-a2f5b47c3ccf',0,0,1,0,NULL,NULL,NULL,NULL,NULL,136,145,NULL,NULL,NULL,NULL,NULL,NULL,NULL,NULL,'gravatar','https://secure.gravatar.com/avatar/c9173fdb61f5799850739f5eaafa4b26.jpg?s=200&d=404&r=g','dd878a78-059b-4aa8-9072-083e32b4ff2a','200/dd878a78-059b-4aa8-9072-083e32b4ff2a.png','avatars/dd1e7a66-e39a-4a98-8499-a2f5b47c3ccf.jpg?1742902697',NULL,0,NULL,NULL,'local',NULL,'2025-03-25 11:40:06',5,'2025-03-25 11:38:17','2026-01-03 07:54:30','#fdb660',0),
 (107,1,'Chris',NULL,'Hinds',NULL,1,NULL,'af456ba8-3607-4163-af96-1f8d1df7e2d2',0,0,1,0,NULL,NULL,NULL,NULL,NULL,135,144,NULL,NULL,NULL,NULL,NULL,NULL,NULL,NULL,'gravatar','https://secure.gravatar.com/avatar/95ec4ac7d8a39ec4002097eb6d6134ba.jpg?s=200&d=404&r=g','c21e99b4-252a-4658-b52f-d9448bd7ceec','200/c21e99b4-252a-4658-b52f-d9448bd7ceec.png','avatars/af456ba8-3607-4163-af96-1f8d1df7e2d2.jpg?1742902741',NULL,0,NULL,NULL,'local',NULL,'2025-03-25 11:40:25',4,'2025-03-25 11:39:00','2026-01-03 07:54:30','#fdb660',0),
 (108,1,'Anne-Mieke',NULL,'Bovelett',NULL,2,NULL,'a560e616-2d25-4fd7-88d2-bf54d52d3dcf',0,0,1,0,NULL,NULL,NULL,NULL,NULL,137,146,NULL,NULL,NULL,NULL,NULL,NULL,NULL,NULL,'gravatar','https://secure.gravatar.com/avatar/1f58425472b4d959ba4395a5e16abaf5.jpg?s=200&d=404&r=g','2d22b5ec-79cf-45bd-bb12-57204517f1d6','200/2d22b5ec-79cf-45bd-bb12-57204517f1d6.png','avatars/a560e616-2d25-4fd7-88d2-bf54d52d3dcf.jpg?1742904616',NULL,0,NULL,NULL,'local',NULL,'2025-03-27 07:11:25',4,'2025-03-25 12:10:15','2026-01-03 07:54:30','#b3d5fe',0),
 (109,1,'Shanti',NULL,'Opsteeg',NULL,2,NULL,'c2031634-3450-4651-a8b1-8634af497971',0,0,1,0,NULL,NULL,NULL,NULL,NULL,143,155,NULL,NULL,NULL,NULL,NULL,NULL,NULL,NULL,'default',NULL,'38d32142-8f69-4fa1-b8fb-a5661d31183a','200/38d32142-8f69-4fa1-b8fb-a5661d31183a.png','avatars/c2031634-3450-4651-a8b1-8634af497971.jpg?1744275602',NULL,0,NULL,NULL,'local',NULL,'2025-05-10 14:50:12',8,'2025-04-10 08:58:54','2026-01-03 07:54:31','#709512',0),
 (110,1,'Kirsten',NULL,'Braaksma',NULL,2,NULL,'e0f9ee9d-168e-4e0c-b785-222edbd89bce',0,0,1,0,NULL,NULL,NULL,NULL,NULL,144,156,NULL,NULL,NULL,NULL,NULL,NULL,NULL,NULL,'default',NULL,'0bbc9380-1c9c-4214-ae6d-174fb323f30f','200/0bbc9380-1c9c-4214-ae6d-174fb323f30f.png','avatars/e0f9ee9d-168e-4e0c-b785-222edbd89bce.jpg?1744275622',NULL,0,NULL,NULL,'local',NULL,'2025-05-10 14:50:35',4,'2025-04-10 09:00:22','2026-01-03 07:54:31','#5f479a',0),
 (111,1,'Simon',NULL,'Brinks',NULL,1,NULL,'d944ba10-552d-41f6-aad9-a3e46def88a6',0,0,1,0,NULL,NULL,NULL,NULL,NULL,147,159,NULL,NULL,NULL,NULL,NULL,NULL,NULL,NULL,'default',NULL,'8a274a99-5eb1-4393-8668-31f04eb3ff09','200/8a274a99-5eb1-4393-8668-31f04eb3ff09.png','avatars/d944ba10-552d-41f6-aad9-a3e46def88a6.jpg?1744572595',NULL,0,NULL,NULL,'local',NULL,'2025-04-13 19:43:54',5,'2025-04-13 19:29:55','2026-01-03 07:54:31','#709512',0),
 (112,1,'Annemiek',NULL,'Brinks-Bremmer',NULL,2,NULL,'2237790f-c9d8-4a1e-86ea-105a01925d77',0,0,1,0,NULL,NULL,NULL,NULL,NULL,152,164,NULL,NULL,NULL,NULL,NULL,NULL,NULL,NULL,'default',NULL,'de1678ab-f0c2-4a6e-be74-823824279c59','200/de1678ab-f0c2-4a6e-be74-823824279c59.png','avatars/2237790f-c9d8-4a1e-86ea-105a01925d77.jpg?1744572705',NULL,0,NULL,NULL,'local',NULL,'2025-10-11 09:55:56',5,'2025-04-13 19:31:45','2026-01-03 07:54:31','#709512',0),
 (113,1,'Jasper',NULL,'Brinks',NULL,1,NULL,'eb8b2a77-cf89-4cde-834f-5dbb2c1c9d8d',0,0,1,0,NULL,NULL,NULL,NULL,NULL,150,162,NULL,NULL,NULL,NULL,NULL,NULL,NULL,NULL,'default',NULL,'4c10eb06-371d-4027-ba13-d7a2d165fdba','200/4c10eb06-371d-4027-ba13-d7a2d165fdba.png','avatars/eb8b2a77-cf89-4cde-834f-5dbb2c1c9d8d.jpg?1744573138',NULL,0,NULL,NULL,'local',NULL,'2025-04-13 19:44:07',5,'2025-04-13 19:38:58','2026-01-03 07:54:31','#e5e5cd',0),
 (114,1,'Tony',NULL,'Peters-van de Rakt',NULL,2,NULL,'02abcb87-bcbe-459e-8a27-912f91bf7bc3',0,0,1,0,NULL,NULL,NULL,NULL,NULL,154,166,NULL,NULL,NULL,NULL,NULL,NULL,NULL,NULL,'photo',NULL,'36bab9f7-4c60-49c1-a3ec-40870a7b0e7c','200/36bab9f7-4c60-49c1-a3ec-40870a7b0e7c.png','avatars/02abcb87-bcbe-459e-8a27-912f91bf7bc3.jpg?1744620101',65,0,NULL,NULL,'local',NULL,'2025-04-14 08:47:49',5,'2025-04-14 08:41:40','2026-01-03 07:54:31','#93521e',0),
 (115,1,'Joris',NULL,'Peters',NULL,1,NULL,'15142b23-5ec7-4630-a936-a1ca9ee64f88',0,0,1,0,NULL,NULL,NULL,NULL,NULL,155,167,NULL,NULL,NULL,NULL,NULL,NULL,NULL,NULL,'photo',NULL,'b56cd1b1-107a-4112-9336-fd7ad3f81070','200/b56cd1b1-107a-4112-9336-fd7ad3f81070.png','avatars/15142b23-5ec7-4630-a936-a1ca9ee64f88.jpg?1744620219',64,0,NULL,NULL,'local',NULL,'2025-09-14 18:28:47',6,'2025-04-14 08:43:37','2026-01-03 07:54:31','#5f479a',0),
 (116,1,'Koen',NULL,'Logtens',NULL,1,NULL,'df91bb76-b973-48d5-9c43-1c6d8971e1af',0,0,1,0,NULL,NULL,NULL,NULL,NULL,156,168,NULL,NULL,NULL,NULL,NULL,NULL,NULL,NULL,'photo','https://secure.gravatar.com/avatar/a336c72c4b1f473b13a361549e5bd920.jpg?s=200&d=404&r=g','b9b61624-0dea-4f4a-a793-94abe98d7ae1','200/b9b61624-0dea-4f4a-a793-94abe98d7ae1.png','avatars/df91bb76-b973-48d5-9c43-1c6d8971e1af.jpg?1744620595',66,0,NULL,NULL,'local',NULL,'2025-04-14 08:50:36',3,'2025-04-14 08:49:53','2026-01-03 07:54:30','#bd5067',0),
 (117,1,'Francien',NULL,'van den Brand',NULL,2,NULL,'0406cf49-85db-44da-abd2-5523fa823f9f',0,0,1,0,NULL,NULL,NULL,NULL,NULL,157,169,NULL,NULL,NULL,NULL,NULL,NULL,NULL,NULL,'photo',NULL,'160b400b-488d-48b8-ba8f-45f189ccc00c','200/160b400b-488d-48b8-ba8f-45f189ccc00c.png','avatars/0406cf49-85db-44da-abd2-5523fa823f9f.jpg?1744620665',67,0,NULL,NULL,'local',NULL,'2025-08-31 10:00:52',10,'2025-04-14 08:51:04','2026-01-03 07:54:32','#b3d5fe',0),
 (118,1,'Francesca',NULL,'Marano',NULL,2,NULL,'18796e55-519d-4abd-8dde-205af538f4b0',0,0,1,0,NULL,NULL,NULL,NULL,NULL,158,170,NULL,NULL,NULL,NULL,NULL,NULL,NULL,NULL,'gravatar','https://secure.gravatar.com/avatar/b9a7a8c9fb6e1535ab4290102dd672be.jpg?s=200&d=404&r=g','06601df6-f0c8-4eb8-85e4-43aa0cb50e81','200/06601df6-f0c8-4eb8-85e4-43aa0cb50e81.png','avatars/18796e55-519d-4abd-8dde-205af538f4b0.jpg?1747048158',NULL,0,NULL,NULL,'local',NULL,'2025-05-12 11:10:09',3,'2025-05-12 11:09:17','2026-01-03 07:54:30','#e5e5cd',0),
 (119,1,'Courtney',NULL,'Robertson',NULL,2,NULL,'ef445838-a787-4ecd-9f2c-e3fe73bb1d2a',0,0,1,0,NULL,NULL,NULL,NULL,NULL,159,171,NULL,NULL,NULL,NULL,NULL,NULL,NULL,NULL,'gravatar','https://secure.gravatar.com/avatar/03ff681abf60368b6ce5f5edcf9be310.jpg?s=200&d=404&r=g','8a1634a4-dd14-450e-aa7a-e35ea2ffcad3','200/8a1634a4-dd14-450e-aa7a-e35ea2ffcad3.png','avatars/ef445838-a787-4ecd-9f2c-e3fe73bb1d2a.jpg?1747124904',NULL,0,NULL,NULL,'local',NULL,'2025-05-13 08:28:40',3,'2025-05-13 08:28:24','2026-01-03 07:54:30','#5f479a',0),
 (120,1,'Sven',NULL,'Snaterse',NULL,1,NULL,'b0a9a003-d800-485d-9356-fc99341f2c3e',0,0,1,0,NULL,NULL,NULL,NULL,NULL,160,172,NULL,NULL,NULL,NULL,NULL,NULL,NULL,NULL,'default',NULL,'50067a15-c039-42be-84f0-cafa43291547','200/50067a15-c039-42be-84f0-cafa43291547.png','avatars/b0a9a003-d800-485d-9356-fc99341f2c3e.jpg?1747210624',NULL,0,NULL,NULL,'local',NULL,'2025-05-14 08:17:24',2,'2025-05-14 08:17:04','2026-01-03 07:54:31','#5f479a',0),
 (121,1,'Wilma',NULL,'Pattiasina',NULL,2,NULL,'d389d8df-3505-41ab-beae-d77ac55ef453',0,0,1,0,NULL,NULL,NULL,NULL,NULL,164,176,NULL,NULL,NULL,NULL,NULL,NULL,NULL,NULL,'default',NULL,'0120942c-982f-4a1c-9cad-9648a2fe2ba2','200/0120942c-982f-4a1c-9cad-9648a2fe2ba2.png','avatars/d389d8df-3505-41ab-beae-d77ac55ef453.jpg?1752933535',NULL,0,NULL,NULL,'local',NULL,'2025-07-19 17:30:08',6,'2025-07-19 13:58:55','2026-01-03 07:54:31','#93521e',0),
 (122,1,'Femke',NULL,'Verrijt',NULL,2,NULL,'4fa48ed5-9a59-4417-a944-d68ea8d750cf',0,0,1,0,NULL,NULL,NULL,NULL,NULL,167,179,NULL,NULL,NULL,NULL,NULL,NULL,NULL,NULL,'photo',NULL,'352eec45-0a53-4449-9dc9-8443e185a52e','200/352eec45-0a53-4449-9dc9-8443e185a52e.png','avatars/4fa48ed5-9a59-4417-a944-d68ea8d750cf.jpg?1754566866',68,0,NULL,NULL,'local',NULL,'2025-08-07 11:46:14',6,'2025-08-07 11:41:05','2026-01-03 07:54:31','#e5e5cd',0),
 (123,1,'Julie','Amber','Welling',NULL,2,NULL,'0d1c340b-4c30-49d3-a565-0e8119b7e395',0,0,1,0,NULL,NULL,NULL,NULL,NULL,168,180,NULL,NULL,NULL,NULL,NULL,NULL,NULL,NULL,'photo',NULL,'1fa6a6a8-a6f7-4420-a020-d12856554853','200/1fa6a6a8-a6f7-4420-a020-d12856554853.png','avatars/0d1c340b-4c30-49d3-a565-0e8119b7e395.jpg?1755152763',69,0,NULL,NULL,'local',NULL,'2025-08-14 06:28:10',5,'2025-08-14 06:26:03','2026-01-03 07:54:32','#ff9807',0),
 (124,1,'Joeke-Remkus',NULL,'de Vries',NULL,1,NULL,'2a3785a7-dcf9-48b5-a83a-0d206b9ba665',0,0,1,0,NULL,NULL,NULL,NULL,NULL,171,183,NULL,NULL,NULL,NULL,NULL,NULL,NULL,NULL,'default',NULL,'74d8d337-1970-4a5d-bb7f-ab4093927405','200/74d8d337-1970-4a5d-bb7f-ab4093927405.png','avatars/2a3785a7-dcf9-48b5-a83a-0d206b9ba665.jpg?1755238448',NULL,0,NULL,NULL,'local',NULL,'2025-08-15 13:36:03',5,'2025-08-15 06:13:28','2026-01-03 07:54:30','#fdb660',0),
 (125,1,'Bas',NULL,'Kurver',NULL,1,NULL,'62bd35ea-380e-4004-9695-dd174a613f15',0,0,1,0,NULL,NULL,NULL,NULL,NULL,175,187,NULL,NULL,NULL,NULL,NULL,NULL,NULL,NULL,'default',NULL,'43d7c170-0d61-4001-b842-0a3c2dbfd472','200/43d7c170-0d61-4001-b842-0a3c2dbfd472.png','avatars/62bd35ea-380e-4004-9695-dd174a613f15.jpg?1756492329',NULL,0,NULL,NULL,'local',NULL,NULL,0,'2025-08-29 18:32:08','2026-01-03 07:54:32','#5f479a',0),
 (126,1,'Riky',NULL,'van den Brand',NULL,2,NULL,'ff94b6a6-6487-42b4-9528-cc2f7c9386fd',0,0,1,0,NULL,NULL,NULL,NULL,NULL,176,189,NULL,NULL,NULL,NULL,NULL,NULL,NULL,NULL,'photo',NULL,'c7dbd792-c67d-462a-9ff6-95d8dd45175b','200/c7dbd792-c67d-462a-9ff6-95d8dd45175b.png','avatars/ff94b6a6-6487-42b4-9528-cc2f7c9386fd.jpg?1756492597',71,0,NULL,NULL,'local',NULL,'2025-08-31 10:02:40',5,'2025-08-29 18:36:37','2026-01-03 07:54:32','#b3d5fe',0),
 (127,1,'John',NULL,'Keunings',NULL,1,NULL,'cfa5e108-9be1-4ef2-99fa-1afe69546793',0,0,1,0,NULL,NULL,NULL,NULL,NULL,177,190,NULL,NULL,NULL,NULL,NULL,NULL,NULL,NULL,'photo',NULL,'39a8e07d-f250-4824-9ac8-c4137ccd0ae3','200/39a8e07d-f250-4824-9ac8-c4137ccd0ae3.png','avatars/cfa5e108-9be1-4ef2-99fa-1afe69546793.jpg?1756492676',73,0,NULL,NULL,'local',NULL,'2025-08-31 10:02:36',8,'2025-08-29 18:37:55','2026-01-03 07:54:32','#fdb660',0),
 (128,1,'Gertruda','Truus','Brouwer - Smeets',NULL,2,NULL,'0291376a-f962-4ab9-af5c-4bdba480423b',0,0,1,1,179,192,NULL,NULL,NULL,178,191,NULL,NULL,NULL,NULL,NULL,NULL,NULL,NULL,'default',NULL,'6a3d88a0-457c-4497-90d7-fb858f53b2f3','200/6a3d88a0-457c-4497-90d7-fb858f53b2f3.png','avatars/0291376a-f962-4ab9-af5c-4bdba480423b.jpg?1756633761',NULL,0,NULL,NULL,'local',NULL,'2025-08-31 09:50:51',5,'2025-08-31 09:49:21','2026-01-03 07:54:32','#b3d5fe',0),
 (129,1,'Hans',NULL,'Brouwer',NULL,1,NULL,'a502e584-1524-438b-8b0f-5dc2bf312965',0,0,1,0,NULL,NULL,NULL,NULL,NULL,NULL,NULL,NULL,NULL,NULL,NULL,NULL,NULL,NULL,NULL,'photo',NULL,'d87ff5f1-ff7f-42b6-8719-51e09fcee6f0','200/d87ff5f1-ff7f-42b6-8719-51e09fcee6f0.png','avatars/a502e584-1524-438b-8b0f-5dc2bf312965.jpg?1756633851',74,0,NULL,NULL,'local',NULL,'2025-08-31 10:05:01',7,'2025-08-31 09:50:51','2026-01-03 07:54:32','#709512',0),
 (130,1,'Vronie',NULL,'Disselhorst',NULL,2,NULL,'9e286f87-9812-4b50-9aa8-ed8f14f7f0c0',0,0,1,0,NULL,NULL,NULL,NULL,NULL,180,193,NULL,NULL,NULL,NULL,NULL,NULL,NULL,NULL,'default',NULL,'f124de0f-1f04-476c-963a-4c1395121cb5','200/f124de0f-1f04-476c-963a-4c1395121cb5.png','avatars/9e286f87-9812-4b50-9aa8-ed8f14f7f0c0.jpg?1756634160',NULL,0,NULL,NULL,'local',NULL,NULL,0,'2025-08-31 09:56:00','2026-01-03 07:54:32','#5f479a',0),
 (131,1,'Antoon',NULL,'de Groot',NULL,1,NULL,'680062e1-99d9-4192-81b8-39e014a84e5d',0,0,1,0,NULL,NULL,NULL,NULL,NULL,181,194,NULL,NULL,NULL,NULL,NULL,NULL,NULL,NULL,'photo',NULL,'b51cf7e8-40fc-400b-8fcd-e801246f6a9d','200/b51cf7e8-40fc-400b-8fcd-e801246f6a9d.png','avatars/680062e1-99d9-4192-81b8-39e014a84e5d.jpg?1756634394',70,0,NULL,NULL,'local',NULL,'2025-08-31 10:00:25',3,'2025-08-31 09:59:54','2026-01-03 07:54:32','#709512',0),
 (132,1,'Pascal',NULL,'van Haren',NULL,1,NULL,'fc5a1492-6287-4c04-b488-93e9e8fa2a45',0,0,1,0,NULL,NULL,NULL,NULL,NULL,186,198,NULL,NULL,NULL,NULL,NULL,NULL,NULL,NULL,'default',NULL,'70176dd7-9b15-474d-abf3-4179eefa78f8','200/70176dd7-9b15-474d-abf3-4179eefa78f8.png','avatars/fc5a1492-6287-4c04-b488-93e9e8fa2a45.jpg?1757794806',NULL,0,NULL,NULL,'local',NULL,'2025-09-13 21:04:41',4,'2025-09-13 20:20:06','2026-01-03 07:54:32','#b3d5fe',0),
 (133,1,'Lot',NULL,'Frijling',NULL,2,NULL,'b7c099fc-e949-4d4f-bccc-7e61bc72cf5e',0,0,1,0,NULL,NULL,NULL,NULL,NULL,NULL,NULL,NULL,NULL,NULL,NULL,NULL,NULL,NULL,NULL,'default',NULL,'2f1027ea-7bd7-480a-86b4-94fdf8f869e5','200/2f1027ea-7bd7-480a-86b4-94fdf8f869e5.png','avatars/b7c099fc-e949-4d4f-bccc-7e61bc72cf5e.jpg?1757794911',NULL,0,NULL,NULL,'local',NULL,NULL,0,'2025-09-13 20:21:51','2026-01-03 07:54:32','#709512',0),
 (134,1,'Tom',NULL,'Willmot',NULL,1,NULL,'b2982936-28a6-4711-bb39-dd9255d8a0cf',0,0,1,0,NULL,NULL,NULL,NULL,NULL,187,199,NULL,NULL,NULL,NULL,NULL,NULL,NULL,NULL,'gravatar','https://secure.gravatar.com/avatar/ae8eedf7840371d52038265ff2b96ffe.jpg?s=200&d=404&r=g','a07cf408-d21f-4392-a1a6-9b60a660d574','200/a07cf408-d21f-4392-a1a6-9b60a660d574.png','avatars/b2982936-28a6-4711-bb39-dd9255d8a0cf.jpg?1757873958',NULL,0,NULL,NULL,'local',NULL,'2025-09-14 18:22:16',3,'2025-09-14 18:19:17','2026-01-03 07:54:30','#ff9807',0),
 (135,1,'Netty',NULL,'van den Brand',NULL,2,NULL,'96dc8e56-16d1-414a-a711-e60e8626f66a',0,0,1,0,NULL,NULL,NULL,NULL,NULL,188,200,NULL,NULL,NULL,NULL,NULL,NULL,NULL,NULL,'photo',NULL,'6b097f7a-47ff-433f-a6d7-dafac513c5ac','200/6b097f7a-47ff-433f-a6d7-dafac513c5ac.png','avatars/96dc8e56-16d1-414a-a711-e60e8626f66a.jpg?1757874303',75,0,NULL,NULL,'local',NULL,'2025-09-14 18:27:53',4,'2025-09-14 18:25:03','2026-01-03 07:54:30','#93521e',0),
 (136,1,'Carolyn',NULL,'Shelby',NULL,2,NULL,'d3ca4577-dd79-44f5-8b70-b56a1dfc835c',0,0,1,0,NULL,NULL,NULL,NULL,NULL,189,201,NULL,NULL,NULL,NULL,NULL,NULL,NULL,NULL,'gravatar','https://secure.gravatar.com/avatar/872d15a65f845d2785de7373239e02fe.jpg?s=200&d=404&r=g','3f49b709-c112-4501-b01c-0275ac96ee41','200/3f49b709-c112-4501-b01c-0275ac96ee41.png','avatars/d3ca4577-dd79-44f5-8b70-b56a1dfc835c.jpg?1758577599',NULL,0,NULL,NULL,'local',NULL,'2025-09-22 21:55:11',4,'2025-09-22 21:46:39','2026-01-03 07:54:30','#b3d5fe',0),
 (137,1,'Amanda',NULL,'king',NULL,2,NULL,'18f60419-c413-4d87-9684-bff7e344bc9a',0,0,1,0,NULL,NULL,NULL,NULL,NULL,190,202,NULL,NULL,NULL,NULL,NULL,NULL,NULL,NULL,'photo',NULL,'94a34a5a-656c-40aa-9eef-fefea8adefdc','200/94a34a5a-656c-40aa-9eef-fefea8adefdc.png','avatars/18f60419-c413-4d87-9684-bff7e344bc9a.jpg?1758577692',78,0,NULL,NULL,'local',NULL,'2025-09-23 01:14:24',10,'2025-09-22 21:48:12','2026-01-03 07:54:30','#fdb660',0),
 (138,1,'Cindy',NULL,'Krum',NULL,2,NULL,'8ad0f664-6f4c-4a13-92f4-e8913fe20d8e',0,0,1,0,NULL,NULL,NULL,NULL,NULL,192,204,NULL,NULL,NULL,NULL,NULL,NULL,NULL,NULL,'gravatar','https://secure.gravatar.com/avatar/eb987a10f3de8d4fd8485f216dbcb40b.jpg?s=200&d=404&r=g','6f4d3978-99db-4021-8849-aa9330a2d780','200/6f4d3978-99db-4021-8849-aa9330a2d780.png','avatars/8ad0f664-6f4c-4a13-92f4-e8913fe20d8e.jpg?1758758507',NULL,0,NULL,NULL,'local',NULL,'2025-10-11 09:53:49',7,'2025-09-25 00:01:47','2026-01-03 07:54:30','#93521e',0),
 (139,1,'William',NULL,'Sears',NULL,1,NULL,'0299edcc-315e-40c5-8b45-4b3852610e1e',0,0,1,0,NULL,NULL,NULL,NULL,NULL,193,205,NULL,NULL,NULL,NULL,NULL,NULL,NULL,NULL,'default',NULL,'f4a0017a-230f-48aa-b3cb-bb72c87a498d','200/f4a0017a-230f-48aa-b3cb-bb72c87a498d.png','avatars/0299edcc-315e-40c5-8b45-4b3852610e1e.jpg?1758758883',NULL,0,NULL,NULL,'local',NULL,'2025-09-25 00:09:39',3,'2025-09-25 00:08:02','2026-01-03 07:54:30','#709512',0),
 (140,1,'Dave',NULL,'Rohrer',NULL,1,NULL,'97807f25-caa9-43dd-a5a0-42fd01f2a7ab',0,0,1,0,NULL,NULL,NULL,NULL,NULL,194,206,NULL,NULL,NULL,NULL,NULL,NULL,NULL,NULL,'default',NULL,'4877cd24-5d27-4e34-80bb-5c93a35ba4e9','200/4877cd24-5d27-4e34-80bb-5c93a35ba4e9.png','avatars/97807f25-caa9-43dd-a5a0-42fd01f2a7ab.jpg?1758759092',NULL,0,NULL,NULL,'local',NULL,'2025-09-28 16:38:24',3,'2025-09-25 00:11:32','2026-01-03 07:54:30','#5f479a',0),
 (141,1,'Jacques',NULL,'van de Rakt',NULL,1,NULL,'934b5bbd-13b1-4c2a-a296-f2b4ce48dbc4',0,0,1,0,NULL,NULL,NULL,NULL,NULL,206,219,NULL,NULL,NULL,NULL,NULL,NULL,NULL,NULL,'default',NULL,'105990bf-b44e-45b2-ac03-8977240c8247','200/105990bf-b44e-45b2-ac03-8977240c8247.png','avatars/934b5bbd-13b1-4c2a-a296-f2b4ce48dbc4.jpg?1759400886',NULL,0,NULL,NULL,'local',NULL,'2025-11-20 08:52:11',8,'2025-10-02 10:28:06','2026-01-03 07:54:32','#fdb660',0),
 (142,1,'Thomas',NULL,'van Leeuwarden',NULL,1,NULL,'35e01735-e192-4fdb-a551-6d9bb0a9c310',0,0,1,0,NULL,NULL,NULL,NULL,NULL,197,210,NULL,NULL,NULL,NULL,NULL,NULL,NULL,NULL,'photo',NULL,'93a0597b-b47d-47f2-96ab-b637dc1e61e9','200/93a0597b-b47d-47f2-96ab-b637dc1e61e9.png','avatars/35e01735-e192-4fdb-a551-6d9bb0a9c310.jpg?1759927547',82,0,NULL,NULL,'local',NULL,'2025-10-11 09:51:16',7,'2025-10-08 12:45:47','2026-01-03 07:54:32','#bd5067',0),
 (143,1,'David',NULL,'Mosterd',NULL,1,NULL,'51916c77-644a-4a89-8a04-072d8d4dc020',0,0,1,0,NULL,NULL,NULL,NULL,NULL,198,211,NULL,NULL,NULL,NULL,NULL,NULL,NULL,NULL,'photo',NULL,'f4c7603c-e02e-47d9-8524-0aebc7fbccea','200/f4c7603c-e02e-47d9-8524-0aebc7fbccea.png','avatars/51916c77-644a-4a89-8a04-072d8d4dc020.jpg?1760089311',86,0,NULL,NULL,'local',NULL,'2025-10-11 09:52:12',5,'2025-10-10 09:41:51','2026-01-03 07:54:30','#709512',0),
 (144,1,'Mats',NULL,'Gerrits',NULL,1,NULL,'b9ab55dc-76e6-411f-b897-15174a843796',0,0,1,0,NULL,NULL,NULL,NULL,NULL,199,212,NULL,NULL,NULL,NULL,NULL,NULL,NULL,NULL,'photo',NULL,'080eb18a-d698-481c-9357-62dac728db05','200/080eb18a-d698-481c-9357-62dac728db05.png','avatars/b9ab55dc-76e6-411f-b897-15174a843796.jpg?1760175709',81,0,NULL,NULL,'local',NULL,'2025-10-11 09:51:25',5,'2025-10-11 09:41:49','2026-01-03 07:54:32','#709512',0),
 (145,1,'Kymo',NULL,'van de Hulsbeek',NULL,1,NULL,'e184fac3-6b07-4ad2-ac33-33dfb33bd8ac',0,0,1,0,NULL,NULL,NULL,NULL,NULL,200,213,NULL,NULL,NULL,NULL,NULL,NULL,NULL,NULL,'photo',NULL,'99fb2ddf-74fa-4558-850d-2c57d75722b5','200/99fb2ddf-74fa-4558-850d-2c57d75722b5.png','avatars/e184fac3-6b07-4ad2-ac33-33dfb33bd8ac.jpg?1760176004',83,0,NULL,NULL,'local',NULL,'2025-10-11 09:51:05',7,'2025-10-11 09:46:44','2026-01-03 07:54:32','#5f479a',0),
 (146,1,'Marc',NULL,'Phoelich',NULL,1,NULL,'fafec175-9ea3-4b29-aef4-818b5e1f06bb',0,0,1,0,NULL,NULL,NULL,NULL,NULL,201,214,NULL,NULL,NULL,NULL,NULL,NULL,NULL,NULL,'photo',NULL,'9ea50627-d16d-4a79-82c2-b022e345f7cf','200/9ea50627-d16d-4a79-82c2-b022e345f7cf.png','avatars/fafec175-9ea3-4b29-aef4-818b5e1f06bb.jpg?1760176099',84,0,NULL,NULL,'local',NULL,'2025-10-11 09:50:57',5,'2025-10-11 09:48:19','2026-01-03 07:54:30','#b3d5fe',0),
 (147,1,'Boris',NULL,'Jansen',NULL,1,NULL,'10781817-4915-4df9-a4f1-01cca72e7995',0,0,1,0,NULL,NULL,NULL,NULL,NULL,202,215,NULL,NULL,NULL,NULL,NULL,NULL,NULL,NULL,'photo',NULL,'bbff6ac7-cd3e-4ddf-868d-68d4876421af','200/bbff6ac7-cd3e-4ddf-868d-68d4876421af.png','avatars/10781817-4915-4df9-a4f1-01cca72e7995.jpg?1760176192',85,0,NULL,NULL,'local',NULL,'2025-10-11 09:50:28',3,'2025-10-11 09:49:52','2026-01-03 07:54:30','#fdb660',0),
 (148,1,'Danny',NULL,'Jansen',NULL,1,NULL,'97df073d-2e59-4de9-b676-681938db4373',0,0,1,0,NULL,NULL,NULL,NULL,NULL,203,216,NULL,NULL,NULL,NULL,NULL,NULL,NULL,NULL,'photo',NULL,'b0f70d70-acf0-4f1a-ade5-ca1a38d2a344','200/b0f70d70-acf0-4f1a-ade5-ca1a38d2a344.png','avatars/97df073d-2e59-4de9-b676-681938db4373.jpg?1760176489',88,0,NULL,NULL,'local',NULL,'2025-10-11 09:55:27',3,'2025-10-11 09:54:49','2026-01-03 07:54:30','#93521e',0),
 (149,1,'Michelle',NULL,'Frechette',NULL,2,NULL,'e4135f5b-b8b7-4469-95d8-020bc0b309a2',0,0,1,0,NULL,NULL,NULL,NULL,NULL,204,217,NULL,NULL,NULL,NULL,NULL,NULL,NULL,NULL,'gravatar','https://secure.gravatar.com/avatar/0f8175d48584ea6796a5a38d28880a57.jpg?s=200&d=404&r=g','5c4630b6-942f-4290-a712-4a7180da8575','200/5c4630b6-942f-4290-a712-4a7180da8575.png','avatars/e4135f5b-b8b7-4469-95d8-020bc0b309a2.jpg?1760556843',NULL,0,NULL,NULL,'local',NULL,'2025-10-15 19:34:16',3,'2025-10-15 19:34:02','2026-01-03 07:54:30','#fdb660',0),
 (150,1,'Mark',NULL,'Perera',NULL,1,NULL,'7ee608d8-b7ee-414d-8368-600f8d9581de',0,0,1,0,NULL,NULL,NULL,NULL,NULL,205,218,NULL,NULL,NULL,NULL,NULL,NULL,NULL,NULL,'photo',NULL,'95e22682-f9f8-460d-bcc8-077f138436ec','200/95e22682-f9f8-460d-bcc8-077f138436ec.png','avatars/7ee608d8-b7ee-414d-8368-600f8d9581de.jpg?1760723644',89,0,NULL,NULL,'local',NULL,'2025-10-17 17:54:51',3,'2025-10-17 17:54:04','2026-01-03 07:54:30','#fdb660',0),
 (151,1,'Mels',NULL,'Lantang',NULL,1,NULL,'f95247ba-9aa5-45c4-8d4f-14b6293e23c9',0,0,1,0,NULL,NULL,NULL,NULL,NULL,207,220,NULL,NULL,NULL,NULL,NULL,NULL,NULL,NULL,'photo',NULL,'ee9c93f5-530c-4f0d-aaa1-b181f70a2ecb','200/ee9c93f5-530c-4f0d-aaa1-b181f70a2ecb.png','avatars/f95247ba-9aa5-45c4-8d4f-14b6293e23c9.jpg?1764192680',90,0,NULL,NULL,'local',NULL,'2025-11-26 21:31:51',3,'2025-11-26 21:31:20','2026-01-03 07:54:30','#fdb660',0),
 (152,1,'Marieke',NULL,'Oosterhout-Lepoutre',NULL,2,NULL,'88cc8214-a92d-47fc-afa9-c85f3fd3cb29',0,0,1,0,NULL,NULL,NULL,NULL,NULL,208,221,NULL,NULL,NULL,NULL,NULL,NULL,NULL,NULL,'photo',NULL,'8704a92a-07ad-4b45-b181-e36fca28ec79','200/8704a92a-07ad-4b45-b181-e36fca28ec79.png','avatars/88cc8214-a92d-47fc-afa9-c85f3fd3cb29.jpg?1764192809',91,0,NULL,NULL,'local',NULL,'2025-11-26 21:34:01',3,'2025-11-26 21:33:29','2026-01-03 07:54:30','#ff9807',0),
 (153,1,'Eef',NULL,'Evers',NULL,1,NULL,'4023d665-51f8-4334-a3f0-78f29754ebe4',0,0,1,0,NULL,NULL,NULL,NULL,NULL,209,222,NULL,NULL,NULL,NULL,NULL,NULL,NULL,NULL,'default',NULL,'4e27b517-50a9-474c-8482-44f73da102f0','200/4e27b517-50a9-474c-8482-44f73da102f0.png','avatars/4023d665-51f8-4334-a3f0-78f29754ebe4.jpg?1765098465',NULL,0,NULL,NULL,'local',NULL,'2025-12-07 09:08:05',2,'2025-12-07 09:07:45','2026-01-03 07:54:30','#93521e',0),
 (154,1,'Thea',NULL,'Theuws',NULL,2,NULL,'7bb47c54-c819-465c-b604-b296ca9ed9e0',0,0,1,0,NULL,NULL,NULL,NULL,NULL,210,223,NULL,NULL,NULL,NULL,NULL,NULL,NULL,NULL,'default',NULL,'71e5aa1f-4f59-43c3-b8fc-77f7c95a1571','200/71e5aa1f-4f59-43c3-b8fc-77f7c95a1571.png','avatars/7bb47c54-c819-465c-b604-b296ca9ed9e0.jpg?1765449171',NULL,0,NULL,NULL,'local',NULL,'2025-12-11 10:33:21',3,'2025-12-11 10:32:51','2026-01-03 07:54:32','#b3d5fe',0),
 (155,1,'Jip',NULL,'Trommelen',NULL,1,NULL,'ae702152-f10b-40e4-9110-5a9bffffe346',0,0,1,0,NULL,NULL,NULL,NULL,NULL,211,224,NULL,NULL,NULL,NULL,NULL,NULL,NULL,NULL,'default',NULL,'38e112da-cb27-4385-b6cf-8dd146b1aad9','200/38e112da-cb27-4385-b6cf-8dd146b1aad9.png','avatars/ae702152-f10b-40e4-9110-5a9bffffe346.jpg?1766401621',NULL,0,NULL,NULL,'local',NULL,'2025-12-22 11:07:19',2,'2025-12-22 11:07:01','2026-01-03 07:54:30','#b3d5fe',0),
 (156,1,'Simon',NULL,'Janssen',NULL,1,NULL,'ff8b4d93-f0ee-4d5a-a2dc-97911176affc',0,0,1,0,NULL,NULL,NULL,NULL,NULL,212,225,NULL,NULL,NULL,NULL,NULL,NULL,NULL,NULL,'default',NULL,'1e78660e-feae-4885-acc1-ecd82c6a6678','200/1e78660e-feae-4885-acc1-ecd82c6a6678.png','avatars/ff8b4d93-f0ee-4d5a-a2dc-97911176affc.jpg?1766817427',NULL,0,NULL,NULL,'local',NULL,'2025-12-27 18:04:41',4,'2025-12-27 06:37:07','2026-01-03 07:54:32','#fdb660',0);

INSERT IGNORE INTO `activity_contact` (`activity_id`,`account_id`,`contact_id`) VALUES
 (1,1,3),
 (1,1,1),
 (1,1,12),
 (1,1,2),
 (2,1,2),
 (2,1,12),
 (2,1,18),
 (2,1,3),
 (2,1,7),
 (2,1,16),
 (2,1,13),
 (2,1,20),
 (2,1,19),
 (2,1,11),
 (2,1,17),
 (2,1,21),
 (2,1,14),
 (2,1,15),
 (2,1,9),
 (2,1,10),
 (2,1,1);

INSERT IGNORE INTO `activity_statistics` (`id`,`account_id`,`contact_id`,`year`,`count`,`created_at`,`updated_at`) VALUES
 (5,1,2,2025,2,'2025-02-19 18:52:08','2025-02-19 18:52:08'),
 (6,1,12,2025,2,'2025-02-19 18:52:08','2025-02-19 18:52:08'),
 (7,1,18,2025,1,'2025-02-19 18:52:08','2025-02-19 18:52:08'),
 (8,1,3,2025,2,'2025-02-19 18:52:09','2025-02-19 18:52:09'),
 (9,1,7,2025,1,'2025-02-19 18:52:09','2025-02-19 18:52:09'),
 (10,1,16,2025,1,'2025-02-19 18:52:09','2025-02-19 18:52:09'),
 (11,1,13,2025,1,'2025-02-19 18:52:09','2025-02-19 18:52:09'),
 (12,1,20,2025,1,'2025-02-19 18:52:09','2025-02-19 18:52:09'),
 (13,1,19,2025,1,'2025-02-19 18:52:09','2025-02-19 18:52:09'),
 (14,1,11,2025,1,'2025-02-19 18:52:09','2025-02-19 18:52:09'),
 (15,1,17,2025,1,'2025-02-19 18:52:09','2025-02-19 18:52:09'),
 (16,1,21,2025,1,'2025-02-19 18:52:09','2025-02-19 18:52:09'),
 (17,1,14,2025,1,'2025-02-19 18:52:09','2025-02-19 18:52:09'),
 (18,1,15,2025,1,'2025-02-19 18:52:09','2025-02-19 18:52:09'),
 (19,1,9,2025,1,'2025-02-19 18:52:09','2025-02-19 18:52:09'),
 (20,1,10,2025,1,'2025-02-19 18:52:09','2025-02-19 18:52:09'),
 (21,1,1,2025,2,'2025-02-19 18:52:09','2025-02-19 18:52:09');

INSERT IGNORE INTO `activity_type_categories` (`id`,`account_id`,`name`,`translation_key`,`created_at`,`updated_at`) VALUES
 (2,1,NULL,'sport',NULL,'2026-01-03 07:54:34'),
 (3,1,NULL,'food',NULL,'2026-01-03 07:54:34'),
 (4,1,NULL,'cultural_activities',NULL,'2025-02-19 18:50:40'),
 (1,1,NULL,'simple_activities',NULL,'2025-02-19 18:52:09');

INSERT IGNORE INTO `activity_types` (`id`,`account_id`,`activity_type_category_id`,`name`,`translation_key`,`location_type`,`created_at`,`updated_at`) VALUES
 (1,1,1,NULL,'just_hung_out',NULL,NULL,'2025-02-19 18:52:09'),
 (2,1,1,NULL,'watched_movie_at_home',NULL,NULL,'2026-01-03 07:54:34'),
 (3,1,1,NULL,'talked_at_home',NULL,NULL,'2026-01-03 07:54:34'),
 (4,1,2,NULL,'did_sport_activities_together',NULL,NULL,'2026-01-03 07:54:34'),
 (5,1,3,NULL,'ate_at_his_place',NULL,NULL,'2026-01-03 07:54:34'),
 (6,1,3,NULL,'went_bar',NULL,NULL,'2026-01-03 07:54:34'),
 (7,1,3,NULL,'ate_at_home',NULL,NULL,'2026-01-03 07:54:34'),
 (8,1,3,NULL,'picnicked',NULL,NULL,'2026-01-03 07:54:34'),
 (9,1,3,NULL,'ate_restaurant',NULL,NULL,'2026-01-03 07:54:34'),
 (10,1,4,NULL,'went_theater',NULL,NULL,'2026-01-03 07:54:34'),
 (11,1,4,NULL,'went_concert',NULL,NULL,'2026-01-03 07:54:34'),
 (12,1,4,NULL,'went_play',NULL,NULL,'2026-01-03 07:54:34'),
 (13,1,4,NULL,'went_museum',NULL,NULL,'2025-02-19 18:50:40');

INSERT IGNORE INTO `addresses` (`id`,`account_id`,`place_id`,`contact_id`,`name`,`created_at`,`updated_at`) VALUES
 (10,1,10,7,'Italy','2025-02-27 14:12:03','2025-03-02 10:04:10'),
 (2,1,2,1,NULL,'2025-02-19 15:28:42','2025-03-02 10:04:04'),
 (9,1,9,7,'Work','2025-02-27 14:10:48','2025-03-02 10:04:10'),
 (8,1,8,7,'Home','2025-02-27 14:10:28','2025-03-02 10:04:10'),
 (12,1,12,110,'Thuis','2025-04-10 09:03:50','2026-01-03 07:54:30'),
 (7,1,7,16,NULL,'2025-02-19 17:00:48','2025-03-02 10:04:12'),
 (3,1,3,3,NULL,'2025-02-19 15:30:43','2025-03-02 10:04:05'),
 (6,1,6,15,NULL,'2025-02-19 17:00:40','2025-03-02 10:04:12'),
 (11,1,11,109,'Thuis','2025-04-10 09:02:53','2026-01-03 07:54:30'),
 (5,1,5,13,NULL,'2025-02-19 17:00:25','2025-03-02 10:04:11'),
 (4,1,4,12,NULL,'2025-02-19 16:48:59','2025-03-02 10:04:11'),
 (1,1,1,1,NULL,'2025-02-19 15:28:42','2025-03-02 10:04:04');

INSERT IGNORE INTO `contact_field_types` (`id`,`account_id`,`name`,`fontawesome_icon`,`protocol`,`delible`,`type`,`created_at`,`updated_at`) VALUES
 (5,1,'Whatsapp','fa fa-whatsapp','https://wa.me/',1,NULL,'2025-02-19 15:24:13','2025-02-19 15:30:56'),
 (7,1,'LinkedIn','fa fa-linkedin-square',NULL,1,NULL,'2025-02-19 15:24:13','2025-02-19 15:30:56'),
 (3,1,'Facebook','fa fa-facebook-official','https://facebook.com/',1,NULL,'2025-02-19 15:24:13','2025-02-19 15:30:56'),
 (2,1,'Phone','fa fa-volume-control-phone','tel:',0,'phone','2025-02-19 15:24:13','2025-02-19 15:30:56'),
 (1,1,'Email','fa fa-envelope-open-o','mailto:',0,'email','2025-02-19 15:24:13','2025-02-19 15:30:56'),
 (4,1,'Twitter','fa fa-twitter-square',NULL,1,NULL,'2025-02-19 15:24:13','2025-02-19 15:30:56'),
 (6,1,'Telegram','fa fa-telegram','telegram:',1,NULL,'2025-02-19 15:24:13','2025-02-19 15:30:56');

INSERT IGNORE INTO `contact_fields` (`id`,`account_id`,`contact_id`,`contact_field_type_id`,`data`,`created_at`,`updated_at`) VALUES
 (1,1,1,1,'marieke@marieke.com','2025-02-19 15:28:43','2025-03-02 14:57:12'),
 (2,1,1,1,'marieke@emilia.capital','2025-02-19 15:28:43','2025-03-02 14:57:12'),
 (3,1,1,1,'marieke@altha.nl','2025-02-19 15:28:43','2025-03-02 14:57:12'),
 (4,1,1,1,'m.van.de.rakt@raadwijchen.nl','2025-02-19 15:28:43','2025-03-02 14:57:12'),
 (5,1,1,1,'marieke@marieke.blog','2025-02-19 15:28:43','2025-03-02 14:57:12'),
 (6,1,1,2,+31648479547,'2025-02-19 15:28:43','2025-03-02 14:57:12'),
 (7,1,2,2,'+31 6 30 14 10 19','2025-02-19 15:30:42','2025-03-02 14:57:12'),
 (8,1,3,1,'rakxi@xmsnet.nl','2025-02-19 15:30:43','2025-03-02 14:57:12'),
 (9,1,3,1,'rakxi@hetnet.nl','2025-02-19 15:30:43','2025-03-02 14:57:12'),
 (10,1,3,1,'janvanderaktHosmalla1952@outlook.com','2025-02-19 15:30:43','2025-03-02 14:57:12'),
 (11,1,3,2,'+31 24 641 6087','2025-02-19 15:30:43','2025-03-02 14:57:12'),
 (12,1,3,2,'+31 6 41622383','2025-02-19 15:30:44','2025-03-02 14:57:12'),
 (13,1,4,1,'schellekens.hilde@gmail.com','2025-02-19 15:42:26','2025-03-02 14:57:13'),
 (14,1,4,2,+31645754131,'2025-02-19 15:42:26','2025-03-02 14:57:13'),
 (15,1,5,1,'vanderakt@gmail.com','2025-02-19 15:42:34','2025-03-02 14:57:13'),
 (16,1,5,1,'bastiaan@whycommit.com','2025-02-19 15:42:34','2025-03-02 14:57:13'),
 (17,1,5,2,+31645624428,'2025-02-19 15:42:35','2025-03-02 14:57:13'),
 (18,1,7,1,'joost@joost.blog','2025-02-19 15:47:59','2025-03-02 14:57:13'),
 (19,1,9,1,'tycho@tycho.nl','2025-02-19 16:48:32','2025-03-02 14:57:13'),
 (20,1,9,2,+31642863060,'2025-02-19 16:48:32','2025-03-02 14:57:14'),
 (21,1,10,1,'wende@wende.blog','2025-02-19 16:48:44','2025-06-30 11:52:07'),
 (22,1,10,2,'+31 6 18 90 00 49','2025-02-19 16:48:44','2025-03-02 14:57:14'),
 (23,1,11,1,'ravi@ravi.nl','2025-02-19 16:48:53','2025-03-02 14:57:14'),
 (24,1,11,1,'ravi@yoast.com','2025-02-19 16:48:53','2025-03-02 14:57:14'),
 (25,1,11,2,'+31 6 48 69 36 33','2025-02-19 16:48:53','2025-03-02 14:57:15'),
 (26,1,12,1,'borre@borre.blog','2025-02-19 16:48:59','2025-03-02 14:57:16'),
 (27,1,12,1,'borredevalk@icloud.com','2025-02-19 16:49:00','2025-03-02 14:57:16'),
 (28,1,12,2,'+31 6 13059849','2025-02-19 16:49:00','2025-03-02 14:57:16'),
 (29,1,13,1,'mdevalk@mv-gestalttherapie.nl','2025-02-19 17:00:26','2025-03-02 14:57:17'),
 (30,1,13,2,'+31 6 10567810','2025-02-19 17:00:26','2025-03-02 14:57:17'),
 (31,1,13,2,'024 675 1741','2025-02-19 17:00:26','2025-03-02 14:57:17'),
 (32,1,14,1,'theo.devalk@upcmail.nl','2025-02-19 17:00:32','2025-03-02 14:57:18'),
 (33,1,14,2,'+31 6 12 19 46 79','2025-02-19 17:00:32','2025-03-02 14:57:18'),
 (34,1,15,1,'t.devalk@gmail.com','2025-02-19 17:00:40','2025-03-02 14:57:18'),
 (35,1,15,2,'+31 6 41334203','2025-02-19 17:00:40','2025-03-02 14:57:18'),
 (36,1,16,1,'judithdevalk@hotmail.com','2025-02-19 17:00:51','2025-03-02 14:57:22'),
 (37,1,16,2,'06 46617751','2025-02-19 17:00:52','2025-03-02 14:57:22'),
 (38,1,17,7,'https://www.linkedin.com/in/rogier-de-graaf-9780761bb/','2025-02-19 18:47:50','2025-03-02 14:58:11'),
 (39,1,26,1,'martijnwarndorff@gmail.com','2025-02-24 07:33:44','2025-03-02 14:58:11'),
 (40,1,26,2,'+31 6 52 25 39 00','2025-02-24 07:38:56','2025-03-02 14:58:11'),
 (41,1,7,2,+31624555808,'2025-02-27 14:12:20','2025-03-02 14:57:13'),
 (42,1,7,7,'https://linkedin.com/in/jdevalk','2025-02-27 14:12:39','2025-03-02 14:57:13'),
 (43,1,27,1,'taco@emilia.capital','2025-02-27 14:13:19','2025-03-02 14:58:11'),
 (44,1,28,1,'patrice@emilia.capital','2025-02-27 14:13:34','2025-03-02 14:58:11'),
 (45,1,29,1,'filip@emilia.capital','2025-02-27 14:22:41','2025-03-02 14:58:11'),
 (46,1,30,1,'ari@emilia.capital','2025-02-27 14:22:55','2025-03-02 14:58:11'),
 (47,1,31,1,'iris@emilia.capital','2025-02-27 14:23:09','2025-03-02 14:58:11'),
 (48,1,32,1,'mijke@emilia.capital','2025-02-27 14:23:21','2025-03-02 14:58:11'),
 (49,1,33,1,'jonoalderson@gmail.com','2025-02-27 14:23:43','2025-03-02 14:58:11'),
 (50,1,36,1,'aschultz@meta.com','2025-02-27 14:31:28','2025-03-02 14:58:11'),
 (51,1,37,1,'omar.reiss@gmail.com','2025-02-27 14:33:46','2025-03-02 14:58:11'),
 (52,1,42,1,'chris@emilia.capital','2025-02-27 14:46:28','2025-03-02 14:58:11'),
 (53,1,34,1,'sam@samalderson.co.uk','2025-02-27 14:56:33','2025-03-02 14:58:11'),
 (54,1,33,2,'+44 7990 574220','2025-02-27 15:00:08','2025-03-02 14:58:11'),
 (55,1,52,1,'maike@emilia.capital','2025-02-27 15:39:38','2025-03-02 14:58:11'),
 (56,1,53,2,+31615406322,'2025-02-28 08:51:14','2025-03-02 14:58:11'),
 (57,1,54,1,'richard@theuws.com','2025-02-28 09:00:53','2025-03-02 14:58:11'),
 (58,1,55,1,'david@hard-c.com','2025-02-28 09:01:33','2025-03-02 14:58:13'),
 (59,1,56,1,'roy@chapter42.com','2025-02-28 09:01:44','2025-03-02 14:58:12'),
 (60,1,57,1,'arjan@radishconcepts.com','2025-02-28 09:02:17','2025-03-02 14:58:13'),
 (61,1,58,1,'sander@metsander.nl','2025-02-28 09:02:53','2025-03-02 14:58:14'),
 (62,1,63,1,'xandernotte@gmail.com','2025-02-28 09:16:42','2026-01-03 07:54:29'),
 (63,1,66,1,'jannekethijssen@outlook.com','2025-02-28 09:40:23','2026-01-03 07:54:29'),
 (64,1,66,2,+31628583901,'2025-02-28 09:40:36','2026-01-03 07:54:29'),
 (65,1,73,1,'voorzitter@svawc.nl','2025-03-01 19:54:36','2026-01-03 07:54:29'),
 (66,1,74,1,'vrijwilligers@svawc.nl','2025-03-01 19:54:51','2026-01-03 07:54:29'),
 (67,1,75,1,'accommodatie@svawc.nl','2025-03-01 19:55:08','2026-01-03 07:54:29'),
 (68,1,76,1,'voetbalzaken@svawc.nl','2025-03-01 19:55:19','2026-01-03 07:54:29'),
 (69,1,77,1,'sponsoring@svawc.nl','2025-03-01 19:55:50','2026-01-03 07:54:29'),
 (70,1,75,2,'06-21204588','2025-03-01 19:57:31','2026-01-03 07:54:29'),
 (71,1,75,1,'jeroenpots@hotmail.com','2025-03-01 19:57:46','2026-01-03 07:54:29'),
 (72,1,77,1,'jvanbeek@outlook.com','2025-03-01 20:01:19','2026-01-03 07:54:29'),
 (73,1,77,2,'06-53664825','2025-03-01 20:01:28','2026-01-03 07:54:29'),
 (74,1,76,2,'06-53182561','2025-03-01 20:02:38','2026-01-03 07:54:29'),
 (75,1,78,1,'lukobat@gmail.com','2025-03-04 15:59:42','2026-01-03 07:54:29'),
 (76,1,80,1,'oliver.sild@patchstack.com','2025-03-09 08:34:03','2026-01-03 07:54:29'),
 (77,1,83,1,'digitalchild@gmail.com','2025-03-10 09:00:36','2026-01-03 07:54:29'),
 (78,1,84,1,'jessie@mp-travel.nl','2025-03-22 17:23:47','2026-01-03 07:54:29'),
 (79,1,44,1,'erwinbrouwer77@gmail.com','2025-03-25 10:19:59','2026-01-03 07:54:29'),
 (80,1,91,1,'fleur@emilia.capital','2025-03-25 10:20:51','2026-01-03 07:54:29'),
 (81,1,92,1,'Karim@crowdfavorite.com','2025-03-25 10:23:15','2026-01-03 07:54:29'),
 (82,1,94,1,'a@alexanderauer.com','2025-03-25 10:46:21','2026-01-03 07:54:30'),
 (83,1,96,1,'miriams@elementor.com','2025-03-25 10:49:35','2026-01-03 07:54:30'),
 (84,1,97,1,'carole@cloudfest.com','2025-03-25 10:53:34','2026-01-03 07:54:30'),
 (85,1,99,1,'cindy@mobilemoxie.com','2025-03-25 10:57:14','2025-03-25 10:57:14'),
 (86,1,100,1,'lilyraynyc@gmail.com','2025-03-25 10:58:30','2026-01-03 07:54:30'),
 (87,1,101,1,'jes954@gmail.com','2025-03-25 10:59:17','2026-01-03 07:54:30'),
 (88,1,102,1,'mediadonis@gmail.com','2025-03-25 11:00:31','2026-01-03 07:54:30'),
 (89,1,104,1,'michelle.robbins@gmail.com','2025-03-25 11:33:15','2026-01-03 07:54:30'),
 (90,1,105,1,'vito@atarim.io','2025-03-25 11:34:49','2026-01-03 07:54:30'),
 (91,1,106,1,'amber@equalizedigital.com','2025-03-25 11:38:17','2026-01-03 07:54:30'),
 (92,1,107,1,'chris@equalizedigital.com','2025-03-25 11:40:18','2026-01-03 07:54:30'),
 (93,1,108,1,'anne@geekonheels.eu','2025-03-25 12:10:15','2026-01-03 07:54:30'),
 (94,1,116,1,'info@hakoena.nl','2025-04-14 08:49:53','2026-01-03 07:54:30'),
 (95,1,118,1,'francesca@patchstack.com','2025-05-12 11:09:17','2026-01-03 07:54:30'),
 (96,1,118,2,'‭+393516293867‬','2025-05-12 11:14:15','2026-01-03 07:54:30'),
 (97,1,119,1,'courane01@gmail.com','2025-05-13 08:28:24','2026-01-03 07:54:30'),
 (98,1,134,1,'tom@humanmade.com','2025-09-14 18:19:17','2026-01-03 07:54:30'),
 (99,1,137,1,'Amanda@floq.co','2025-09-22 21:51:56','2026-01-03 07:54:30'),
 (100,1,136,1,'Carolyn@cshel.com','2025-09-22 21:55:00','2026-01-03 07:54:30'),
 (101,1,138,1,'cindy@mobilemoxie.com','2025-09-25 00:03:25','2026-01-03 07:54:30'),
 (102,1,139,1,'wksears@gmail.com','2025-09-25 00:08:02','2026-01-03 07:54:30'),
 (103,1,149,1,'michelle@worksbymichelle.com','2025-10-15 19:34:02','2026-01-03 07:54:30');

INSERT IGNORE INTO `contact_tag` (`contact_id`,`tag_id`,`account_id`,`created_at`,`updated_at`) VALUES
 (2,1,1,'2025-02-19 17:20:42','2025-02-19 17:20:42'),
 (5,1,1,'2025-02-19 17:20:59','2025-02-19 17:20:59'),
 (3,1,1,'2025-02-19 17:21:10','2025-02-19 17:21:10'),
 (6,1,1,'2025-02-19 17:21:19','2025-02-19 17:21:19'),
 (4,1,1,'2025-02-19 17:21:29','2025-02-19 17:21:29'),
 (17,1,1,'2025-02-19 18:48:16','2025-02-19 18:48:16'),
 (16,1,1,'2025-02-19 18:48:23','2025-02-19 18:48:23'),
 (15,1,1,'2025-02-19 18:48:31','2025-02-19 18:48:31'),
 (12,1,1,'2025-02-27 14:09:21','2025-02-27 14:09:21'),
 (18,1,1,'2025-02-27 14:09:33','2025-02-27 14:09:33'),
 (7,4,1,'2025-02-27 14:09:48','2025-02-27 14:09:48'),
 (28,5,1,'2025-02-27 14:13:42','2025-02-27 14:13:42'),
 (34,5,1,'2025-02-27 14:25:20','2025-02-27 14:25:20'),
 (27,5,1,'2025-02-27 14:25:37','2025-02-27 14:25:37'),
 (31,5,1,'2025-02-27 14:30:36','2025-02-27 14:30:36'),
 (32,5,1,'2025-02-27 15:38:36','2025-02-27 15:38:36'),
 (30,5,1,'2025-02-27 15:38:57','2025-02-27 15:38:57'),
 (29,5,1,'2025-02-27 15:39:06','2025-02-27 15:39:06'),
 (42,5,1,'2025-02-27 15:39:20','2025-02-27 15:39:20'),
 (52,5,1,'2025-02-27 15:39:40','2025-02-27 15:39:40'),
 (1,1,1,'2025-02-28 07:57:22','2025-02-28 07:57:22'),
 (1,5,1,'2025-02-28 07:57:22','2025-02-28 07:57:22'),
 (53,1,1,'2025-02-28 08:53:54','2025-02-28 08:53:54'),
 (24,1,1,'2025-02-28 08:54:27','2025-02-28 08:54:27'),
 (22,1,1,'2025-02-28 08:54:54','2025-02-28 08:54:54'),
 (13,1,1,'2025-02-28 08:55:12','2025-02-28 08:55:12'),
 (23,1,1,'2025-02-28 08:55:35','2025-02-28 08:55:35'),
 (21,1,1,'2025-02-28 08:55:48','2025-02-28 08:55:48'),
 (20,1,1,'2025-02-28 08:55:55','2025-02-28 08:55:55'),
 (19,1,1,'2025-02-28 08:56:07','2025-02-28 08:56:07'),
 (25,1,1,'2025-02-28 08:56:15','2025-02-28 08:56:15'),
 (14,1,1,'2025-02-28 08:56:23','2025-02-28 08:56:23'),
 (9,1,1,'2025-02-28 08:58:56','2025-02-28 08:58:56'),
 (10,1,1,'2025-02-28 08:59:04','2025-02-28 08:59:04'),
 (58,10,1,'2025-02-28 09:05:30','2025-02-28 09:05:30'),
 (58,9,1,'2025-02-28 09:05:30','2025-02-28 09:05:30'),
 (54,10,1,'2025-02-28 09:06:16','2025-02-28 09:06:16'),
 (54,9,1,'2025-02-28 09:06:16','2025-02-28 09:06:16'),
 (56,10,1,'2025-02-28 09:10:51','2025-02-28 09:10:51'),
 (56,9,1,'2025-02-28 09:10:51','2025-02-28 09:10:51'),
 (57,10,1,'2025-02-28 09:15:23','2025-02-28 09:15:23'),
 (57,9,1,'2025-02-28 09:15:23','2025-02-28 09:15:23'),
 (63,9,1,'2025-02-28 09:22:00','2025-02-28 09:22:00'),
 (63,12,1,'2025-02-28 09:22:00','2025-02-28 09:22:00'),
 (77,12,1,'2025-03-01 19:55:55','2025-03-01 19:55:55'),
 (73,12,1,'2025-03-01 19:56:15','2025-03-01 19:56:15'),
 (74,12,1,'2025-03-01 19:56:23','2025-03-01 19:56:23'),
 (75,12,1,'2025-03-01 19:56:31','2025-03-01 19:56:31'),
 (76,12,1,'2025-03-01 20:01:49','2025-03-01 20:01:49'),
 (78,13,1,'2025-03-04 16:01:10','2025-03-04 16:01:10'),
 (79,13,1,'2025-03-04 16:01:18','2025-03-04 16:01:18'),
 (91,5,1,'2025-03-25 10:20:55','2025-03-25 10:20:55'),
 (101,14,1,'2025-03-25 10:59:47','2025-03-25 10:59:47'),
 (100,14,1,'2025-03-25 10:59:55','2025-03-25 10:59:55'),
 (99,14,1,'2025-03-25 11:00:01','2025-03-25 11:00:01'),
 (33,5,1,'2025-03-25 11:00:08','2025-03-25 11:00:08'),
 (33,14,1,'2025-03-25 11:00:08','2025-03-25 11:00:08'),
 (36,9,1,'2025-03-25 11:00:15','2025-03-25 11:00:15'),
 (36,14,1,'2025-03-25 11:00:15','2025-03-25 11:00:15'),
 (102,14,1,'2025-03-25 11:02:38','2025-03-25 11:02:38'),
 (104,14,1,'2025-03-25 11:33:48','2025-03-25 11:33:48'),
 (147,12,1,'2025-10-11 09:50:47','2025-10-11 09:50:47'),
 (146,12,1,'2025-10-11 09:51:01','2025-10-11 09:51:01'),
 (11,1,1,'2025-10-11 09:51:12','2025-10-11 09:51:12'),
 (11,12,1,'2025-10-11 09:51:12','2025-10-11 09:51:12'),
 (142,12,1,'2025-10-11 09:51:18','2025-10-11 09:51:18'),
 (144,12,1,'2025-10-11 09:51:28','2025-10-11 09:51:28'),
 (148,12,1,'2025-10-11 09:55:31','2025-10-11 09:55:31'),
 (151,12,1,'2025-11-26 21:31:56','2025-11-26 21:31:56'),
 (152,12,1,'2025-11-26 21:34:06','2025-11-26 21:34:06');

INSERT IGNORE INTO `genders` (`id`,`account_id`,`name`,`type`,`created_at`,`updated_at`) VALUES
 (1,1,'Man','M','2025-02-19 15:24:13','2025-02-19 18:47:50'),
 (3,1,'Rather not say','O','2025-02-19 15:24:13','2026-01-03 07:54:34'),
 (2,1,'Woman','F','2025-02-19 15:24:13','2025-02-27 14:56:34');

INSERT IGNORE INTO `journal_entries` (`id`,`account_id`,`date`,`journalable_id`,`journalable_type`,`created_at`,`updated_at`) VALUES
 (1,1,'2025-02-08 00:00:00',1,'App\\Models\\Account\\Activity','2025-02-19 18:50:40','2025-02-19 18:50:40'),
 (2,1,'2025-02-19 00:00:00',2,'App\\Models\\Account\\Activity','2025-02-19 18:52:08','2025-02-19 18:52:08');

INSERT IGNORE INTO `life_event_categories` (`id`,`account_id`,`name`,`default_life_event_category_key`,`core_monica_data`,`created_at`,`updated_at`) VALUES
 (1,1,'Work & education','work_education',1,'2025-02-19 15:24:16','2025-02-19 17:17:56'),
 (3,1,'Home & living','home_living',1,'2025-02-19 15:24:16','2025-02-19 17:17:56'),
 (5,1,'Travel & experiences','travel_experiences',1,'2025-02-19 15:24:17','2025-02-19 17:17:57'),
 (4,1,'Health & wellness','health_wellness',1,'2025-02-19 15:24:17','2025-02-19 17:17:57'),
 (2,1,'Family & relationships','family_relationships',1,'2025-02-19 15:24:16','2025-02-19 17:17:56');

INSERT IGNORE INTO `life_event_types` (`id`,`account_id`,`life_event_category_id`,`name`,`default_life_event_type_key`,`core_monica_data`,`specific_information_structure`,`created_at`,`updated_at`) VALUES
 (1,1,1,NULL,'new_job',1,NULL,'2025-02-19 15:24:16','2025-02-19 17:18:51'),
 (2,1,1,NULL,'retirement',1,NULL,'2025-02-19 15:24:16','2025-02-19 17:18:51'),
 (3,1,1,NULL,'new_school',1,NULL,'2025-02-19 15:24:16','2025-02-19 17:18:51'),
 (4,1,1,NULL,'study_abroad',1,NULL,'2025-02-19 15:24:16','2025-02-19 17:18:51'),
 (5,1,1,NULL,'volunteer_work',1,NULL,'2025-02-19 15:24:16','2025-02-19 17:18:51'),
 (6,1,1,NULL,'published_book_or_paper',1,NULL,'2025-02-19 15:24:16','2025-02-19 17:18:51'),
 (7,1,1,NULL,'military_service',1,NULL,'2025-02-19 15:24:16','2025-02-19 17:18:51'),
 (8,1,2,'Started a relationship','new_relationship',1,NULL,'2025-02-19 15:24:16','2025-03-25 10:42:01'),
 (9,1,2,'Got engaged','engagement',1,NULL,'2025-02-19 15:24:16','2025-03-25 10:42:04'),
 (10,1,2,'Got married','marriage',1,NULL,'2025-02-19 15:24:16','2025-03-25 08:58:13'),
 (11,1,2,NULL,'anniversary',1,NULL,'2025-02-19 15:24:16','2025-02-19 17:17:59'),
 (12,1,2,NULL,'expecting_a_baby',1,NULL,'2025-02-19 15:24:16','2025-02-19 17:17:59'),
 (13,1,2,NULL,'new_child',1,NULL,'2025-02-19 15:24:16','2025-02-19 17:17:59'),
 (14,1,2,NULL,'new_family_member',1,NULL,'2025-02-19 15:24:16','2025-02-19 17:17:59'),
 (15,1,2,NULL,'new_pet',1,NULL,'2025-02-19 15:24:16','2025-02-19 17:17:59'),
 (16,1,2,NULL,'end_of_relationship',1,NULL,'2025-02-19 15:24:16','2025-02-19 17:17:59'),
 (17,1,2,NULL,'loss_of_a_loved_one',1,NULL,'2025-02-19 15:24:16','2025-02-19 17:17:59'),
 (18,1,3,NULL,'moved',1,NULL,'2025-02-19 15:24:16','2026-01-03 07:54:34'),
 (19,1,3,NULL,'bought_a_home',1,NULL,'2025-02-19 15:24:16','2026-01-03 07:54:34'),
 (20,1,3,NULL,'home_improvement',1,NULL,'2025-02-19 15:24:16','2026-01-03 07:54:34'),
 (21,1,3,NULL,'holidays',1,NULL,'2025-02-19 15:24:16','2026-01-03 07:54:34'),
 (22,1,3,NULL,'new_vehicle',1,NULL,'2025-02-19 15:24:17','2026-01-03 07:54:34'),
 (23,1,3,NULL,'new_roommate',1,NULL,'2025-02-19 15:24:17','2026-01-03 07:54:34'),
 (24,1,4,NULL,'overcame_an_illness',1,NULL,'2025-02-19 15:24:17','2026-01-03 07:54:34'),
 (25,1,4,NULL,'quit_a_habit',1,NULL,'2025-02-19 15:24:17','2026-01-03 07:54:34'),
 (26,1,4,NULL,'new_eating_habits',1,NULL,'2025-02-19 15:24:17','2026-01-03 07:54:34'),
 (27,1,4,NULL,'weight_loss',1,NULL,'2025-02-19 15:24:17','2026-01-03 07:54:35'),
 (28,1,4,NULL,'wear_glass_or_contact',1,NULL,'2025-02-19 15:24:17','2026-01-03 07:54:35'),
 (29,1,4,NULL,'broken_bone',1,NULL,'2025-02-19 15:24:17','2026-01-03 07:54:35'),
 (30,1,4,NULL,'removed_braces',1,NULL,'2025-02-19 15:24:17','2026-01-03 07:54:35'),
 (31,1,4,NULL,'surgery',1,NULL,'2025-02-19 15:24:17','2026-01-03 07:54:35'),
 (32,1,4,NULL,'dentist',1,NULL,'2025-02-19 15:24:17','2026-01-03 07:54:35'),
 (33,1,5,NULL,'new_sport',1,NULL,'2025-02-19 15:24:17','2026-01-03 07:54:35'),
 (34,1,5,NULL,'new_hobby',1,NULL,'2025-02-19 15:24:17','2026-01-03 07:54:35'),
 (35,1,5,NULL,'new_instrument',1,NULL,'2025-02-19 15:24:17','2026-01-03 07:54:35'),
 (36,1,5,NULL,'new_language',1,NULL,'2025-02-19 15:24:17','2026-01-03 07:54:35'),
 (37,1,5,NULL,'tattoo_or_piercing',1,NULL,'2025-02-19 15:24:17','2026-01-03 07:54:35'),
 (38,1,5,NULL,'new_license',1,NULL,'2025-02-19 15:24:17','2026-01-03 07:54:35'),
 (39,1,5,NULL,'travel',1,NULL,'2025-02-19 15:24:17','2026-01-03 07:54:35'),
 (40,1,5,NULL,'achievement_or_award',1,NULL,'2025-02-19 15:24:17','2026-01-03 07:54:35'),
 (41,1,5,NULL,'changed_beliefs',1,NULL,'2025-02-19 15:24:17','2026-01-03 07:54:35'),
 (42,1,5,NULL,'first_word',1,NULL,'2025-02-19 15:24:17','2026-01-03 07:54:35'),
 (43,1,5,NULL,'first_kiss',1,NULL,'2025-02-19 15:24:17','2026-01-03 07:54:35'),
 (44,1,2,'Celebrated',NULL,0,NULL,'2025-03-27 07:20:51','2025-03-27 07:20:51');

INSERT IGNORE INTO `life_events` (`id`,`account_id`,`contact_id`,`life_event_type_id`,`reminder_id`,`name`,`note`,`happened_at`,`happened_at_month_unknown`,`happened_at_day_unknown`,`specific_information`,`created_at`,`updated_at`) VALUES
 (8,1,33,10,NULL,NULL,NULL,'2017-07-22 00:00:00',0,0,NULL,'2025-02-27 14:59:19','2026-01-03 07:54:29'),
 (9,1,34,10,NULL,NULL,NULL,'2017-07-22 00:00:00',0,0,NULL,'2025-02-27 14:59:36','2026-01-03 07:54:29'),
 (10,1,32,8,NULL,NULL,NULL,'1997-12-01 00:00:00',0,0,NULL,'2025-02-27 15:06:07','2026-01-03 07:54:29'),
 (11,1,27,10,NULL,NULL,NULL,'2018-05-24 00:00:00',0,0,NULL,'2025-02-27 15:09:21','2026-01-03 07:54:29'),
 (14,1,80,10,NULL,NULL,NULL,'2024-07-26 00:00:00',0,0,NULL,'2025-03-09 08:37:13','2026-01-03 07:54:29'),
 (15,1,84,10,NULL,NULL,NULL,'2019-05-01 00:00:00',0,0,NULL,'2025-03-22 18:23:24','2026-01-03 07:54:29'),
 (17,1,1,10,114,'Married Joost de Valk',NULL,'2008-08-29 00:00:00',0,0,NULL,'2025-03-25 09:06:33','2025-03-25 09:06:33'),
 (18,1,2,10,115,'Getrouwd met Jan van de Rakt',NULL,'1975-11-07 00:00:00',0,0,NULL,'2025-03-25 09:52:06','2025-03-25 09:52:08'),
 (19,1,3,10,116,'Getrouwd met Ans van de Rakt',NULL,'1975-11-07 00:00:00',0,0,NULL,'2025-03-25 09:53:40','2025-03-25 09:53:41'),
 (20,1,15,10,117,'Getrouwd met Jorien',NULL,'2013-09-18 00:00:00',0,0,NULL,'2025-03-25 09:54:46','2025-03-25 09:54:46'),
 (21,1,22,10,118,'Getrouwd met Thijs',NULL,'2013-09-18 00:00:00',0,0,NULL,'2025-03-25 09:55:09','2025-03-25 09:55:10'),
 (22,1,37,10,119,'Getrouwd met Sharon',NULL,'2021-08-21 00:00:00',0,0,NULL,'2025-03-25 09:55:41','2025-03-25 09:55:41'),
 (23,1,38,10,120,'Getrouwd met Omar',NULL,'2021-08-21 00:00:00',0,0,NULL,'2025-03-25 09:56:16','2025-03-25 09:56:16'),
 (25,1,13,10,122,NULL,NULL,'1976-10-08 00:00:00',0,0,NULL,'2025-03-25 09:59:19','2025-03-25 09:59:20'),
 (26,1,14,10,123,NULL,NULL,'1976-10-08 00:00:00',0,0,NULL,'2025-03-25 09:59:39','2025-03-25 09:59:39'),
 (27,1,42,10,124,'Getrouwd met Brenda',NULL,'2016-12-30 00:00:00',0,0,NULL,'2025-03-25 10:00:27','2025-03-25 10:00:27'),
 (29,1,92,10,128,'Got married to Danielle',NULL,'2020-09-05 00:00:00',0,0,NULL,'2025-03-25 10:25:05','2025-03-25 10:25:06'),
 (30,1,97,10,135,'Married Alain',NULL,'2014-05-24 00:00:00',0,0,NULL,'2025-03-25 10:56:09','2025-03-25 10:56:09'),
 (31,1,102,10,141,'Married Rebecca',NULL,'2013-09-14 00:00:00',0,0,NULL,'2025-03-25 11:02:15','2025-03-25 11:02:15'),
 (33,1,54,44,150,'Jankfest','Celebrated Jankfest in honor of Sharon','2020-08-30 00:00:00',0,0,NULL,'2025-03-27 07:26:08','2025-03-27 07:26:08'),
 (34,1,58,10,151,'Getrouw met Janske',NULL,'2007-08-04 00:00:00',0,0,NULL,'2025-03-27 07:57:30','2025-03-27 07:57:30'),
 (35,1,121,1,NULL,'Huiser bij Joost & Marieke',NULL,'2015-11-01 00:00:00',0,0,NULL,'2025-07-19 14:11:19','2026-01-03 07:54:30'),
 (36,1,92,10,NULL,'Real wedding',NULL,'2020-08-20 00:00:00',0,0,NULL,'2025-08-20 21:43:18','2025-08-20 21:43:18'),
 (37,1,90,10,188,'Got married to Bas',NULL,'2008-09-18 00:00:00',0,0,NULL,'2025-08-29 18:32:40','2025-08-29 18:32:40'),
 (38,1,54,10,207,'Getrouwd met Sharon',NULL,'2001-09-28 00:00:00',0,0,NULL,'2025-09-28 16:08:07','2025-09-28 16:08:07');

INSERT IGNORE INTO `modules` (`id`,`account_id`,`key`,`translation_key`,`active`,`delible`,`created_at`,`updated_at`) VALUES
 (1,1,'love_relationships','app.relationship_type_group_love',1,0,'2025-02-19 15:24:18','2025-02-19 15:24:18'),
 (2,1,'family_relationships','app.relationship_type_group_family',1,0,'2025-02-19 15:24:18','2025-02-19 15:24:18'),
 (3,1,'other_relationships','app.relationship_type_group_other',1,0,'2025-02-19 15:24:18','2025-02-19 15:24:18'),
 (4,1,'pets','people.pets_title',1,0,'2025-02-19 15:24:18','2025-02-19 15:24:18'),
 (5,1,'contact_information','people.section_contact_information',1,0,'2025-02-19 15:24:18','2025-02-19 15:24:18'),
 (6,1,'addresses','people.contact_address_title',1,0,'2025-02-19 15:24:18','2025-02-19 15:24:18'),
 (7,1,'how_you_met','people.introductions_sidebar_title',1,0,'2025-02-19 15:24:18','2025-02-19 15:24:18'),
 (8,1,'work_information','people.work_information',1,0,'2025-02-19 15:24:18','2025-02-19 15:24:18'),
 (9,1,'food_preferences','people.food_preferences_title',1,0,'2025-02-19 15:24:18','2025-02-19 15:24:18'),
 (10,1,'notes','people.section_personal_notes',1,0,'2025-02-19 15:24:18','2025-02-19 15:24:18'),
 (11,1,'phone_calls','people.call_title',1,0,'2025-02-19 15:24:18','2025-02-19 15:24:18'),
 (12,1,'activities','people.activity_title',1,0,'2025-02-19 15:24:18','2025-02-19 15:24:18'),
 (13,1,'reminders','people.section_personal_reminders',1,0,'2025-02-19 15:24:18','2025-02-19 15:24:18'),
 (14,1,'tasks','people.section_personal_tasks',1,0,'2025-02-19 15:24:19','2025-02-19 15:24:19'),
 (15,1,'gifts','people.gifts_title',1,0,'2025-02-19 15:24:19','2025-02-19 15:24:19'),
 (16,1,'debts','people.debt_title',1,0,'2025-02-19 15:24:19','2025-02-19 15:24:19'),
 (17,1,'conversations','people.conversation_list_title',1,0,'2025-02-19 15:24:19','2025-02-19 15:24:19'),
 (18,1,'documents','people.document_list_title',1,0,'2025-02-19 15:24:19','2025-02-19 15:24:19');

INSERT IGNORE INTO `notes` (`id`,`account_id`,`contact_id`,`body`,`is_favorited`,`favorited_at`,`created_at`,`updated_at`) VALUES
 (1,1,13,'Trouwdag 8 oktober',0,NULL,'2025-02-19 18:39:20','2025-03-02 14:57:17');

INSERT IGNORE INTO `photos` (`id`,`account_id`,`original_filename`,`new_filename`,`filesize`,`mime_type`,`created_at`,`updated_at`) VALUES
 (1,1,'urRnGvp5RJohzi9HMfNhkTtFWRqVJZDj9KPrdSpy.jpeg','photos/urRnGvp5RJohzi9HMfNhkTtFWRqVJZDj9KPrdSpy.jpeg',81381,'image/jpeg','2025-02-19 15:28:42','2026-01-03 07:54:32'),
 (2,1,'ans.jpg','photos/8jCg0F7m716i9pZZVmUG9iCcmCmvIvorL1cAcF7Y.jpg',243745,'image/jpeg','2025-02-19 15:35:23','2026-01-03 07:54:32'),
 (3,1,'jan-jpg-1.webp','photos/GTROcpyfoCZAOjluerTBymIU5tLQKiOaNtxbNEiB.jpg',81613,'image/jpeg','2025-02-19 15:38:16','2026-01-03 07:54:32'),
 (4,1,'YReWJK5lkqK0acqAlcpCaJ9YNjAzuZYckc79pYZZ.jpeg','photos/YReWJK5lkqK0acqAlcpCaJ9YNjAzuZYckc79pYZZ.jpeg',284833,'image/jpeg','2025-02-19 15:42:34','2026-01-03 07:54:32'),
 (5,1,'hilde.png','photos/GVaCj7Ep0mdfpiGpFVTTzspXisoNhdRTLihVnBWP.jpg',257642,'image/jpeg','2025-02-19 15:43:31','2026-01-03 07:54:32'),
 (6,1,'v1mAOGh2YpX8tGidtnLarwyKI6Q2ntpJTWpv4Ezr.jpeg','photos/v1mAOGh2YpX8tGidtnLarwyKI6Q2ntpJTWpv4Ezr.jpeg',306307,'image/jpeg','2025-02-19 16:48:32','2026-01-03 07:54:32'),
 (7,1,'gocjaoqxsJNIGJeWx9KawNkt4Hug08YySxl8DUuV.jpeg','photos/gocjaoqxsJNIGJeWx9KawNkt4Hug08YySxl8DUuV.jpeg',1305682,'image/jpeg','2025-02-19 16:48:44','2025-06-30 11:52:08'),
 (8,1,'itLslZJuyDxokbq8l4bi4vH51CViLSxPcxBOQ6EW.jpeg','photos/itLslZJuyDxokbq8l4bi4vH51CViLSxPcxBOQ6EW.jpeg',68424,'image/jpeg','2025-02-19 16:48:52','2026-01-03 07:54:32'),
 (9,1,'yBFXIRQeTmRCbQhO4mSy1xeQV4pPqWwbUXrYwTfV.jpeg','photos/yBFXIRQeTmRCbQhO4mSy1xeQV4pPqWwbUXrYwTfV.jpeg',533665,'image/jpeg','2025-02-19 16:48:59','2026-01-03 07:54:32'),
 (10,1,'GqwMZDCpq4MyqoJFz19BD42AtoS8QDFCtnc4ZMkF.jpeg','photos/GqwMZDCpq4MyqoJFz19BD42AtoS8QDFCtnc4ZMkF.jpeg',81174,'image/jpeg','2025-02-19 17:00:40','2026-01-03 07:54:32'),
 (11,1,'CleanShot 2025-02-19 at 18.07.13@2x.png','photos/nTBYMDxDf4Ym40Ioa3byGv8JOpeam0JcvlkBJnzl.jpg',361834,'image/jpeg','2025-02-19 17:07:55','2026-01-03 07:54:32'),
 (12,1,'CleanShot 2025-02-19 at 18.07.26@2x.png','photos/YC9mSCMMLIbm6gdB1mPjS7TeWwjVnF9Q0GBKX5GV.jpg',508431,'image/jpeg','2025-02-19 17:08:07','2025-03-25 08:58:43'),
 (13,1,'CleanShot 2025-02-19 at 18.07.40@2x.png','photos/muYuzGCrXytQStip011b1ccwcOViCCowfVqjZdH5.jpg',293287,'image/jpeg','2025-02-19 17:08:27','2026-01-03 07:54:32'),
 (14,1,'CleanShot 2025-02-19 at 18.10.27@2x.png','photos/K7HEeAwF6Dls7A6v3FlHg1JuTF9rKFKLYTl7pylM.jpg',410066,'image/jpeg','2025-02-19 17:10:44','2026-01-03 07:54:32'),
 (15,1,'CleanShot 2025-02-19 at 19.25.28@2x.png','photos/eAjrn6F7mRLU52V3wwnWCufVIQvnJnMZIu9MVJAU.jpg',251881,'image/jpeg','2025-02-19 18:26:04','2026-01-03 07:54:32'),
 (16,1,'CleanShot 2025-02-19 at 20.04.39@2x.png','photos/3hRNXkAdOlnT9byBhGY62dZhnzhAeOAQGu5ORU9f.jpg',543794,'image/jpeg','2025-02-19 19:04:56','2026-01-03 07:54:32'),
 (17,1,'CleanShot 2025-02-19 at 20.04.18@2x.png','photos/8bvExBujicCIqgYMbacayvVZhPk5O7giwQoKGFIO.jpg',476064,'image/jpeg','2025-02-19 19:05:24','2026-01-03 07:54:32'),
 (18,1,'CleanShot 2025-02-19 at 20.05.45@2x.png','photos/Z5r6pE5osOJd3fCrB2qFeqkFHozxqy3SvIcKYFot.jpg',626446,'image/jpeg','2025-02-19 19:05:59','2026-01-03 07:54:32'),
 (19,1,'CleanShot 2025-02-19 at 20.04.25@2x.png','photos/UnglhkUTLnAmE1xrJ6nQwVTMmU6szKnBbyXK6EDE.jpg',511391,'image/jpeg','2025-02-19 19:06:19','2026-01-03 07:54:32'),
 (20,1,'CleanShot 2025-02-19 at 20.08.17@2x.png','photos/ERQ9pBTVFolhe7noaSYg1lbjaZo9P9suaxzWhNph.jpg',334496,'image/jpeg','2025-02-19 19:08:35','2026-01-03 07:54:32'),
 (21,1,'CleanShot 2025-02-19 at 20.09.12@2x.png','photos/Hkr2HrCbvofZ70YwW7yRsPAfkVsbdyDdtyUCJEn8.jpg',133654,'image/jpeg','2025-02-19 19:09:44','2026-01-03 07:54:33'),
 (22,1,'CleanShot 2025-02-19 at 20.09.23@2x.png','photos/N2Jk6d6g0XgKzelKrPm3jf6t49ugYluJcsjk64Lf.jpg',138491,'image/jpeg','2025-02-19 19:10:08','2026-01-03 07:54:33'),
 (23,1,'IMG_2668.jpeg','photos/ktAyeTLenxFvZqhA2ir4IOiJngwxJfu3kqjHV5gC.jpg',652430,'image/jpeg','2025-02-19 19:12:25','2026-01-03 07:54:33'),
 (24,1,'ae931fa5-6b05-46d1-80c9-1ac69212a15a.jpeg','photos/ShOSH4Le54j0WnzzGVu7XSbyYLLOJYdNBIDMTa48.jpg',423671,'image/jpeg','2025-02-24 07:38:24','2025-02-24 07:38:56'),
 (25,1,'omar.png','photos/uINmjEI33z670EQTkcfudUhPl6V0u8nV3copZLvG.jpg',383661,'image/jpeg','2025-02-27 14:33:58','2026-01-03 07:54:33'),
 (26,1,'CleanShot 2025-02-27 at 15.37.58.png','photos/POfzB76MLTwKHrhiVtI37lMwzmWodtLXPCOq0eDe.jpg',159122,'image/jpeg','2025-02-27 14:38:17','2026-01-03 07:54:33'),
 (27,1,'CleanShot 2025-02-27 at 15.42.32.png','photos/urlsKyBVkhz2AJaqf8wfJVjgKvk4UTdXkEOOo6uR.jpg',87006,'image/jpeg','2025-02-27 14:42:41','2026-01-03 07:54:33'),
 (28,1,'CleanShot 2025-02-27 at 15.43.13.png','photos/UMwAk2dliWwV1erkoiMU4j49wLJczUQGNmxDTLiO.jpg',167118,'image/jpeg','2025-02-27 14:43:24','2026-01-03 07:54:33'),
 (29,1,'CleanShot 2025-02-27 at 15.44.23.png','photos/WiDrsuf1Kdw6iPTjHUrtTmGfHlz5b4mkpivk9lpL.jpg',101758,'image/jpeg','2025-02-27 14:44:30','2026-01-03 07:54:33'),
 (30,1,'CleanShot 2025-02-27 at 15.45.54.png','photos/MtGmy3HChFMwRb16YwhedGsFflSvtV4WBCwwq7s4.jpg',128981,'image/jpeg','2025-02-27 14:46:03','2026-01-03 07:54:33'),
 (31,1,'CleanShot 2025-02-27 at 15.48.24.png','photos/UXqMIOPxPcuuec9WPBOTraOPfbcSJ8cZEAn1umzT.jpg',50030,'image/jpeg','2025-02-27 14:49:05','2026-01-03 07:54:33'),
 (32,1,'CleanShot 2025-02-27 at 16.03.49.png','photos/WdqTFEFzrkcny2sib3zp9rklZY1yXlyHULki69M5.jpg',167764,'image/jpeg','2025-02-27 15:03:56','2026-01-03 07:54:33'),
 (33,1,'fay.jpg','photos/NQCOSR2HPjv3PSa4FUFwsI1cRUh2ZH6QQV19RlIH.jpg',491071,'image/jpeg','2025-02-27 15:11:05','2026-01-03 07:54:33'),
 (34,1,'fay.jpg','photos/6lxJJMUmQxFSulmopY9bQUSBat5lpAbLlzMpTyIE.jpg',237696,'image/jpeg','2025-02-27 15:11:19','2026-01-03 07:54:33'),
 (35,1,'CleanShot 2025-02-27 at 16.18.55.png','photos/R2DsVCEAXR02skyN8rVqFgljUqv1VzSzjqAAHSDN.jpg',61888,'image/jpeg','2025-02-27 15:19:12','2026-01-03 07:54:33'),
 (36,1,'CleanShot 2025-02-27 at 16.24.28.png','photos/FIGlfBKXssa2gEjlPWSjd5wxo9vnfWoxFKecWpRn.jpg',131232,'image/jpeg','2025-02-27 15:24:39','2026-01-03 07:54:33'),
 (37,1,'maike.jpeg','photos/goeN9tEW8QYIIl5ZUCq9rKKgxQHE5XPT62rexUek.jpg',124852,'image/jpeg','2025-02-27 15:42:30','2026-01-03 07:54:33'),
 (38,1,'WhatsApp Image 2024-11-24 at 18.55.26.jpeg','photos/rtjPMxlLOZmVhfACJ5eEx3ADfhpGuaADCIJ473zK.jpg',202104,'image/jpeg','2025-02-28 08:51:39','2026-01-03 07:54:33'),
 (39,1,'sander.jpg','photos/YfVY9GdiME5Vkkw0vESA0y23A9mGA40wIC6NvkWM.jpg',494480,'image/jpeg','2025-02-28 09:03:46','2026-01-03 07:54:33'),
 (40,1,'sharon.jpg','photos/j9V7yO0HZyXuHUYlrXteaf8cFYYpo6Ueb7AFJpwd.jpg',375247,'image/jpeg','2025-02-28 09:08:50','2026-01-03 07:54:33'),
 (41,1,'yvonne.jpg','photos/2HfbnI3ptFbpvn8k62cKKuXlOHkpXZ3zcgYwOIMN.jpg',437416,'image/jpeg','2025-02-28 09:12:17','2026-01-03 07:54:33'),
 (42,1,'carolien-snaterse.jpg','photos/loB6BPBOosW0QqsJddZZx7y9hpnbWx6IxBMRensm.jpg',150011,'image/jpeg','2025-02-28 09:14:48','2026-01-03 07:54:33'),
 (43,1,'xander.jpg','photos/8BJ1NUvjEVyJ5K6XjyoedzelShvQ6vRhc8rSi9aG.jpg',136577,'image/jpeg','2025-02-28 09:17:05','2026-01-03 07:54:33'),
 (44,1,'janneke-thijssen.jpg','photos/2EBnhaUyQ3UCMpe3KuxrGcKKnrjRNh0ysvGMK8r8.jpg',138702,'image/jpeg','2025-02-28 09:42:10','2026-01-03 07:54:33'),
 (45,1,'AWC-BSO-Time4Skills kopie.jpg','photos/FF8dKeNA22swBc5lGAOm4MALQEi4RnJN2ZRFinkc.jpg',18873,'image/jpeg','2025-03-01 20:04:55','2026-01-03 07:54:33'),
 (46,1,'hans-velvis.jpg','photos/ix9IUvY1t4DCkLKZFXIrYf8UE98RGlaSTk7a4Sqh.jpg',2838460,'image/jpeg','2025-03-01 20:06:25','2026-01-03 07:54:33'),
 (47,1,'guus-van-schijndel.jpeg','photos/Xw3i0K4V07JWEJtMWs9y9wnV6PjekzlQxxOvl7sL.jpg',43055,'image/jpeg','2025-03-01 20:07:18','2026-01-03 07:54:33'),
 (48,1,'CleanShot 2025-03-01 at 21.07.54@2x.png','photos/QLxXQjrPycHjCBdU08vUQ7fMSV20mOD8dpj27ape.jpg',216786,'image/jpeg','2025-03-01 20:08:10','2026-01-03 07:54:33'),
 (49,1,'guido-ronnes.jpeg','photos/HB5xXb2NyPjWAfqfQ7MRc3HI1rP7w9CNqXkQWnQd.jpg',49931,'image/jpeg','2025-03-01 20:09:54','2026-01-03 07:54:33'),
 (50,1,'IMG_0555.jpeg','photos/dXuKzm07e4PG8ahTza7euFbaWC8e43WJ2nvXMcOF.jpg',778834,'image/jpeg','2025-03-04 16:07:58','2026-01-03 07:54:33'),
 (51,1,'IMG_0555.jpeg','photos/UIKP1nm6utCHLLOePky2jf6PWOXGQpv4oPqK1kxK.jpg',638005,'image/jpeg','2025-03-04 16:08:16','2026-01-03 07:54:33'),
 (52,1,'CleanShot 2025-03-04 at 16.10.02@2x.png','photos/wkVGV27yHKlPlUVxeyjv5J6sb58c28ypUfiontwW.jpg',1018615,'image/jpeg','2025-03-04 16:10:54','2026-01-03 07:54:33'),
 (53,1,'CleanShot 2025-03-09 at 09.38.56@2x.png','photos/bKAedEw9yhtx52WbjbbEuf8P0bQM0LGYmzZCbQzA.jpg',209109,'image/jpeg','2025-03-09 08:39:11','2026-01-03 07:54:33'),
 (54,1,'CleanShot 2025-03-09 at 09.38.25@2x.png','photos/sbXaen8mqvpGH5kkbrZVn74OAOyw5Q6ZFsqeUTb5.jpg',264601,'image/jpeg','2025-03-09 08:39:26','2026-01-03 07:54:33'),
 (55,1,'CleanShot 2025-03-10 at 10.00.02@2x.png','photos/FuYQhSx9qsKw4Cv4BKk89fthAsXQW5PdAoJf2X9r.jpg',152830,'image/jpeg','2025-03-10 09:00:19','2025-03-10 09:00:37'),
 (56,1,'CleanShot 2025-03-22 at 19.33.20@2x.png','photos/dZCkXv3fy17Wa1ix9hlREsfYaCiWdqsfmoDLEGPF.jpg',186613,'image/jpeg','2025-03-22 18:34:33','2026-01-03 07:54:33'),
 (57,1,'CleanShot 2025-03-22 at 19.34.11@2x.png','photos/KnTixdQqEEjzzy3Q1bbWGa17NhQ1lREdy6COkc4i.jpg',202802,'image/jpeg','2025-03-22 18:34:45','2026-01-03 07:54:33'),
 (58,1,'erwin.jpg','photos/RhShnhPRMgz1qxtYVU2Y6rbEcmKSt9h7ORZlYvYp.jpg',115116,'image/jpeg','2025-03-25 10:20:27','2026-01-03 07:54:33'),
 (59,1,'auer.jpg','photos/v1gCeqW3IjY8c2VDSroCgso7ZU0RTXAI2sdqHwuu.jpg',55524,'image/jpeg','2025-03-25 10:46:51','2026-01-03 07:54:33'),
 (60,1,'karin.jpg','photos/RW5kz5dnu7QLpC37vMgu0ZZrS30nTAIUNRe4UStI.jpg',149231,'image/jpeg','2025-03-25 10:48:20','2026-01-03 07:54:33'),
 (61,1,'carole.jpg','photos/ESyiOjwnKlgHOoCgt6Ocu0qyaKBvQxWe0drvwVtW.jpg',105357,'image/jpeg','2025-03-25 10:54:03','2026-01-03 07:54:33'),
 (62,1,'alain.jpg','photos/tjR0VHgdjhn6iLdyin3SCYMCP3Ph8UQbjYVCRrFz.jpg',108273,'image/jpeg','2025-03-25 10:55:22','2026-01-03 07:54:33'),
 (63,1,'rebecca.jpg','photos/xv6hfkK4GFRLkKr6n0yM3KmsQYjBBvYCLS1s9x7d.jpg',272015,'image/jpeg','2025-03-25 11:32:31','2026-01-03 07:54:33'),
 (64,1,'CleanShot 2025-04-14 at 10.44.07@2x.png','photos/O90mDpMZYD5Xu6KEYrw1haRTz8tINUClJlDapcOd.jpg',292166,'image/jpeg','2025-04-14 08:44:28','2026-01-03 07:54:33'),
 (65,1,'tony.jpg','photos/bZX6IZTaoxy6mn7kvdTj3pJfnTayCeGpNwcT1IBs.jpg',126319,'image/jpeg','2025-04-14 08:47:48','2026-01-03 07:54:33'),
 (66,1,'koen.jpg','photos/6WNEexx695q4wYYTSG9f1VpMZF7XzBBiZjeIHMb5.jpg',516944,'image/jpeg','2025-04-14 08:50:35','2026-01-03 07:54:33'),
 (67,1,'francien.jpg','photos/4pcZLaV4ruoA4W6N6Dw60D4bIDYGIn2XXSttd4eQ.jpg',42166,'image/jpeg','2025-04-14 08:51:55','2026-01-03 07:54:33'),
 (68,1,'femke-verrijt.jpg','photos/aB7s0eHmvvDGhYEP8kzYeLhJ70krdd8tBWVUXjUR.jpg',709242,'image/jpeg','2025-08-07 11:41:14','2026-01-03 07:54:33'),
 (69,1,'IMG_4224.jpeg','photos/614TdbuSP1Nwto3UmkHuegMwWEZC3wPqiFikFkH7.jpg',1002412,'image/jpeg','2025-08-14 06:28:09','2026-01-03 07:54:33'),
 (70,1,'antoon-de-groot.jpg','photos/Mq9cbZ4lijV5GkYUM2m8tfeyxg3x9VI8wRZReLcw.jpg',85148,'image/jpeg','2025-08-31 10:00:25','2026-01-03 07:54:33'),
 (71,1,'riky-van-den-brand.jpg','photos/UScZFEGjLC3CyRtG9MLYxLAjP4cCGMdacNcJSOWO.jpg',16502,'image/jpeg','2025-08-31 10:02:17','2026-01-03 07:54:33'),
 (72,1,'john-keunings.jpg','photos/xlffMWKdUGLgxnJmm2vfLUfVvzoVdLLVHdaHXpOV.jpg',19546,'image/jpeg','2025-08-31 10:02:32','2026-01-03 07:54:33'),
 (73,1,'john-keunings.jpg','photos/tS4GEAwE11B1nU8RbSF9vBhDsP5YE1sAIJ8n4922.jpg',19546,'image/jpeg','2025-08-31 10:02:35','2026-01-03 07:54:33'),
 (74,1,'hans-brouwer.jpg','photos/Ru8HeZdGmoZGiAHS75RFUttBZshrXpQlbHWhEeBL.jpg',341167,'image/jpeg','2025-08-31 10:03:56','2026-01-03 07:54:33'),
 (75,1,'IMG_4425.jpeg','photos/UFnutJiYMI7Iv3lCCxsV0yeXmzYVKIFuYXq14dEQ.jpg',1853917,'image/jpeg','2025-09-14 18:27:52','2026-01-03 07:54:33'),
 (76,1,'58f21cdd-5662-4534-9c97-6fd5e2720858.jpeg','photos/bk2wIVDbZyXmvrTRaLFQ0qEiYTYmgGI8ilLRyXXC.jpg',1312006,'image/jpeg','2025-09-22 21:53:53','2026-01-03 07:54:33'),
 (77,1,'58f21cdd-5662-4534-9c97-6fd5e2720858.jpeg','photos/kF7L2w50KuAdH11nWQ2Dy2X7lAPpvbXhEbZbxES5.jpg',1312006,'image/jpeg','2025-09-22 21:53:55','2026-01-03 07:54:33'),
 (78,1,'58f21cdd-5662-4534-9c97-6fd5e2720858.jpeg','photos/GRpKd829n8xMfFtn8OvoEI0b8oV6TiewlLZbgSgr.jpg',1312006,'image/jpeg','2025-09-22 21:53:56','2026-01-03 07:54:33'),
 (79,1,'ravi-square.png','photos/bDasYrszQiWwtHOXXVthpfwgCEfbmw2xt5s5dyxP.jpg',3066877,'image/jpeg','2025-10-02 11:08:21','2026-01-03 07:54:33'),
 (80,1,'wende-square.png','photos/XJSv1Nsv8K6CjPjGryhdY9X94rEf3bjBI4q2Z54y.jpg',3998689,'image/jpeg','2025-10-02 11:09:02','2026-01-03 07:54:34'),
 (81,1,'mats-gerrits.jpeg','photos/WN5mqYACvN0zKwKwm2erROxs5NRofepVXltsywzt.jpg',820835,'image/jpeg','2025-10-11 09:42:38','2026-01-03 07:54:34'),
 (82,1,'thomas-van-leeuwarden.png','photos/A4PcgXyrktceZdOYVSWYaDWhHhxcjSbeLUxj5qEr.jpg',39451,'image/jpeg','2025-10-11 09:43:32','2026-01-03 07:54:34'),
 (83,1,'kymo.png','photos/NSkHU9Oknz0JARRZtOQuQE30Ht6hNYzDfKi35n9o.jpg',56404,'image/jpeg','2025-10-11 09:47:22','2026-01-03 07:54:34'),
 (84,1,'marc-phoelich.png','photos/4w091nIn2biU5FG9XJ8kZghnRTqM8Rg5RzKxKqy9.jpg',103071,'image/jpeg','2025-10-11 09:48:57','2026-01-03 07:54:34'),
 (85,1,'boris.png','photos/j5OdccrZKW3BeR8q2kq6hWnBMbgSlltfLLjAfwMu.jpg',67508,'image/jpeg','2025-10-11 09:50:28','2026-01-03 07:54:34'),
 (86,1,'david-mosterd.jpeg','photos/zmshBUeVS2vfCdKximGUIxtBPmdqxcU6N5DaJbql.jpg',36278,'image/jpeg','2025-10-11 09:52:12','2026-01-03 07:54:34'),
 (87,1,'danielle-dormer.jpeg','photos/SNIziDOwkIbu7JWbP0knWg6Wn7rCN35LOOAEOMkx.jpg',62863,'image/jpeg','2025-10-11 09:53:28','2026-01-03 07:54:34'),
 (88,1,'danny.png','photos/pAHN9JBasFjIumu8yP94yLU8x1FO5JtaviX2tNfQ.jpg',63670,'image/jpeg','2025-10-11 09:55:27','2026-01-03 07:54:34'),
 (89,1,'IMG_0262.jpeg','photos/zxdG9GYWXzU9Em8SB9ds2oMoqAB3GCNXHeaTbUaw.jpg',1501391,'image/jpeg','2025-10-17 17:54:51','2026-01-03 07:54:34'),
 (90,1,'Mels.png','photos/weZRgQWjFpD8Zwq1gPrumTyqajFI4B8lxk7xkqRl.jpg',108437,'image/jpeg','2025-11-26 21:31:51','2026-01-03 07:54:34'),
 (91,1,'marieke.png','photos/qxf79TWM72insIEXUAtxzEXiIEuJ1my4cqXrkM2V.jpg',93757,'image/jpeg','2025-11-26 21:34:01','2026-01-03 07:54:34');

INSERT IGNORE INTO `places` (`id`,`account_id`,`street`,`city`,`province`,`postal_code`,`country`,`latitude`,`longitude`,`created_at`,`updated_at`) VALUES
 (1,1,'Urnenveldweg 35','Wijchen',NULL,'6603 AE',NULL,51.8049114,5.7518657,'2025-02-19 15:28:42','2025-03-02 14:39:59'),
 (2,1,'Emilia van Nassaustraat 20','Wijchen',NULL,'6602 GW','NL',NULL,NULL,'2025-02-19 15:28:42','2025-02-19 15:28:42'),
 (3,1,'Zesakkers 2005','Wijchen',NULL,'6605TC','NL',51.8017929,5.7119274,'2025-02-19 15:30:43','2025-03-25 09:53:15'),
 (4,1,'Urnenveldweg 35','Wijchen',NULL,'6603AE','NL',51.8049114,5.7518657,'2025-02-19 16:48:59','2025-03-22 20:25:40'),
 (5,1,'60 Ringvaart','Beuningen',NULL,'6642 CS','NL',51.8522909,5.7738759,'2025-02-19 17:00:25','2025-02-28 08:55:06'),
 (6,1,'Zevendreef 3111','Wijchen',NULL,'6605 VE','NL',51.8025072,5.7071481,'2025-02-19 17:00:40','2025-03-25 09:54:21'),
 (7,1,'4A Treubstraat','Rotterdam',NULL,'3038XX','NL',51.933596,4.463194,'2025-02-19 17:00:48','2025-09-09 13:20:20'),
 (8,1,'Urnenveldweg 35','Wijchen','Gelderland','6603 AE','NL',51.8049114,5.7518657,'2025-02-27 14:10:28','2025-02-28 19:33:11'),
 (9,1,'Emilia van Nassaustraat 20','Wijchen','Gelderland','6602 GW','NL',NULL,NULL,'2025-02-27 14:10:48','2025-02-27 14:10:48'),
 (10,1,'Via di Colle Curcheta 1003','Aquilea','Lucca',55100,'IT',NULL,NULL,'2025-02-27 14:12:03','2025-02-27 14:12:03'),
 (11,1,'Soeterstraat 48','Reek',NULL,'Braaksma','NL',51.743624,5.686594,'2025-04-10 09:02:52','2025-04-10 09:02:53'),
 (12,1,'De Lingert 5614','Wijchen',NULL,'Braaksma','NL',51.790234,5.742615,'2025-04-10 09:03:50','2025-04-10 09:03:50');

INSERT IGNORE INTO `recovery_codes` (`id`,`account_id`,`user_id`,`recovery`,`used`,`created_at`,`updated_at`) VALUES
 (1,1,1,'CUS3-WRJM',0,'2025-02-28 18:18:47','2025-02-28 18:18:47'),
 (2,1,1,'EHEZ-QJ7N',0,'2025-02-28 18:18:47','2025-02-28 18:18:47'),
 (3,1,1,'PRON-V03Z',0,'2025-02-28 18:18:47','2025-02-28 18:18:47'),
 (4,1,1,'6DDB-A16O',0,'2025-02-28 18:18:47','2025-02-28 18:18:47'),
 (5,1,1,'FHWW-PX8H',0,'2025-02-28 18:18:47','2025-02-28 18:18:47'),
 (6,1,1,'AHWI-NYHQ',0,'2025-02-28 18:18:47','2025-02-28 18:18:47'),
 (7,1,1,'XVTB-TTPV',0,'2025-02-28 18:18:47','2025-02-28 18:18:47'),
 (8,1,1,'TW7U-ESE1',0,'2025-02-28 18:18:47','2025-02-28 18:18:47');

INSERT IGNORE INTO `relationship_type_groups` (`id`,`account_id`,`name`,`delible`,`created_at`,`updated_at`) VALUES
 (2,1,'family',0,NULL,NULL),
 (3,1,'friend',0,NULL,NULL),
 (1,1,'love',0,NULL,NULL),
 (4,1,'work',0,NULL,NULL);

INSERT IGNORE INTO `relationship_types` (`id`,`account_id`,`name`,`name_reverse_relationship`,`relationship_type_group_id`,`delible`,`created_at`,`updated_at`) VALUES
 (1,1,'partner','partner',1,0,'2025-02-19 15:24:14','2025-02-19 15:24:14'),
 (2,1,'spouse','spouse',1,0,'2025-02-19 15:24:14','2025-02-19 15:24:14'),
 (3,1,'date','date',1,0,'2025-02-19 15:24:14','2025-02-19 15:24:14'),
 (4,1,'lover','lover',1,0,'2025-02-19 15:24:14','2025-02-19 15:24:14'),
 (5,1,'inlovewith','lovedby',1,0,'2025-02-19 15:24:14','2025-02-19 15:24:14'),
 (6,1,'lovedby','inlovewith',1,0,'2025-02-19 15:24:14','2025-02-19 15:24:14'),
 (7,1,'ex','ex',1,0,'2025-02-19 15:24:14','2025-02-19 15:24:14'),
 (8,1,'parent','child',2,0,'2025-02-19 15:24:14','2025-02-19 15:24:14'),
 (9,1,'child','parent',2,0,'2025-02-19 15:24:14','2025-02-19 15:24:14'),
 (10,1,'sibling','sibling',2,0,'2025-02-19 15:24:14','2025-02-19 15:24:14'),
 (11,1,'grandparent','grandchild',2,0,'2025-02-19 15:24:14','2025-02-19 15:24:14'),
 (12,1,'grandchild','grandparent',2,0,'2025-02-19 15:24:14','2025-02-19 15:24:14'),
 (13,1,'uncle','nephew',2,0,'2025-02-19 15:24:14','2025-02-19 15:24:14'),
 (14,1,'nephew','uncle',2,0,'2025-02-19 15:24:14','2025-02-19 15:24:14'),
 (15,1,'cousin','cousin',2,0,'2025-02-19 15:24:14','2025-02-19 15:24:14'),
 (16,1,'godfather','godson',2,0,'2025-02-19 15:24:14','2025-02-19 15:24:14'),
 (17,1,'godson','godfather',2,0,'2025-02-19 15:24:14','2025-02-19 15:24:14'),
 (18,1,'friend','friend',3,0,'2025-02-19 15:24:14','2025-02-19 15:24:14'),
 (19,1,'bestfriend','bestfriend',3,0,'2025-02-19 15:24:14','2025-02-19 15:24:14'),
 (20,1,'colleague','colleague',4,0,'2025-02-19 15:24:14','2025-02-19 15:24:14'),
 (21,1,'boss','subordinate',4,0,'2025-02-19 15:24:15','2025-02-19 15:24:15'),
 (22,1,'subordinate','boss',4,0,'2025-02-19 15:24:15','2025-02-19 15:24:15'),
 (23,1,'mentor','protege',4,0,'2025-02-19 15:24:15','2025-02-19 15:24:15'),
 (24,1,'protege','mentor',4,0,'2025-02-19 15:24:15','2025-02-19 15:24:15'),
 (25,1,'ex_husband','ex_husband',1,0,'2025-02-19 15:24:15','2025-02-19 15:24:15'),
 (26,1,'stepparent','stepchild',2,0,'2025-02-19 15:24:15','2025-02-19 15:24:15'),
 (27,1,'stepchild','stepparent',2,0,'2025-02-19 15:24:15','2025-02-19 15:24:15');

INSERT IGNORE INTO `relationships` (`id`,`account_id`,`relationship_type_id`,`contact_is`,`of_contact`,`created_at`,`updated_at`) VALUES
 (1,1,8,1,2,'2025-02-19 15:31:13','2025-03-02 10:04:04'),
 (2,1,9,2,1,'2025-02-19 15:31:13','2025-03-02 10:04:04'),
 (3,1,8,1,3,'2025-02-19 15:31:44','2025-03-02 10:04:04'),
 (4,1,9,3,1,'2025-02-19 15:31:44','2025-03-02 10:04:05'),
 (5,1,2,2,3,'2025-02-19 15:33:38','2025-03-02 10:04:04'),
 (6,1,2,3,2,'2025-02-19 15:33:38','2025-03-02 10:04:05'),
 (7,1,1,4,5,'2025-02-19 15:43:51','2025-03-02 10:04:05'),
 (8,1,1,5,4,'2025-02-19 15:43:52','2025-03-02 10:04:05'),
 (9,1,10,5,1,'2025-02-19 15:44:18','2025-03-02 10:04:05'),
 (10,1,10,1,5,'2025-02-19 15:44:18','2025-03-02 10:04:04'),
 (11,1,8,5,3,'2025-02-19 15:44:29','2025-03-02 10:04:05'),
 (12,1,9,3,5,'2025-02-19 15:44:29','2025-03-02 10:04:05'),
 (13,1,8,5,2,'2025-02-19 15:44:40','2025-03-02 10:04:05'),
 (14,1,9,2,5,'2025-02-19 15:44:40','2025-03-02 10:04:05'),
 (15,1,9,5,6,'2025-02-19 15:45:59','2025-03-02 10:04:05'),
 (16,1,8,6,5,'2025-02-19 15:45:59','2025-03-02 10:04:05'),
 (17,1,8,6,4,'2025-02-19 15:46:14','2025-03-02 10:04:05'),
 (18,1,9,4,6,'2025-02-19 15:46:14','2025-03-02 10:04:05'),
 (19,1,2,7,1,'2025-02-19 15:48:24','2025-03-02 10:04:05'),
 (20,1,2,1,7,'2025-02-19 15:48:24','2025-03-02 10:04:04'),
 (23,1,8,9,1,'2025-02-19 16:49:26','2025-03-02 10:04:10'),
 (24,1,9,1,9,'2025-02-19 16:49:27','2025-03-02 10:04:04'),
 (25,1,8,9,7,'2025-02-19 16:49:40','2025-03-02 10:04:10'),
 (26,1,9,7,9,'2025-02-19 16:49:40','2025-03-02 10:04:06'),
 (27,1,10,9,10,'2025-02-19 16:50:15','2025-03-02 10:04:10'),
 (28,1,10,10,9,'2025-02-19 16:50:15','2025-03-02 10:04:10'),
 (29,1,10,9,11,'2025-02-19 16:50:26','2025-03-02 10:04:10'),
 (30,1,10,11,9,'2025-02-19 16:50:26','2025-03-02 10:04:10'),
 (31,1,10,9,12,'2025-02-19 16:50:36','2025-03-02 10:04:10'),
 (32,1,10,12,9,'2025-02-19 16:50:36','2025-03-02 10:04:11'),
 (33,1,11,9,3,'2025-02-19 16:50:46','2025-03-02 10:04:10'),
 (34,1,12,3,9,'2025-02-19 16:50:46','2025-03-02 10:04:05'),
 (35,1,11,9,2,'2025-02-19 16:50:58','2025-03-02 10:04:10'),
 (36,1,12,2,9,'2025-02-19 16:50:58','2025-03-02 10:04:05'),
 (37,1,8,10,1,'2025-02-19 16:51:44','2025-03-02 10:04:10'),
 (38,1,9,1,10,'2025-02-19 16:51:45','2025-03-02 10:04:04'),
 (39,1,8,10,7,'2025-02-19 16:51:53','2025-03-02 10:04:10'),
 (40,1,9,7,10,'2025-02-19 16:51:53','2025-03-02 10:04:06'),
 (41,1,10,10,11,'2025-02-19 16:52:05','2025-03-02 10:04:10'),
 (42,1,10,11,10,'2025-02-19 16:52:05','2025-03-02 10:04:10'),
 (43,1,10,10,12,'2025-02-19 16:52:19','2025-03-02 10:04:10'),
 (44,1,10,12,10,'2025-02-19 16:52:19','2025-03-02 10:04:11'),
 (45,1,9,7,11,'2025-02-19 16:53:01','2025-03-02 10:04:06'),
 (46,1,8,11,7,'2025-02-19 16:53:01','2025-03-02 10:04:10'),
 (47,1,9,7,12,'2025-02-19 16:53:10','2025-03-02 10:04:06'),
 (48,1,8,12,7,'2025-02-19 16:53:11','2025-03-02 10:04:11'),
 (49,1,10,11,12,'2025-02-19 16:53:43','2025-03-02 10:04:10'),
 (50,1,10,12,11,'2025-02-19 16:53:44','2025-03-02 10:04:11'),
 (51,1,8,11,1,'2025-02-19 16:54:40','2025-03-02 10:04:10'),
 (52,1,9,1,11,'2025-02-19 16:54:40','2025-03-02 10:04:04'),
 (53,1,11,11,3,'2025-02-19 16:54:50','2025-03-02 10:04:10'),
 (54,1,12,3,11,'2025-02-19 16:54:50','2025-03-02 10:04:05'),
 (55,1,11,11,2,'2025-02-19 16:55:02','2025-03-02 10:04:10'),
 (56,1,12,2,11,'2025-02-19 16:55:02','2025-03-02 10:04:05'),
 (57,1,11,6,3,'2025-02-19 16:55:33','2025-03-02 10:04:05'),
 (58,1,12,3,6,'2025-02-19 16:55:33','2025-03-02 10:04:05'),
 (59,1,11,6,2,'2025-02-19 16:55:45','2025-03-02 10:04:05'),
 (60,1,12,2,6,'2025-02-19 16:55:45','2025-03-02 10:04:05'),
 (61,1,10,15,7,'2025-02-19 17:01:22','2025-03-02 10:04:12'),
 (62,1,10,7,15,'2025-02-19 17:01:22','2025-03-02 10:04:06'),
 (63,1,8,15,13,'2025-02-19 17:01:32','2025-03-02 10:04:12'),
 (64,1,9,13,15,'2025-02-19 17:01:32','2025-03-02 10:04:11'),
 (65,1,8,15,14,'2025-02-19 17:01:46','2025-03-02 10:04:12'),
 (66,1,9,14,15,'2025-02-19 17:01:47','2025-03-02 10:04:11'),
 (67,1,10,15,16,'2025-02-19 17:02:00','2025-03-02 10:04:12'),
 (68,1,10,16,15,'2025-02-19 17:02:00','2025-03-02 10:04:12'),
 (69,1,2,13,14,'2025-02-19 17:02:37','2025-03-02 10:04:11'),
 (70,1,2,14,13,'2025-02-19 17:02:38','2025-03-02 10:04:11'),
 (71,1,9,14,7,'2025-02-19 17:03:19','2025-03-02 10:04:11'),
 (72,1,8,7,14,'2025-02-19 17:03:19','2025-03-02 10:04:07'),
 (73,1,9,14,16,'2025-02-19 17:03:28','2025-03-02 10:04:11'),
 (74,1,8,16,14,'2025-02-19 17:03:28','2025-03-02 10:04:12'),
 (75,1,9,13,7,'2025-02-19 17:03:46','2025-03-02 10:04:11'),
 (76,1,8,7,13,'2025-02-19 17:03:46','2025-03-02 10:04:09'),
 (77,1,9,13,16,'2025-02-19 17:03:53','2025-03-02 10:04:11'),
 (78,1,8,16,13,'2025-02-19 17:03:53','2025-03-02 10:04:12'),
 (79,1,8,12,1,'2025-02-19 17:14:16','2025-03-02 10:04:11'),
 (80,1,9,1,12,'2025-02-19 17:14:16','2025-03-02 10:04:04'),
 (81,1,11,12,3,'2025-02-19 17:14:25','2025-03-02 10:04:11'),
 (82,1,12,3,12,'2025-02-19 17:14:25','2025-03-02 10:04:05'),
 (83,1,11,12,2,'2025-02-19 17:14:34','2025-03-02 10:04:11'),
 (84,1,12,2,12,'2025-02-19 17:14:34','2025-03-02 10:04:05'),
 (85,1,11,12,14,'2025-02-19 17:14:47','2025-03-02 10:04:11'),
 (86,1,12,14,12,'2025-02-19 17:14:47','2025-03-02 10:04:11'),
 (87,1,11,12,13,'2025-02-19 17:15:00','2025-03-02 10:04:11'),
 (88,1,12,13,12,'2025-02-19 17:15:00','2025-03-02 10:04:11'),
 (89,1,1,16,17,'2025-02-19 18:33:40','2025-03-02 10:04:12'),
 (90,1,1,17,16,'2025-02-19 18:33:40','2025-03-02 10:04:12'),
 (91,1,9,16,18,'2025-02-19 18:34:15','2025-03-02 10:04:12'),
 (92,1,8,18,16,'2025-02-19 18:34:15','2025-03-02 10:04:12'),
 (93,1,9,16,19,'2025-02-19 18:39:59','2025-03-02 10:04:12'),
 (94,1,8,19,16,'2025-02-19 18:39:59','2025-03-02 10:04:12'),
 (95,1,9,16,20,'2025-02-19 18:40:50','2025-03-02 10:04:12'),
 (96,1,8,20,16,'2025-02-19 18:40:50','2025-03-02 10:04:12'),
 (97,1,9,15,21,'2025-02-19 18:42:36','2025-03-02 10:04:12'),
 (98,1,8,21,15,'2025-02-19 18:42:37','2025-03-02 10:04:12'),
 (99,1,1,15,22,'2025-02-19 18:53:51','2025-03-02 10:04:12'),
 (100,1,1,22,15,'2025-02-19 18:53:51','2025-03-02 10:04:13'),
 (101,1,9,15,23,'2025-02-19 18:54:15','2025-03-02 10:04:12'),
 (102,1,8,23,15,'2025-02-19 18:54:15','2025-03-02 10:04:13'),
 (103,1,9,15,24,'2025-02-19 18:55:39','2025-03-02 10:04:12'),
 (104,1,8,24,15,'2025-02-19 18:55:39','2025-03-02 10:04:13'),
 (105,1,9,15,25,'2025-02-19 18:56:20','2025-03-02 10:04:12'),
 (106,1,8,25,15,'2025-02-19 18:56:20','2025-03-02 10:04:13'),
 (107,1,8,23,22,'2025-02-19 18:59:43','2025-03-02 10:04:13'),
 (108,1,9,22,23,'2025-02-19 18:59:43','2025-03-02 10:04:13'),
 (109,1,9,22,25,'2025-02-19 18:59:53','2025-03-02 10:04:13'),
 (110,1,8,25,22,'2025-02-19 18:59:53','2025-03-02 10:04:13'),
 (111,1,9,22,21,'2025-02-19 19:00:00','2025-03-02 10:04:13'),
 (112,1,8,21,22,'2025-02-19 19:00:01','2025-03-02 10:04:13'),
 (113,1,9,22,24,'2025-02-19 19:00:08','2025-03-02 10:04:13'),
 (114,1,8,24,22,'2025-02-19 19:00:08','2025-03-02 10:04:13'),
 (115,1,8,20,17,'2025-02-19 19:17:29','2025-03-02 10:04:12'),
 (116,1,9,17,20,'2025-02-19 19:17:29','2025-03-02 10:04:12'),
 (118,1,9,17,18,'2025-02-19 19:17:43','2025-03-02 10:04:12'),
 (120,1,8,18,17,'2025-02-19 19:17:57','2025-03-02 10:04:12'),
 (121,1,9,17,19,'2025-02-19 19:18:10','2025-03-02 10:04:12'),
 (122,1,8,19,17,'2025-02-19 19:18:10','2025-03-02 10:04:12'),
 (123,1,21,28,7,'2025-02-27 14:13:55','2025-03-02 10:04:13'),
 (124,1,22,7,28,'2025-02-27 14:13:55','2025-03-02 10:04:09'),
 (125,1,20,7,27,'2025-02-27 14:14:33','2025-03-02 10:04:09'),
 (126,1,20,27,7,'2025-02-27 14:14:33','2025-03-02 10:04:13'),
 (127,1,2,33,34,'2025-02-27 14:24:09','2025-03-02 10:04:14'),
 (128,1,2,34,33,'2025-02-27 14:24:09','2025-03-02 10:04:14'),
 (129,1,18,33,7,'2025-02-27 14:24:27','2025-03-02 10:04:14'),
 (130,1,18,7,33,'2025-02-27 14:24:27','2025-03-02 10:04:09'),
 (131,1,20,33,7,'2025-02-27 14:24:47','2025-03-02 10:04:14'),
 (132,1,20,7,33,'2025-02-27 14:24:47','2025-03-02 10:04:09'),
 (133,1,20,34,7,'2025-02-27 14:25:07','2025-03-02 10:04:14'),
 (134,1,20,7,34,'2025-02-27 14:25:07','2025-03-02 10:04:09'),
 (135,1,9,31,35,'2025-02-27 14:26:44','2025-03-02 10:04:13'),
 (136,1,8,35,31,'2025-02-27 14:26:44','2025-03-02 10:04:14'),
 (137,1,20,31,7,'2025-02-27 14:30:49','2025-03-02 10:04:13'),
 (138,1,20,7,31,'2025-02-27 14:30:49','2025-03-02 10:04:09'),
 (139,1,19,36,7,'2025-02-27 14:31:40','2025-03-02 10:04:14'),
 (140,1,19,7,36,'2025-02-27 14:31:40','2025-03-02 10:04:09'),
 (141,1,2,37,38,'2025-02-27 14:35:36','2025-03-02 10:04:14'),
 (142,1,2,38,37,'2025-02-27 14:35:36','2025-03-02 10:04:14'),
 (143,1,9,37,39,'2025-02-27 14:36:23','2025-03-02 10:04:14'),
 (144,1,8,39,37,'2025-02-27 14:36:23','2025-03-02 10:04:14'),
 (145,1,9,37,40,'2025-02-27 14:36:59','2025-03-02 10:04:14'),
 (146,1,8,40,37,'2025-02-27 14:36:59','2025-03-02 10:04:14'),
 (147,1,9,38,39,'2025-02-27 14:38:29','2025-03-02 10:04:14'),
 (148,1,8,39,38,'2025-02-27 14:38:29','2025-03-02 10:04:14'),
 (149,1,9,38,40,'2025-02-27 14:38:36','2025-03-02 10:04:14'),
 (150,1,8,40,38,'2025-02-27 14:38:36','2025-03-02 10:04:14'),
 (151,1,9,37,41,'2025-02-27 14:40:44','2025-03-02 10:04:14'),
 (152,1,8,41,37,'2025-02-27 14:40:44','2025-03-02 10:04:14'),
 (153,1,9,38,41,'2025-02-27 14:42:01','2025-03-02 10:04:14'),
 (154,1,8,41,38,'2025-02-27 14:42:02','2025-03-02 10:04:14'),
 (155,1,21,30,7,'2025-02-27 14:45:32','2025-03-02 10:04:13'),
 (156,1,22,7,30,'2025-02-27 14:45:32','2025-03-02 10:04:09'),
 (157,1,21,42,7,'2025-02-27 14:46:40','2025-03-02 10:04:14'),
 (158,1,22,7,42,'2025-02-27 14:46:40','2025-03-02 10:04:09'),
 (159,1,2,42,43,'2025-02-27 14:48:56','2025-03-02 10:04:14'),
 (160,1,2,43,42,'2025-02-27 14:48:56','2025-03-02 10:04:14'),
 (161,1,1,32,44,'2025-02-27 15:05:14','2025-03-02 10:04:13'),
 (162,1,1,44,32,'2025-02-27 15:05:15','2025-03-02 10:04:14'),
 (163,1,15,32,1,'2025-02-27 15:06:53','2025-03-02 10:04:14'),
 (164,1,15,1,32,'2025-02-27 15:06:53','2025-03-02 10:04:04'),
 (165,1,21,32,7,'2025-02-27 15:07:14','2025-03-02 10:04:14'),
 (166,1,22,7,32,'2025-02-27 15:07:14','2025-03-02 10:04:10'),
 (167,1,2,27,45,'2025-02-27 15:09:01','2025-03-02 10:04:13'),
 (168,1,2,45,27,'2025-02-27 15:09:01','2025-03-02 10:04:14'),
 (169,1,9,45,46,'2025-02-27 15:12:19','2025-03-02 10:04:14'),
 (170,1,8,46,45,'2025-02-27 15:12:19','2025-03-02 10:04:14'),
 (171,1,9,27,46,'2025-02-27 15:12:29','2025-03-02 10:04:13'),
 (172,1,8,46,27,'2025-02-27 15:12:29','2025-03-02 10:04:14'),
 (173,1,9,27,47,'2025-02-27 15:14:39','2025-03-02 10:04:13'),
 (174,1,8,47,27,'2025-02-27 15:14:39','2025-03-02 10:04:14'),
 (175,1,9,32,48,'2025-02-27 15:18:07','2025-03-02 10:04:14'),
 (176,1,8,48,32,'2025-02-27 15:18:07','2025-03-02 10:04:14'),
 (177,1,8,48,44,'2025-02-27 15:18:21','2025-03-02 10:04:14'),
 (178,1,9,44,48,'2025-02-27 15:18:21','2025-03-02 10:04:14'),
 (179,1,1,28,49,'2025-02-27 15:21:37','2025-03-02 10:04:13'),
 (180,1,1,49,28,'2025-02-27 15:21:37','2025-03-02 10:04:14'),
 (181,1,9,28,50,'2025-02-27 15:23:12','2025-03-02 10:04:13'),
 (182,1,8,50,28,'2025-02-27 15:23:12','2025-03-02 10:04:15'),
 (183,1,9,28,51,'2025-02-27 15:24:17','2025-03-02 10:04:13'),
 (184,1,8,51,28,'2025-02-27 15:24:17','2025-03-02 10:04:15'),
 (185,1,8,51,49,'2025-02-27 15:24:50','2025-03-02 10:04:15'),
 (186,1,9,49,51,'2025-02-27 15:24:50','2025-03-02 10:04:14'),
 (187,1,9,49,50,'2025-02-27 15:25:06','2025-03-02 10:04:15'),
 (188,1,8,50,49,'2025-02-27 15:25:07','2025-03-02 10:04:15'),
 (189,1,4,53,9,'2025-02-28 08:51:58','2025-03-02 10:04:15'),
 (190,1,4,9,53,'2025-02-28 08:51:58','2025-03-02 10:04:10'),
 (191,1,12,14,9,'2025-02-28 08:56:38','2025-03-02 10:04:11'),
 (192,1,11,9,14,'2025-02-28 08:56:38','2025-03-02 10:04:10'),
 (193,1,12,14,10,'2025-02-28 08:56:47','2025-03-02 10:04:11'),
 (194,1,11,10,14,'2025-02-28 08:56:48','2025-03-02 10:04:10'),
 (195,1,12,14,11,'2025-02-28 08:56:59','2025-03-02 10:04:11'),
 (196,1,11,11,14,'2025-02-28 08:57:00','2025-03-02 10:04:10'),
 (197,1,12,14,25,'2025-02-28 08:57:20','2025-03-02 10:04:11'),
 (198,1,11,25,14,'2025-02-28 08:57:20','2025-03-02 10:04:13'),
 (199,1,12,14,21,'2025-02-28 08:57:30','2025-03-02 10:04:11'),
 (200,1,11,21,14,'2025-02-28 08:57:30','2025-03-02 10:04:13'),
 (201,1,12,14,23,'2025-02-28 08:57:41','2025-03-02 10:04:11'),
 (202,1,11,23,14,'2025-02-28 08:57:41','2025-03-02 10:04:13'),
 (203,1,12,14,24,'2025-02-28 08:57:53','2025-03-02 10:04:11'),
 (204,1,11,24,14,'2025-02-28 08:57:53','2025-03-02 10:04:13'),
 (205,1,12,14,18,'2025-02-28 08:58:03','2025-03-02 10:04:11'),
 (206,1,11,18,14,'2025-02-28 08:58:03','2025-03-02 10:04:12'),
 (207,1,12,14,20,'2025-02-28 08:58:15','2025-03-02 10:04:11'),
 (208,1,11,20,14,'2025-02-28 08:58:15','2025-03-02 10:04:12'),
 (209,1,12,14,19,'2025-02-28 08:58:33','2025-03-02 10:04:12'),
 (210,1,11,19,14,'2025-02-28 08:58:33','2025-03-02 10:04:12'),
 (211,1,2,58,59,'2025-02-28 09:04:21','2025-03-02 10:04:15'),
 (212,1,2,59,58,'2025-02-28 09:04:21','2025-03-02 10:04:15'),
 (213,1,2,54,60,'2025-02-28 09:07:50','2025-03-02 10:04:15'),
 (214,1,2,60,54,'2025-02-28 09:07:50','2025-03-02 10:04:15'),
 (215,1,1,56,61,'2025-02-28 09:11:49','2025-03-02 10:04:15'),
 (216,1,1,61,56,'2025-02-28 09:11:49','2025-03-02 10:04:15'),
 (217,1,2,57,62,'2025-02-28 09:13:51','2025-03-02 10:04:15'),
 (218,1,2,62,57,'2025-02-28 09:13:51','2025-03-02 10:04:15'),
 (219,1,9,63,64,'2025-02-28 09:18:01','2025-03-02 10:04:15'),
 (220,1,8,64,63,'2025-02-28 09:18:01','2025-03-02 10:04:15'),
 (221,1,9,63,65,'2025-02-28 09:20:17','2025-03-02 10:04:15'),
 (222,1,8,65,63,'2025-02-28 09:20:17','2025-03-02 10:04:15'),
 (223,1,18,65,11,'2025-02-28 09:20:28','2025-03-02 10:04:15'),
 (224,1,18,11,65,'2025-02-28 09:20:28','2025-03-02 10:04:10'),
 (225,1,18,64,12,'2025-02-28 09:20:42','2025-03-02 10:04:15'),
 (226,1,18,12,64,'2025-02-28 09:20:42','2025-03-02 10:04:11'),
 (227,1,1,63,66,'2025-02-28 09:26:52','2025-03-02 10:04:15'),
 (228,1,1,66,63,'2025-02-28 09:26:52','2025-03-02 10:04:15'),
 (229,1,8,64,66,'2025-02-28 09:27:05','2025-03-02 10:04:15'),
 (230,1,9,66,64,'2025-02-28 09:27:05','2025-03-02 10:04:15'),
 (231,1,8,65,66,'2025-02-28 09:27:21','2025-03-02 10:04:15'),
 (232,1,9,66,65,'2025-02-28 09:27:22','2025-03-02 10:04:15'),
 (233,1,10,65,64,'2025-02-28 09:27:31','2025-03-02 10:04:15'),
 (234,1,10,64,65,'2025-02-28 09:27:31','2025-03-02 10:04:15'),
 (235,1,9,56,67,'2025-02-28 09:44:51','2025-03-02 10:04:15'),
 (236,1,8,67,56,'2025-02-28 09:44:51','2025-03-02 10:04:15'),
 (237,1,9,56,68,'2025-02-28 09:45:52','2025-03-02 10:04:15'),
 (238,1,8,68,56,'2025-02-28 09:45:52','2025-03-02 10:04:15'),
 (239,1,9,54,69,'2025-02-28 09:47:03','2025-03-02 10:04:15'),
 (240,1,8,69,54,'2025-02-28 09:47:03','2025-03-02 10:04:16'),
 (241,1,9,54,70,'2025-02-28 09:47:28','2025-03-02 10:04:15'),
 (242,1,8,70,54,'2025-02-28 09:47:28','2025-03-02 10:04:16'),
 (243,1,9,58,71,'2025-02-28 09:49:20','2025-03-02 10:04:15'),
 (244,1,8,71,58,'2025-02-28 09:49:20','2025-03-02 10:04:16'),
 (245,1,27,54,72,'2025-02-28 09:51:52','2025-03-02 10:04:15'),
 (246,1,26,72,54,'2025-02-28 09:51:52','2025-03-02 10:04:16'),
 (247,1,9,72,60,'2025-02-28 09:52:02','2025-03-02 10:04:16'),
 (248,1,8,60,72,'2025-02-28 09:52:02','2025-03-02 10:04:15'),
 (249,1,10,70,72,'2025-02-28 10:59:15','2025-03-02 10:04:16'),
 (250,1,10,72,70,'2025-02-28 10:59:16','2025-03-02 10:04:16'),
 (251,1,10,70,69,'2025-02-28 10:59:26','2025-03-02 10:04:16'),
 (252,1,10,69,70,'2025-02-28 10:59:26','2025-03-02 10:04:16'),
 (253,1,20,78,79,'2025-03-04 16:00:59','2025-03-22 18:55:55'),
 (254,1,20,79,78,'2025-03-04 16:00:59','2025-03-22 18:55:55'),
 (255,1,21,79,7,'2025-03-04 16:01:42','2025-03-22 18:55:55'),
 (256,1,22,7,79,'2025-03-04 16:01:43','2025-03-22 18:55:54'),
 (257,1,21,78,7,'2025-03-04 16:01:55','2025-03-22 18:55:55'),
 (258,1,22,7,78,'2025-03-04 16:01:55','2025-03-22 18:55:54'),
 (259,1,2,80,81,'2025-03-09 08:36:35','2025-03-22 18:55:55'),
 (260,1,2,81,80,'2025-03-09 08:36:35','2025-03-22 18:55:55'),
 (261,1,9,80,82,'2025-03-09 08:37:37','2025-03-22 18:55:55'),
 (262,1,8,82,80,'2025-03-09 08:37:37','2025-03-22 18:55:55'),
 (263,1,8,82,81,'2025-03-09 08:45:27','2025-03-22 18:55:55'),
 (264,1,9,81,82,'2025-03-09 08:45:27','2025-03-22 18:55:55'),
 (265,1,2,84,85,'2025-03-22 18:19:00','2025-03-22 18:55:55'),
 (266,1,2,85,84,'2025-03-22 18:19:00','2025-03-22 18:55:55'),
 (267,1,9,84,86,'2025-03-22 18:19:31','2025-03-22 18:55:55'),
 (268,1,8,86,84,'2025-03-22 18:19:31','2025-03-22 18:55:55'),
 (269,1,9,84,87,'2025-03-22 18:21:10','2025-03-22 18:55:55'),
 (270,1,8,87,84,'2025-03-22 18:21:11','2025-03-22 18:55:55'),
 (271,1,8,86,85,'2025-03-22 18:21:24','2025-03-22 18:55:55'),
 (272,1,9,85,86,'2025-03-22 18:21:24','2025-03-22 18:55:55'),
 (273,1,10,86,87,'2025-03-22 18:21:42','2025-03-22 18:55:55'),
 (274,1,10,87,86,'2025-03-22 18:21:42','2025-03-22 18:55:55'),
 (275,1,8,87,85,'2025-03-22 18:21:58','2025-03-22 18:55:55'),
 (276,1,9,85,87,'2025-03-22 18:21:58','2025-03-22 18:55:55'),
 (277,1,9,58,88,'2025-03-22 19:41:53','2025-03-22 19:46:16'),
 (278,1,8,88,58,'2025-03-22 19:41:53','2025-03-22 19:46:16'),
 (279,1,8,71,59,'2025-03-22 19:44:39','2025-03-22 19:46:16'),
 (280,1,9,59,71,'2025-03-22 19:44:39','2025-03-22 19:46:16'),
 (281,1,10,71,88,'2025-03-22 19:44:49','2025-03-22 19:46:16'),
 (282,1,10,88,71,'2025-03-22 19:44:49','2025-03-22 19:46:16'),
 (283,1,8,88,59,'2025-03-22 19:45:39','2025-03-22 19:46:16'),
 (284,1,9,59,88,'2025-03-22 19:45:39','2025-03-22 19:46:16'),
 (285,1,2,92,93,'2025-03-25 10:24:44','2025-03-27 07:29:22'),
 (286,1,2,93,92,'2025-03-25 10:24:44','2025-03-27 07:29:22'),
 (287,1,2,97,98,'2025-03-25 10:55:01','2025-03-27 07:29:22'),
 (288,1,2,98,97,'2025-03-25 10:55:01','2025-03-27 07:29:22'),
 (289,1,2,102,103,'2025-03-25 11:01:48','2025-03-27 07:29:23'),
 (290,1,2,103,102,'2025-03-25 11:01:48','2025-03-27 07:29:23'),
 (291,1,2,106,107,'2025-03-25 11:39:01','2025-03-27 07:29:23'),
 (292,1,2,107,106,'2025-03-25 11:39:01','2025-03-27 07:29:23'),
 (293,1,8,70,60,'2025-03-27 07:18:09','2025-03-27 07:29:22'),
 (294,1,9,60,70,'2025-03-27 07:18:09','2025-03-27 07:29:22'),
 (295,1,18,109,10,'2025-04-10 09:03:03','2026-01-03 07:54:31'),
 (296,1,18,10,109,'2025-04-10 09:03:03','2026-01-03 07:54:31'),
 (297,1,18,109,110,'2025-04-10 09:03:13','2026-01-03 07:54:31'),
 (298,1,18,110,109,'2025-04-10 09:03:13','2026-01-03 07:54:31'),
 (299,1,11,25,13,'2025-04-10 09:06:19','2026-01-03 07:54:31'),
 (300,1,12,13,25,'2025-04-10 09:06:19','2026-01-03 07:54:31'),
 (301,1,10,25,21,'2025-04-10 09:06:36','2026-01-03 07:54:31'),
 (302,1,10,21,25,'2025-04-10 09:06:36','2026-01-03 07:54:31'),
 (303,1,10,25,23,'2025-04-10 09:06:42','2026-01-03 07:54:31'),
 (304,1,10,23,25,'2025-04-10 09:06:42','2026-01-03 07:54:31'),
 (305,1,10,25,24,'2025-04-10 09:06:51','2026-01-03 07:54:31'),
 (306,1,10,24,25,'2025-04-10 09:06:51','2026-01-03 07:54:31'),
 (307,1,8,111,55,'2025-04-13 19:30:23','2026-01-03 07:54:31'),
 (308,1,9,55,111,'2025-04-13 19:30:23','2026-01-03 07:54:31'),
 (309,1,2,55,112,'2025-04-13 19:31:45','2026-01-03 07:54:31'),
 (310,1,2,112,55,'2025-04-13 19:31:45','2026-01-03 07:54:31'),
 (311,1,9,55,113,'2025-04-13 19:38:58','2026-01-03 07:54:31'),
 (312,1,8,113,55,'2025-04-13 19:38:58','2026-01-03 07:54:31'),
 (313,1,10,113,111,'2025-04-13 19:43:36','2026-01-03 07:54:31'),
 (314,1,10,111,113,'2025-04-13 19:43:36','2026-01-03 07:54:31'),
 (315,1,8,111,112,'2025-04-13 19:43:54','2026-01-03 07:54:31'),
 (316,1,9,112,111,'2025-04-13 19:43:54','2026-01-03 07:54:31'),
 (317,1,8,113,112,'2025-04-13 19:44:06','2026-01-03 07:54:31'),
 (318,1,9,112,113,'2025-04-13 19:44:06','2026-01-03 07:54:31'),
 (319,1,9,114,32,'2025-04-14 08:42:35','2026-01-03 07:54:31'),
 (320,1,8,32,114,'2025-04-14 08:42:35','2026-01-03 07:54:31'),
 (321,1,9,114,115,'2025-04-14 08:43:39','2026-01-03 07:54:31'),
 (322,1,8,115,114,'2025-04-14 08:43:40','2026-01-03 07:54:31'),
 (323,1,10,115,32,'2025-04-14 08:43:53','2026-01-03 07:54:31'),
 (324,1,10,32,115,'2025-04-14 08:43:54','2026-01-03 07:54:31'),
 (325,1,10,117,2,'2025-04-14 08:52:07','2026-01-03 07:54:31'),
 (328,1,10,2,117,'2025-04-14 08:52:12','2026-01-03 07:54:31'),
 (329,1,9,62,120,'2025-05-14 08:17:04','2026-01-03 07:54:31'),
 (330,1,8,120,62,'2025-05-14 08:17:04','2026-01-03 07:54:31'),
 (331,1,8,120,57,'2025-05-14 08:17:23','2026-01-03 07:54:31'),
 (332,1,9,57,120,'2025-05-14 08:17:23','2026-01-03 07:54:31'),
 (333,1,10,67,68,'2025-05-14 08:22:36','2026-01-03 07:54:31'),
 (334,1,10,68,67,'2025-05-14 08:22:36','2026-01-03 07:54:31'),
 (335,1,11,9,13,'2025-06-30 11:50:31','2026-01-03 07:54:31'),
 (336,1,12,13,9,'2025-06-30 11:50:31','2026-01-03 07:54:31'),
 (337,1,11,11,13,'2025-06-30 11:50:45','2026-01-03 07:54:31'),
 (338,1,12,13,11,'2025-06-30 11:50:45','2026-01-03 07:54:31'),
 (339,1,11,10,3,'2025-06-30 11:51:17','2026-01-03 07:54:31'),
 (340,1,12,3,10,'2025-06-30 11:51:17','2026-01-03 07:54:31'),
 (341,1,11,10,2,'2025-06-30 11:51:26','2026-01-03 07:54:31'),
 (342,1,12,2,10,'2025-06-30 11:51:26','2026-01-03 07:54:31'),
 (343,1,11,10,13,'2025-06-30 11:51:39','2026-01-03 07:54:31'),
 (344,1,12,13,10,'2025-06-30 11:51:39','2026-01-03 07:54:31'),
 (345,1,18,10,110,'2025-06-30 11:51:56','2026-01-03 07:54:31'),
 (346,1,18,110,10,'2025-06-30 11:51:56','2026-01-03 07:54:31'),
 (347,1,21,121,7,'2025-07-19 14:06:55','2026-01-03 07:54:31'),
 (348,1,22,7,121,'2025-07-19 14:06:55','2026-01-03 07:54:31'),
 (349,1,4,122,54,'2025-08-07 11:41:28','2026-01-03 07:54:31'),
 (350,1,4,54,122,'2025-08-07 11:41:28','2026-01-03 07:54:31'),
 (351,1,8,123,31,'2025-08-14 06:26:36','2026-01-03 07:54:31'),
 (352,1,9,31,123,'2025-08-14 06:26:36','2026-01-03 07:54:32'),
 (353,1,10,123,35,'2025-08-14 06:26:49','2026-01-03 07:54:32'),
 (354,1,10,35,123,'2025-08-14 06:26:49','2026-01-03 07:54:32'),
 (355,1,2,90,125,'2025-08-29 18:32:09','2026-01-03 07:54:32'),
 (356,1,2,125,90,'2025-08-29 18:32:09','2026-01-03 07:54:32'),
 (357,1,10,2,126,'2025-08-29 18:36:37','2026-01-03 07:54:32'),
 (358,1,10,126,2,'2025-08-29 18:36:37','2026-01-03 07:54:32'),
 (361,1,2,127,126,'2025-08-29 18:38:31','2026-01-03 07:54:32'),
 (362,1,2,126,127,'2025-08-29 18:38:31','2026-01-03 07:54:32'),
 (363,1,9,128,13,'2025-08-31 09:50:09','2026-01-03 07:54:32'),
 (364,1,8,13,128,'2025-08-31 09:50:14','2026-01-03 07:54:32'),
 (365,1,9,128,129,'2025-08-31 09:50:51','2026-01-03 07:54:32'),
 (366,1,8,129,128,'2025-08-31 09:50:51','2026-01-03 07:54:32'),
 (367,1,1,129,130,'2025-08-31 09:56:01','2026-01-03 07:54:32'),
 (368,1,1,130,129,'2025-08-31 09:56:01','2026-01-03 07:54:32'),
 (369,1,10,126,117,'2025-08-31 09:59:23','2026-01-03 07:54:32'),
 (370,1,10,117,126,'2025-08-31 09:59:23','2026-01-03 07:54:32'),
 (371,1,2,117,131,'2025-08-31 09:59:54','2026-01-03 07:54:32'),
 (372,1,2,131,117,'2025-08-31 09:59:54','2026-01-03 07:54:32'),
 (373,1,10,129,13,'2025-08-31 10:04:48','2026-01-03 07:54:32'),
 (374,1,10,13,129,'2025-08-31 10:04:48','2026-01-03 07:54:32'),
 (375,1,14,129,7,'2025-08-31 10:05:01','2026-01-03 07:54:32'),
 (376,1,13,7,129,'2025-08-31 10:05:01','2026-01-03 07:54:32'),
 (377,1,1,132,133,'2025-09-13 20:21:51','2026-01-03 07:54:32'),
 (378,1,1,133,132,'2025-09-13 20:21:51','2026-01-03 07:54:32'),
 (379,1,10,141,3,'2025-10-02 10:30:03','2026-01-03 07:54:32'),
 (380,1,10,3,141,'2025-10-02 10:30:03','2026-01-03 07:54:32'),
 (381,1,18,144,11,'2025-10-11 09:42:50','2026-01-03 07:54:32'),
 (382,1,18,11,144,'2025-10-11 09:42:51','2026-01-03 07:54:32'),
 (383,1,18,142,11,'2025-10-11 09:43:43','2026-01-03 07:54:32'),
 (384,1,18,11,142,'2025-10-11 09:43:43','2026-01-03 07:54:32'),
 (385,1,18,142,144,'2025-10-11 09:43:51','2026-01-03 07:54:32'),
 (386,1,18,144,142,'2025-10-11 09:43:51','2026-01-03 07:54:32'),
 (387,1,18,145,11,'2025-10-11 09:47:31','2026-01-03 07:54:32'),
 (388,1,18,11,145,'2025-10-11 09:47:31','2026-01-03 07:54:32'),
 (389,1,18,145,144,'2025-10-11 09:47:37','2026-01-03 07:54:32'),
 (390,1,18,144,145,'2025-10-11 09:47:37','2026-01-03 07:54:32'),
 (391,1,18,145,142,'2025-10-11 09:47:44','2026-01-03 07:54:32'),
 (392,1,18,142,145,'2025-10-11 09:47:44','2026-01-03 07:54:32'),
 (393,1,9,154,54,'2025-12-11 10:33:21','2026-01-03 07:54:32'),
 (394,1,8,54,154,'2025-12-11 10:33:21','2026-01-03 07:54:32'),
 (395,1,18,156,9,'2025-12-27 06:37:47','2026-01-03 07:54:32'),
 (396,1,18,9,156,'2025-12-27 06:37:47','2026-01-03 07:54:32');

INSERT IGNORE INTO `reminder_outbox` (`id`,`account_id`,`reminder_id`,`user_id`,`planned_date`,`nature`,`notification_number_days_before`,`created_at`,`updated_at`) VALUES
 (4,1,2,1,'2025-04-11','reminder',NULL,'2025-02-19 15:32:55','2025-02-19 15:32:55'),
 (5,1,2,1,'2025-04-04','notification',7,'2025-02-19 15:32:55','2025-02-19 15:32:55'),
 (6,1,2,1,'2025-03-12','notification',30,'2025-02-19 15:32:55','2025-02-19 15:32:55'),
 (7,1,3,1,'2025-09-14','reminder',NULL,'2025-02-19 15:36:42','2025-02-19 15:36:42'),
 (8,1,3,1,'2025-09-07','notification',7,'2025-02-19 15:36:42','2025-02-19 15:36:42'),
 (9,1,3,1,'2025-08-15','notification',30,'2025-02-19 15:36:42','2025-02-19 15:36:42'),
 (10,1,4,1,'2025-04-18','reminder',NULL,'2025-02-19 15:37:10','2025-02-19 15:37:10'),
 (11,1,4,1,'2025-04-11','notification',7,'2025-02-19 15:37:10','2025-02-19 15:37:10'),
 (12,1,4,1,'2025-03-19','notification',30,'2025-02-19 15:37:10','2025-02-19 15:37:10'),
 (13,1,5,1,'2025-03-01','reminder',NULL,'2025-02-19 15:45:59','2025-02-19 15:45:59'),
 (14,1,5,1,'2025-02-22','notification',7,'2025-02-19 15:45:59','2025-02-19 15:45:59'),
 (18,1,7,1,'2025-06-30','reminder',NULL,'2025-02-19 15:48:53','2025-02-19 15:48:53'),
 (19,1,7,1,'2025-06-23','notification',7,'2025-02-19 15:48:53','2025-02-19 15:48:53'),
 (20,1,7,1,'2025-05-31','notification',30,'2025-02-19 15:48:53','2025-02-19 15:48:53'),
 (21,1,8,1,'2025-09-27','reminder',NULL,'2025-02-19 16:46:54','2025-02-19 16:46:54'),
 (22,1,8,1,'2025-09-20','notification',7,'2025-02-19 16:46:54','2025-02-19 16:46:54'),
 (23,1,8,1,'2025-08-28','notification',30,'2025-02-19 16:46:54','2025-02-19 16:46:54'),
 (24,1,9,1,'2025-06-30','reminder',NULL,'2025-02-19 16:48:30','2025-02-19 16:48:30'),
 (25,1,9,1,'2025-06-23','notification',7,'2025-02-19 16:48:31','2025-02-19 16:48:31'),
 (26,1,9,1,'2025-05-31','notification',30,'2025-02-19 16:48:31','2025-02-19 16:48:31'),
 (36,1,13,1,'2026-02-13','reminder',NULL,'2025-02-19 16:54:11','2025-02-19 16:54:11'),
 (37,1,13,1,'2026-02-06','notification',7,'2025-02-19 16:54:11','2025-02-19 16:54:11'),
 (38,1,13,1,'2026-01-14','notification',30,'2025-02-19 16:54:11','2025-02-19 16:54:11'),
 (39,1,14,1,'2025-12-23','reminder',NULL,'2025-02-19 16:54:26','2025-02-19 16:54:26'),
 (40,1,14,1,'2025-12-16','notification',7,'2025-02-19 16:54:26','2025-02-19 16:54:26'),
 (41,1,14,1,'2025-11-23','notification',30,'2025-02-19 16:54:26','2025-02-19 16:54:26'),
 (42,1,15,1,'2025-06-08','reminder',NULL,'2025-02-19 17:00:39','2025-02-19 17:00:39'),
 (43,1,15,1,'2025-06-01','notification',7,'2025-02-19 17:00:39','2025-02-19 17:00:39'),
 (44,1,15,1,'2025-05-09','notification',30,'2025-02-19 17:00:39','2025-02-19 17:00:39'),
 (47,1,17,1,'2025-09-24','reminder',NULL,'2025-02-19 17:02:21','2025-02-19 17:02:21'),
 (48,1,17,1,'2025-09-17','notification',7,'2025-02-19 17:02:21','2025-02-19 17:02:21'),
 (49,1,17,1,'2025-08-25','notification',30,'2025-02-19 17:02:21','2025-02-19 17:02:21'),
 (50,1,18,1,'2025-12-06','reminder',NULL,'2025-02-19 17:03:06','2025-02-19 17:03:06'),
 (51,1,18,1,'2025-11-29','notification',7,'2025-02-19 17:03:06','2025-02-19 17:03:06'),
 (52,1,18,1,'2025-11-06','notification',30,'2025-02-19 17:03:06','2025-02-19 17:03:06'),
 (53,1,19,1,'2025-03-20','reminder',NULL,'2025-02-19 17:04:14','2025-02-19 17:04:14'),
 (54,1,19,1,'2025-03-13','notification',7,'2025-02-19 17:04:14','2025-02-19 17:04:14'),
 (55,1,20,1,'2025-08-12','reminder',NULL,'2025-02-19 17:24:30','2025-02-19 17:24:30'),
 (56,1,20,1,'2025-08-05','notification',7,'2025-02-19 17:24:30','2025-02-19 17:24:30'),
 (57,1,20,1,'2025-07-13','notification',30,'2025-02-19 17:24:31','2025-02-19 17:24:31'),
 (70,1,25,1,'2025-09-24','reminder',NULL,'2025-02-19 18:42:36','2025-02-19 18:42:36'),
 (71,1,25,1,'2025-09-17','notification',7,'2025-02-19 18:42:36','2025-02-19 18:42:36'),
 (72,1,25,1,'2025-08-25','notification',30,'2025-02-19 18:42:36','2025-02-19 18:42:36'),
 (73,1,26,1,'2025-06-04','reminder',NULL,'2025-02-19 18:43:30','2025-02-19 18:43:30'),
 (74,1,26,1,'2025-05-28','notification',7,'2025-02-19 18:43:30','2025-02-19 18:43:30'),
 (75,1,26,1,'2025-05-05','notification',30,'2025-02-19 18:43:30','2025-02-19 18:43:30'),
 (76,1,27,1,'2026-01-02','reminder',NULL,'2025-02-19 18:47:38','2025-02-19 18:47:38'),
 (77,1,27,1,'2025-12-26','notification',7,'2025-02-19 18:47:38','2025-02-19 18:47:38'),
 (78,1,27,1,'2025-12-03','notification',30,'2025-02-19 18:47:38','2025-02-19 18:47:38'),
 (82,1,29,1,'2025-10-30','reminder',NULL,'2025-02-19 18:54:40','2025-02-19 18:54:40'),
 (83,1,29,1,'2025-10-23','notification',7,'2025-02-19 18:54:40','2025-02-19 18:54:40'),
 (84,1,29,1,'2025-09-30','notification',30,'2025-02-19 18:54:40','2025-02-19 18:54:40'),
 (85,1,30,1,'2025-08-03','reminder',NULL,'2025-02-19 18:55:39','2025-02-19 18:55:39'),
 (86,1,30,1,'2025-07-27','notification',7,'2025-02-19 18:55:39','2025-02-19 18:55:39'),
 (87,1,30,1,'2025-07-04','notification',30,'2025-02-19 18:55:39','2025-02-19 18:55:39'),
 (91,1,32,1,'2025-12-28','reminder',NULL,'2025-02-19 18:59:23','2025-02-19 18:59:23'),
 (92,1,32,1,'2025-12-21','notification',7,'2025-02-19 18:59:23','2025-02-19 18:59:23'),
 (93,1,32,1,'2025-11-28','notification',30,'2025-02-19 18:59:23','2025-02-19 18:59:23'),
 (94,1,33,1,'2025-03-23','reminder',NULL,'2025-02-19 19:15:15','2025-02-19 19:15:15'),
 (95,1,33,1,'2025-03-16','notification',7,'2025-02-19 19:15:15','2025-02-19 19:15:15'),
 (96,1,33,1,'2025-02-21','notification',30,'2025-02-19 19:15:15','2025-02-19 19:15:15'),
 (97,1,34,1,'2025-06-01','reminder',NULL,'2025-02-24 07:34:18','2025-02-24 07:34:18'),
 (98,1,34,1,'2025-05-25','notification',7,'2025-02-24 07:34:18','2025-02-24 07:34:18'),
 (99,1,34,1,'2025-05-02','notification',30,'2025-02-24 07:34:18','2025-02-24 07:34:18'),
 (109,1,38,1,'2025-06-13','reminder',NULL,'2025-02-27 14:30:05','2025-02-27 14:30:05'),
 (110,1,38,1,'2025-06-06','notification',7,'2025-02-27 14:30:05','2025-02-27 14:30:05'),
 (111,1,38,1,'2025-05-14','notification',30,'2025-02-27 14:30:05','2025-02-27 14:30:05'),
 (121,1,42,1,'2025-03-24','reminder',NULL,'2025-02-27 14:35:35','2025-02-27 14:35:35'),
 (122,1,42,1,'2025-03-17','notification',7,'2025-02-27 14:35:35','2025-02-27 14:35:35'),
 (123,1,43,1,'2026-02-03','reminder',NULL,'2025-02-27 14:36:23','2025-02-27 14:36:23'),
 (124,1,43,1,'2026-01-27','notification',7,'2025-02-27 14:36:23','2025-02-27 14:36:23'),
 (125,1,43,1,'2026-01-04','notification',30,'2025-02-27 14:36:23','2025-02-27 14:36:23'),
 (129,1,45,1,'2025-08-19','reminder',NULL,'2025-02-27 14:40:44','2025-02-27 14:40:44'),
 (130,1,45,1,'2025-08-12','notification',7,'2025-02-27 14:40:44','2025-02-27 14:40:44'),
 (131,1,45,1,'2025-07-20','notification',30,'2025-02-27 14:40:44','2025-02-27 14:40:44'),
 (132,1,46,1,'2025-12-30','reminder',NULL,'2025-02-27 14:41:47','2025-02-27 14:41:47'),
 (133,1,46,1,'2025-12-23','notification',7,'2025-02-27 14:41:47','2025-02-27 14:41:47'),
 (134,1,46,1,'2025-11-30','notification',30,'2025-02-27 14:41:47','2025-02-27 14:41:47'),
 (135,1,47,1,'2025-03-06','reminder',NULL,'2025-02-27 14:45:15','2025-02-27 14:45:15'),
 (136,1,48,1,'2026-01-29','reminder',NULL,'2025-02-27 14:48:55','2025-02-27 14:48:55'),
 (137,1,48,1,'2026-01-22','notification',7,'2025-02-27 14:48:56','2025-02-27 14:48:56'),
 (138,1,48,1,'2025-12-30','notification',30,'2025-02-27 14:48:56','2025-02-27 14:48:56'),
 (139,1,49,1,'2025-08-09','reminder',NULL,'2025-02-27 14:51:17','2025-02-27 14:51:17'),
 (140,1,49,1,'2025-08-02','notification',7,'2025-02-27 14:51:17','2025-02-27 14:51:17'),
 (141,1,49,1,'2025-07-10','notification',30,'2025-02-27 14:51:17','2025-02-27 14:51:17'),
 (151,1,53,1,'2025-07-20','reminder',NULL,'2025-02-27 15:01:12','2025-02-27 15:01:12'),
 (152,1,53,1,'2025-07-13','notification',7,'2025-02-27 15:01:12','2025-02-27 15:01:12'),
 (153,1,53,1,'2025-06-20','notification',30,'2025-02-27 15:01:13','2025-02-27 15:01:13'),
 (154,1,54,1,'2025-12-22','reminder',NULL,'2025-02-27 15:02:04','2025-02-27 15:02:04'),
 (155,1,54,1,'2025-12-15','notification',7,'2025-02-27 15:02:04','2025-02-27 15:02:04'),
 (156,1,54,1,'2025-11-22','notification',30,'2025-02-27 15:02:04','2025-02-27 15:02:04'),
 (157,1,55,1,'2025-04-29','reminder',NULL,'2025-02-27 15:05:14','2025-02-27 15:05:14'),
 (158,1,55,1,'2025-04-22','notification',7,'2025-02-27 15:05:14','2025-02-27 15:05:14'),
 (159,1,55,1,'2025-03-30','notification',30,'2025-02-27 15:05:14','2025-02-27 15:05:14'),
 (160,1,56,1,'2026-01-27','reminder',NULL,'2025-02-27 15:08:01','2025-02-27 15:08:01'),
 (161,1,56,1,'2026-01-20','notification',7,'2025-02-27 15:08:01','2025-02-27 15:08:01'),
 (162,1,56,1,'2025-12-28','notification',30,'2025-02-27 15:08:01','2025-02-27 15:08:01'),
 (163,1,57,1,'2025-10-31','reminder',NULL,'2025-02-27 15:09:52','2025-02-27 15:09:52'),
 (164,1,57,1,'2025-10-24','notification',7,'2025-02-27 15:09:52','2025-02-27 15:09:52'),
 (165,1,57,1,'2025-10-01','notification',30,'2025-02-27 15:09:52','2025-02-27 15:09:52'),
 (166,1,58,1,'2025-12-18','reminder',NULL,'2025-02-27 15:10:53','2025-02-27 15:10:53'),
 (167,1,58,1,'2025-12-11','notification',7,'2025-02-27 15:10:53','2025-02-27 15:10:53'),
 (168,1,58,1,'2025-11-18','notification',30,'2025-02-27 15:10:53','2025-02-27 15:10:53'),
 (169,1,59,1,'2025-09-09','reminder',NULL,'2025-02-27 15:12:18','2025-02-27 15:12:18'),
 (170,1,59,1,'2025-09-02','notification',7,'2025-02-27 15:12:18','2025-02-27 15:12:18'),
 (171,1,59,1,'2025-08-10','notification',30,'2025-02-27 15:12:19','2025-02-27 15:12:19'),
 (174,1,61,1,'2025-03-18','reminder',NULL,'2025-02-27 15:14:50','2025-02-27 15:14:50'),
 (175,1,61,1,'2025-03-11','notification',7,'2025-02-27 15:14:50','2025-02-27 15:14:50'),
 (178,1,63,1,'2025-06-13','reminder',NULL,'2025-02-27 15:19:36','2025-02-27 15:19:36'),
 (179,1,63,1,'2025-06-06','notification',7,'2025-02-27 15:19:36','2025-02-27 15:19:36'),
 (180,1,63,1,'2025-05-14','notification',30,'2025-02-27 15:19:36','2025-02-27 15:19:36'),
 (181,1,64,1,'2025-11-02','reminder',NULL,'2025-02-27 15:21:37','2025-02-27 15:21:37'),
 (182,1,64,1,'2025-10-26','notification',7,'2025-02-27 15:21:37','2025-02-27 15:21:37'),
 (183,1,64,1,'2025-10-03','notification',30,'2025-02-27 15:21:37','2025-02-27 15:21:37'),
 (184,1,65,1,'2025-12-08','reminder',NULL,'2025-02-27 15:24:17','2025-02-27 15:24:17'),
 (185,1,65,1,'2025-12-01','notification',7,'2025-02-27 15:24:17','2025-02-27 15:24:17'),
 (186,1,65,1,'2025-11-08','notification',30,'2025-02-27 15:24:17','2025-02-27 15:24:17'),
 (187,1,66,1,'2025-06-02','reminder',NULL,'2025-02-27 15:27:57','2025-02-27 15:27:57'),
 (188,1,66,1,'2025-05-26','notification',7,'2025-02-27 15:27:57','2025-02-27 15:27:57'),
 (189,1,66,1,'2025-05-03','notification',30,'2025-02-27 15:27:57','2025-02-27 15:27:57'),
 (190,1,67,1,'2025-04-13','reminder',NULL,'2025-02-27 15:40:11','2025-02-27 15:40:11'),
 (191,1,67,1,'2025-04-06','notification',7,'2025-02-27 15:40:11','2025-02-27 15:40:11'),
 (192,1,67,1,'2025-03-14','notification',30,'2025-02-27 15:40:11','2025-02-27 15:40:11'),
 (193,1,68,1,'2025-11-27','reminder',NULL,'2025-02-28 08:52:46','2025-02-28 08:52:46'),
 (194,1,68,1,'2025-11-20','notification',7,'2025-02-28 08:52:46','2025-02-28 08:52:46'),
 (195,1,68,1,'2025-10-28','notification',30,'2025-02-28 08:52:46','2025-02-28 08:52:46'),
 (199,1,70,1,'2025-05-26','reminder',NULL,'2025-02-28 09:05:19','2025-02-28 09:05:19'),
 (200,1,70,1,'2025-05-19','notification',7,'2025-02-28 09:05:19','2025-02-28 09:05:19'),
 (201,1,70,1,'2025-04-26','notification',30,'2025-02-28 09:05:19','2025-02-28 09:05:19'),
 (202,1,71,1,'2026-01-20','reminder',NULL,'2025-02-28 09:06:58','2025-02-28 09:06:58'),
 (203,1,71,1,'2026-01-13','notification',7,'2025-02-28 09:06:58','2025-02-28 09:06:58'),
 (204,1,71,1,'2025-12-21','notification',30,'2025-02-28 09:06:58','2025-02-28 09:06:58'),
 (207,1,73,1,'2025-03-20','reminder',NULL,'2025-02-28 09:09:23','2025-02-28 09:09:23'),
 (208,1,73,1,'2025-03-13','notification',7,'2025-02-28 09:09:23','2025-02-28 09:09:23'),
 (209,1,74,1,'2025-03-23','reminder',NULL,'2025-02-28 09:09:23','2025-02-28 09:09:23'),
 (210,1,74,1,'2025-03-16','notification',7,'2025-02-28 09:09:23','2025-02-28 09:09:23'),
 (211,1,75,1,'2025-03-12','reminder',NULL,'2025-02-28 09:10:35','2025-02-28 09:10:35'),
 (212,1,75,1,'2025-03-05','notification',7,'2025-02-28 09:10:35','2025-02-28 09:10:35'),
 (213,1,76,1,'2025-12-12','reminder',NULL,'2025-02-28 09:11:49','2025-02-28 09:11:49'),
 (214,1,76,1,'2025-12-05','notification',7,'2025-02-28 09:11:49','2025-02-28 09:11:49'),
 (215,1,76,1,'2025-11-12','notification',30,'2025-02-28 09:11:49','2025-02-28 09:11:49'),
 (216,1,77,1,'2025-09-23','reminder',NULL,'2025-02-28 09:13:06','2025-02-28 09:13:06'),
 (217,1,77,1,'2025-09-16','notification',7,'2025-02-28 09:13:06','2025-02-28 09:13:06'),
 (218,1,77,1,'2025-08-24','notification',30,'2025-02-28 09:13:06','2025-02-28 09:13:06'),
 (219,1,78,1,'2025-12-04','reminder',NULL,'2025-02-28 09:15:15','2025-02-28 09:15:15'),
 (220,1,78,1,'2025-11-27','notification',7,'2025-02-28 09:15:15','2025-02-28 09:15:15'),
 (221,1,78,1,'2025-11-04','notification',30,'2025-02-28 09:15:15','2025-02-28 09:15:15'),
 (222,1,79,1,'2025-08-13','reminder',NULL,'2025-02-28 09:18:01','2025-02-28 09:18:01'),
 (223,1,79,1,'2025-08-06','notification',7,'2025-02-28 09:18:01','2025-02-28 09:18:01'),
 (224,1,79,1,'2025-07-14','notification',30,'2025-02-28 09:18:01','2025-02-28 09:18:01'),
 (225,1,80,1,'2025-04-26','reminder',NULL,'2025-02-28 09:19:50','2025-02-28 09:19:50'),
 (226,1,80,1,'2025-04-19','notification',7,'2025-02-28 09:19:50','2025-02-28 09:19:50'),
 (227,1,80,1,'2025-03-27','notification',30,'2025-02-28 09:19:50','2025-02-28 09:19:50'),
 (228,1,81,1,'2025-11-28','reminder',NULL,'2025-02-28 09:20:16','2025-02-28 09:20:16'),
 (229,1,81,1,'2025-11-21','notification',7,'2025-02-28 09:20:16','2025-02-28 09:20:16'),
 (230,1,81,1,'2025-10-29','notification',30,'2025-02-28 09:20:16','2025-02-28 09:20:16'),
 (231,1,82,1,'2025-11-02','reminder',NULL,'2025-02-28 09:44:51','2025-02-28 09:44:51'),
 (232,1,82,1,'2025-10-26','notification',7,'2025-02-28 09:44:51','2025-02-28 09:44:51'),
 (233,1,82,1,'2025-10-03','notification',30,'2025-02-28 09:44:51','2025-02-28 09:44:51'),
 (234,1,83,1,'2025-09-27','reminder',NULL,'2025-02-28 09:45:52','2025-02-28 09:45:52'),
 (235,1,83,1,'2025-09-20','notification',7,'2025-02-28 09:45:52','2025-02-28 09:45:52'),
 (236,1,83,1,'2025-08-28','notification',30,'2025-02-28 09:45:52','2025-02-28 09:45:52'),
 (237,1,84,1,'2025-04-15','reminder',NULL,'2025-02-28 09:47:03','2025-02-28 09:47:03'),
 (238,1,84,1,'2025-04-08','notification',7,'2025-02-28 09:47:03','2025-02-28 09:47:03'),
 (239,1,84,1,'2025-03-16','notification',30,'2025-02-28 09:47:03','2025-02-28 09:47:03'),
 (244,1,87,1,'2025-05-16','reminder',NULL,'2025-02-28 09:51:51','2025-02-28 09:51:51'),
 (245,1,87,1,'2025-05-09','notification',7,'2025-02-28 09:51:51','2025-02-28 09:51:51'),
 (246,1,87,1,'2025-04-16','notification',30,'2025-02-28 09:51:51','2025-02-28 09:51:51'),
 (249,1,89,1,'2025-07-29','reminder',NULL,'2025-02-28 15:13:53','2025-02-28 15:13:53'),
 (250,1,89,1,'2025-07-22','notification',7,'2025-02-28 15:13:53','2025-02-28 15:13:53'),
 (251,1,89,1,'2025-06-29','notification',30,'2025-02-28 15:13:53','2025-02-28 15:13:53'),
 (252,1,90,1,'2025-10-15','reminder',NULL,'2025-03-01 19:58:13','2025-03-01 19:58:13'),
 (253,1,90,1,'2025-10-08','notification',7,'2025-03-01 19:58:13','2025-03-01 19:58:13'),
 (254,1,90,1,'2025-09-15','notification',30,'2025-03-01 19:58:13','2025-03-01 19:58:13'),
 (255,1,91,1,'2025-08-11','reminder',NULL,'2025-03-01 19:59:43','2025-03-01 19:59:43'),
 (256,1,91,1,'2025-08-04','notification',7,'2025-03-01 19:59:43','2025-03-01 19:59:43'),
 (257,1,91,1,'2025-07-12','notification',30,'2025-03-01 19:59:43','2025-03-01 19:59:43'),
 (258,1,92,1,'2026-01-08','reminder',NULL,'2025-03-01 20:00:26','2025-03-01 20:00:26'),
 (259,1,92,1,'2026-01-01','notification',7,'2025-03-01 20:00:26','2025-03-01 20:00:26'),
 (260,1,92,1,'2025-12-09','notification',30,'2025-03-01 20:00:26','2025-03-01 20:00:26'),
 (261,1,93,1,'2025-07-05','reminder',NULL,'2025-03-01 20:01:10','2025-03-01 20:01:10'),
 (262,1,93,1,'2025-06-28','notification',7,'2025-03-01 20:01:10','2025-03-01 20:01:10'),
 (263,1,93,1,'2025-06-05','notification',30,'2025-03-01 20:01:11','2025-03-01 20:01:11'),
 (264,1,94,1,'2026-01-01','reminder',NULL,'2025-03-01 20:02:14','2025-03-01 20:02:14'),
 (265,1,94,1,'2025-12-25','notification',7,'2025-03-01 20:02:14','2025-03-01 20:02:14'),
 (266,1,94,1,'2025-12-02','notification',30,'2025-03-01 20:02:14','2025-03-01 20:02:14'),
 (267,1,95,1,'2026-01-03','reminder',NULL,'2025-03-04 16:00:18','2025-03-04 16:00:18'),
 (268,1,95,1,'2025-12-27','notification',7,'2025-03-04 16:00:18','2025-03-04 16:00:18'),
 (269,1,95,1,'2025-12-04','notification',30,'2025-03-04 16:00:18','2025-03-04 16:00:18'),
 (270,1,96,1,'2026-02-12','reminder',NULL,'2025-03-04 16:00:58','2025-03-04 16:00:58'),
 (271,1,96,1,'2026-02-05','notification',7,'2025-03-04 16:00:58','2025-03-04 16:00:58'),
 (272,1,96,1,'2026-01-13','notification',30,'2025-03-04 16:00:58','2025-03-04 16:00:58'),
 (279,1,99,1,'2025-05-25','reminder',NULL,'2025-03-22 18:18:59','2025-03-22 18:18:59'),
 (280,1,99,1,'2025-05-18','notification',7,'2025-03-22 18:18:59','2025-03-22 18:18:59'),
 (281,1,99,1,'2025-04-25','notification',30,'2025-03-22 18:18:59','2025-03-22 18:18:59'),
 (288,1,102,1,'2025-04-05','reminder',NULL,'2025-03-22 18:26:26','2025-03-22 18:26:26'),
 (289,1,102,1,'2025-03-29','notification',7,'2025-03-22 18:26:26','2025-03-22 18:26:26'),
 (293,1,104,1,'2025-07-01','reminder',NULL,'2025-03-22 18:27:13','2025-03-22 18:27:13'),
 (294,1,104,1,'2025-06-24','notification',7,'2025-03-22 18:27:13','2025-03-22 18:27:13'),
 (295,1,104,1,'2025-06-01','notification',30,'2025-03-22 18:27:13','2025-03-22 18:27:13'),
 (299,1,106,1,'2026-03-22','reminder',NULL,'2025-03-22 19:43:28','2025-03-22 19:43:28'),
 (300,1,106,1,'2026-03-15','notification',7,'2025-03-22 19:43:28','2025-03-22 19:43:28'),
 (301,1,106,1,'2026-02-20','notification',30,'2025-03-22 19:43:28','2025-03-22 19:43:28'),
 (302,1,107,1,'2026-02-05','reminder',NULL,'2025-03-22 19:45:20','2025-03-22 19:45:20'),
 (303,1,107,1,'2026-01-29','notification',7,'2025-03-22 19:45:20','2025-03-22 19:45:20'),
 (304,1,107,1,'2026-01-06','notification',30,'2025-03-22 19:45:20','2025-03-22 19:45:20'),
 (305,1,108,1,'2026-02-23','reminder',NULL,'2025-03-23 13:39:20','2025-03-23 13:39:20'),
 (306,1,108,1,'2026-02-16','notification',7,'2025-03-23 13:39:20','2025-03-23 13:39:20'),
 (307,1,108,1,'2026-01-24','notification',30,'2025-03-23 13:39:20','2025-03-23 13:39:20'),
 (308,1,109,1,'2025-07-20','reminder',NULL,'2025-03-24 06:51:17','2025-03-24 06:51:17'),
 (309,1,109,1,'2025-07-13','notification',7,'2025-03-24 06:51:17','2025-03-24 06:51:17'),
 (310,1,109,1,'2025-06-20','notification',30,'2025-03-24 06:51:17','2025-03-24 06:51:17'),
 (317,1,112,1,'2025-12-04','reminder',NULL,'2025-03-24 10:51:56','2025-03-24 10:51:56'),
 (318,1,112,1,'2025-11-27','notification',7,'2025-03-24 10:51:56','2025-03-24 10:51:56'),
 (319,1,112,1,'2025-11-04','notification',30,'2025-03-24 10:51:56','2025-03-24 10:51:56'),
 (323,1,114,1,'2025-08-29','reminder',NULL,'2025-03-25 09:06:33','2025-03-25 09:06:33'),
 (324,1,114,1,'2025-08-22','notification',7,'2025-03-25 09:06:33','2025-03-25 09:06:33'),
 (325,1,114,1,'2025-07-30','notification',30,'2025-03-25 09:06:33','2025-03-25 09:06:33'),
 (326,1,115,1,'2025-11-07','reminder',NULL,'2025-03-25 09:52:07','2025-03-25 09:52:07'),
 (327,1,115,1,'2025-10-31','notification',7,'2025-03-25 09:52:08','2025-03-25 09:52:08'),
 (328,1,115,1,'2025-10-08','notification',30,'2025-03-25 09:52:08','2025-03-25 09:52:08'),
 (329,1,116,1,'2025-11-07','reminder',NULL,'2025-03-25 09:53:41','2025-03-25 09:53:41'),
 (330,1,116,1,'2025-10-31','notification',7,'2025-03-25 09:53:41','2025-03-25 09:53:41'),
 (331,1,116,1,'2025-10-08','notification',30,'2025-03-25 09:53:41','2025-03-25 09:53:41'),
 (332,1,117,1,'2025-09-18','reminder',NULL,'2025-03-25 09:54:46','2025-03-25 09:54:46'),
 (333,1,117,1,'2025-09-11','notification',7,'2025-03-25 09:54:46','2025-03-25 09:54:46'),
 (334,1,117,1,'2025-08-19','notification',30,'2025-03-25 09:54:46','2025-03-25 09:54:46'),
 (335,1,118,1,'2025-09-18','reminder',NULL,'2025-03-25 09:55:09','2025-03-25 09:55:09'),
 (336,1,118,1,'2025-09-11','notification',7,'2025-03-25 09:55:09','2025-03-25 09:55:09'),
 (337,1,118,1,'2025-08-19','notification',30,'2025-03-25 09:55:09','2025-03-25 09:55:09'),
 (338,1,119,1,'2025-08-21','reminder',NULL,'2025-03-25 09:55:41','2025-03-25 09:55:41'),
 (339,1,119,1,'2025-08-14','notification',7,'2025-03-25 09:55:41','2025-03-25 09:55:41'),
 (340,1,119,1,'2025-07-22','notification',30,'2025-03-25 09:55:41','2025-03-25 09:55:41'),
 (341,1,120,1,'2025-08-21','reminder',NULL,'2025-03-25 09:56:16','2025-03-25 09:56:16'),
 (342,1,120,1,'2025-08-14','notification',7,'2025-03-25 09:56:16','2025-03-25 09:56:16'),
 (343,1,120,1,'2025-07-22','notification',30,'2025-03-25 09:56:16','2025-03-25 09:56:16'),
 (347,1,122,1,'2025-10-08','reminder',NULL,'2025-03-25 09:59:20','2025-03-25 09:59:20'),
 (348,1,122,1,'2025-10-01','notification',7,'2025-03-25 09:59:20','2025-03-25 09:59:20'),
 (349,1,122,1,'2025-09-08','notification',30,'2025-03-25 09:59:20','2025-03-25 09:59:20'),
 (350,1,123,1,'2025-10-08','reminder',NULL,'2025-03-25 09:59:39','2025-03-25 09:59:39'),
 (351,1,123,1,'2025-10-01','notification',7,'2025-03-25 09:59:39','2025-03-25 09:59:39'),
 (352,1,123,1,'2025-09-08','notification',30,'2025-03-25 09:59:39','2025-03-25 09:59:39'),
 (353,1,124,1,'2025-12-30','reminder',NULL,'2025-03-25 10:00:27','2025-03-25 10:00:27'),
 (354,1,124,1,'2025-12-23','notification',7,'2025-03-25 10:00:27','2025-03-25 10:00:27'),
 (355,1,124,1,'2025-11-30','notification',30,'2025-03-25 10:00:27','2025-03-25 10:00:27'),
 (359,1,126,1,'2025-08-27','reminder',NULL,'2025-03-25 10:08:30','2025-03-25 10:08:30'),
 (360,1,126,1,'2025-08-20','notification',7,'2025-03-25 10:08:30','2025-03-25 10:08:30'),
 (361,1,126,1,'2025-07-28','notification',30,'2025-03-25 10:08:30','2025-03-25 10:08:30'),
 (362,1,127,1,'2026-02-05','reminder',NULL,'2025-03-25 10:21:28','2025-03-25 10:21:28'),
 (363,1,127,1,'2026-01-29','notification',7,'2025-03-25 10:21:28','2025-03-25 10:21:28'),
 (364,1,127,1,'2026-01-06','notification',30,'2025-03-25 10:21:28','2025-03-25 10:21:28'),
 (365,1,128,1,'2025-09-05','reminder',NULL,'2025-03-25 10:25:06','2025-03-25 10:25:06'),
 (366,1,128,1,'2025-08-29','notification',7,'2025-03-25 10:25:06','2025-03-25 10:25:06'),
 (367,1,128,1,'2025-08-06','notification',30,'2025-03-25 10:25:06','2025-03-25 10:25:06'),
 (371,1,130,1,'2025-03-28','reminder',NULL,'2025-03-25 10:46:07','2025-03-25 10:46:07'),
 (372,1,131,1,'2025-03-30','reminder',NULL,'2025-03-25 10:47:51','2025-03-25 10:47:51'),
 (373,1,132,1,'2025-05-19','reminder',NULL,'2025-03-25 10:49:53','2025-03-25 10:49:53'),
 (374,1,132,1,'2025-05-12','notification',7,'2025-03-25 10:49:53','2025-03-25 10:49:53'),
 (375,1,132,1,'2025-04-19','notification',30,'2025-03-25 10:49:53','2025-03-25 10:49:53'),
 (379,1,134,1,'2026-01-27','reminder',NULL,'2025-03-25 10:55:01','2025-03-25 10:55:01'),
 (380,1,134,1,'2026-01-20','notification',7,'2025-03-25 10:55:01','2025-03-25 10:55:01'),
 (381,1,134,1,'2025-12-28','notification',30,'2025-03-25 10:55:01','2025-03-25 10:55:01'),
 (382,1,135,1,'2025-05-24','reminder',NULL,'2025-03-25 10:56:09','2025-03-25 10:56:09'),
 (383,1,135,1,'2025-05-17','notification',7,'2025-03-25 10:56:09','2025-03-25 10:56:09'),
 (384,1,135,1,'2025-04-24','notification',30,'2025-03-25 10:56:09','2025-03-25 10:56:09'),
 (385,1,136,1,'2026-02-20','reminder',NULL,'2025-03-25 10:57:28','2025-03-25 10:57:28'),
 (386,1,136,1,'2026-02-13','notification',7,'2025-03-25 10:57:29','2025-03-25 10:57:29'),
 (387,1,136,1,'2026-01-21','notification',30,'2025-03-25 10:57:29','2025-03-25 10:57:29'),
 (388,1,137,1,'2025-12-30','reminder',NULL,'2025-03-25 10:58:17','2025-03-25 10:58:17'),
 (389,1,137,1,'2025-12-23','notification',7,'2025-03-25 10:58:17','2025-03-25 10:58:17'),
 (390,1,137,1,'2025-11-30','notification',30,'2025-03-25 10:58:17','2025-03-25 10:58:17'),
 (391,1,138,1,'2026-02-28','reminder',NULL,'2025-03-25 10:59:34','2025-03-25 10:59:34'),
 (392,1,138,1,'2026-02-21','notification',7,'2025-03-25 10:59:34','2025-03-25 10:59:34'),
 (393,1,138,1,'2026-01-29','notification',30,'2025-03-25 10:59:34','2025-03-25 10:59:34'),
 (394,1,139,1,'2025-07-20','reminder',NULL,'2025-03-25 11:01:06','2025-03-25 11:01:06'),
 (395,1,139,1,'2025-07-13','notification',7,'2025-03-25 11:01:06','2025-03-25 11:01:06'),
 (396,1,139,1,'2025-06-20','notification',30,'2025-03-25 11:01:06','2025-03-25 11:01:06'),
 (397,1,140,1,'2025-05-02','reminder',NULL,'2025-03-25 11:01:48','2025-03-25 11:01:48'),
 (398,1,140,1,'2025-04-25','notification',7,'2025-03-25 11:01:48','2025-03-25 11:01:48'),
 (399,1,140,1,'2025-04-02','notification',30,'2025-03-25 11:01:48','2025-03-25 11:01:48'),
 (400,1,141,1,'2025-09-14','reminder',NULL,'2025-03-25 11:02:15','2025-03-25 11:02:15'),
 (401,1,141,1,'2025-09-07','notification',7,'2025-03-25 11:02:15','2025-03-25 11:02:15'),
 (402,1,141,1,'2025-08-15','notification',30,'2025-03-25 11:02:15','2025-03-25 11:02:15'),
 (403,1,142,1,'2026-03-15','reminder',NULL,'2025-03-25 11:33:34','2025-03-25 11:33:34'),
 (404,1,142,1,'2026-03-08','notification',7,'2025-03-25 11:33:34','2025-03-25 11:33:34'),
 (405,1,142,1,'2026-02-13','notification',30,'2025-03-25 11:33:34','2025-03-25 11:33:34'),
 (406,1,143,1,'2025-11-05','reminder',NULL,'2025-03-25 11:35:10','2025-03-25 11:35:10'),
 (407,1,143,1,'2025-10-29','notification',7,'2025-03-25 11:35:10','2025-03-25 11:35:10'),
 (408,1,143,1,'2025-10-06','notification',30,'2025-03-25 11:35:10','2025-03-25 11:35:10'),
 (409,1,144,1,'2025-09-25','reminder',NULL,'2025-03-25 11:39:00','2025-03-25 11:39:00'),
 (410,1,144,1,'2025-09-18','notification',7,'2025-03-25 11:39:00','2025-03-25 11:39:00'),
 (411,1,144,1,'2025-08-26','notification',30,'2025-03-25 11:39:00','2025-03-25 11:39:00'),
 (412,1,145,1,'2026-03-19','reminder',NULL,'2025-03-25 11:39:12','2025-03-25 11:39:12'),
 (413,1,145,1,'2026-03-12','notification',7,'2025-03-25 11:39:12','2025-03-25 11:39:12'),
 (414,1,145,1,'2026-02-17','notification',30,'2025-03-25 11:39:12','2025-03-25 11:39:12'),
 (415,1,146,1,'2026-02-26','reminder',NULL,'2025-03-25 12:10:30','2025-03-25 12:10:30'),
 (416,1,146,1,'2026-02-19','notification',7,'2025-03-25 12:10:30','2025-03-25 12:10:30'),
 (417,1,146,1,'2026-01-27','notification',30,'2025-03-25 12:10:30','2025-03-25 12:10:30'),
 (419,1,148,1,'2025-03-28','reminder',NULL,'2025-03-27 07:17:30','2025-03-27 07:17:30'),
 (423,1,150,1,'2025-08-30','reminder',NULL,'2025-03-27 07:26:08','2025-03-27 07:26:08'),
 (424,1,150,1,'2025-08-23','notification',7,'2025-03-27 07:26:08','2025-03-27 07:26:08'),
 (425,1,150,1,'2025-07-31','notification',30,'2025-03-27 07:26:08','2025-03-27 07:26:08'),
 (426,1,151,1,'2025-08-04','reminder',NULL,'2025-03-27 07:57:30','2025-03-27 07:57:30'),
 (427,1,151,1,'2025-07-28','notification',7,'2025-03-27 07:57:30','2025-03-27 07:57:30'),
 (428,1,151,1,'2025-07-05','notification',30,'2025-03-27 07:57:30','2025-03-27 07:57:30'),
 (429,1,152,1,'2025-11-10','reminder',NULL,'2025-04-09 16:16:33','2025-04-09 16:16:33'),
 (430,1,152,1,'2025-11-03','notification',7,'2025-04-09 16:16:33','2025-04-09 16:16:33'),
 (431,1,152,1,'2025-10-11','notification',30,'2025-04-09 16:16:33','2025-04-09 16:16:33'),
 (432,1,153,1,'2026-01-24','reminder',NULL,'2025-04-09 16:16:53','2025-04-09 16:16:53'),
 (433,1,153,1,'2026-01-17','notification',7,'2025-04-09 16:16:53','2025-04-09 16:16:53'),
 (434,1,153,1,'2025-12-25','notification',30,'2025-04-09 16:16:53','2025-04-09 16:16:53'),
 (436,1,155,1,'2025-04-11','reminder',NULL,'2025-04-10 09:00:02','2025-04-10 09:00:02'),
 (437,1,156,1,'2025-09-23','reminder',NULL,'2025-04-10 09:02:02','2025-04-10 09:02:02'),
 (438,1,156,1,'2025-09-16','notification',7,'2025-04-10 09:02:02','2025-04-10 09:02:02'),
 (439,1,156,1,'2025-08-24','notification',30,'2025-04-10 09:02:02','2025-04-10 09:02:02'),
 (441,1,158,1,'2025-04-12','reminder',NULL,'2025-04-10 09:05:57','2025-04-10 09:05:57'),
 (442,1,159,1,'2026-04-13','reminder',NULL,'2025-04-13 19:30:11','2025-04-13 19:30:11'),
 (443,1,159,1,'2026-04-06','notification',7,'2025-04-13 19:30:11','2025-04-13 19:30:11'),
 (444,1,159,1,'2026-03-14','notification',30,'2025-04-13 19:30:11','2025-04-13 19:30:11'),
 (451,1,162,1,'2025-07-14','reminder',NULL,'2025-04-13 19:43:21','2025-04-13 19:43:21'),
 (452,1,162,1,'2025-07-07','notification',7,'2025-04-13 19:43:21','2025-04-13 19:43:21'),
 (453,1,162,1,'2025-06-14','notification',30,'2025-04-13 19:43:21','2025-04-13 19:43:21'),
 (454,1,163,1,'2025-10-16','reminder',NULL,'2025-04-13 19:46:12','2025-04-13 19:46:12'),
 (455,1,163,1,'2025-10-09','notification',7,'2025-04-13 19:46:12','2025-04-13 19:46:12'),
 (456,1,163,1,'2025-09-16','notification',30,'2025-04-13 19:46:12','2025-04-13 19:46:12'),
 (457,1,164,1,'2025-10-16','reminder',NULL,'2025-04-13 19:46:12','2025-04-13 19:46:12'),
 (458,1,164,1,'2025-10-09','notification',7,'2025-04-13 19:46:12','2025-04-13 19:46:12'),
 (459,1,164,1,'2025-09-16','notification',30,'2025-04-13 19:46:12','2025-04-13 19:46:12'),
 (460,1,165,1,'2025-10-22','reminder',NULL,'2025-04-14 08:40:21','2025-04-14 08:40:21'),
 (461,1,165,1,'2025-10-15','notification',7,'2025-04-14 08:40:21','2025-04-14 08:40:21'),
 (462,1,165,1,'2025-09-22','notification',30,'2025-04-14 08:40:21','2025-04-14 08:40:21'),
 (463,1,166,1,'2025-04-18','reminder',NULL,'2025-04-14 08:42:17','2025-04-14 08:42:17'),
 (464,1,167,1,'2025-09-17','reminder',NULL,'2025-04-14 08:43:38','2025-04-14 08:43:38'),
 (465,1,167,1,'2025-09-10','notification',7,'2025-04-14 08:43:38','2025-04-14 08:43:38'),
 (466,1,167,1,'2025-08-18','notification',30,'2025-04-14 08:43:38','2025-04-14 08:43:38'),
 (467,1,168,1,'2026-04-14','reminder',NULL,'2025-04-14 08:50:24','2025-04-14 08:50:24'),
 (468,1,168,1,'2026-04-07','notification',7,'2025-04-14 08:50:24','2025-04-14 08:50:24'),
 (469,1,168,1,'2026-03-15','notification',30,'2025-04-14 08:50:25','2025-04-14 08:50:25'),
 (470,1,169,1,'2026-04-14','reminder',NULL,'2025-04-14 08:51:38','2025-04-14 08:51:38'),
 (471,1,169,1,'2026-04-07','notification',7,'2025-04-14 08:51:38','2025-04-14 08:51:38'),
 (472,1,169,1,'2026-03-15','notification',30,'2025-04-14 08:51:38','2025-04-14 08:51:38'),
 (473,1,170,1,'2026-05-11','reminder',NULL,'2025-05-12 11:09:39','2025-05-12 11:09:39'),
 (474,1,170,1,'2026-05-04','notification',7,'2025-05-12 11:09:39','2025-05-12 11:09:39'),
 (475,1,170,1,'2026-04-11','notification',30,'2025-05-12 11:09:39','2025-05-12 11:09:39'),
 (476,1,171,1,'2026-05-12','reminder',NULL,'2025-05-13 08:28:40','2025-05-13 08:28:40'),
 (477,1,171,1,'2026-05-05','notification',7,'2025-05-13 08:28:40','2025-05-13 08:28:40'),
 (478,1,171,1,'2026-04-12','notification',30,'2025-05-13 08:28:40','2025-05-13 08:28:40'),
 (479,1,172,1,'2026-05-14','reminder',NULL,'2025-05-14 08:17:04','2025-05-14 08:17:04'),
 (480,1,172,1,'2026-05-07','notification',7,'2025-05-14 08:17:04','2025-05-14 08:17:04'),
 (481,1,172,1,'2026-04-14','notification',30,'2025-05-14 08:17:04','2025-05-14 08:17:04'),
 (485,1,174,1,'2026-01-31','reminder',NULL,'2025-05-24 17:36:38','2025-05-24 17:36:38'),
 (486,1,174,1,'2026-01-24','notification',7,'2025-05-24 17:36:38','2025-05-24 17:36:38'),
 (487,1,174,1,'2026-01-01','notification',30,'2025-05-24 17:36:38','2025-05-24 17:36:38'),
 (488,1,175,1,'2025-11-06','reminder',NULL,'2025-05-28 14:29:12','2025-05-28 14:29:12'),
 (489,1,175,1,'2025-10-30','notification',7,'2025-05-28 14:29:12','2025-05-28 14:29:12'),
 (490,1,175,1,'2025-10-07','notification',30,'2025-05-28 14:29:12','2025-05-28 14:29:12'),
 (491,1,176,1,'2025-12-31','reminder',NULL,'2025-07-19 13:59:25','2025-07-19 13:59:25'),
 (492,1,176,1,'2025-12-24','notification',7,'2025-07-19 13:59:25','2025-07-19 13:59:25'),
 (493,1,176,1,'2025-12-01','notification',30,'2025-07-19 13:59:25','2025-07-19 13:59:25'),
 (494,1,177,1,'2026-03-07','reminder',NULL,'2025-07-25 08:09:59','2025-07-25 08:09:59'),
 (495,1,177,1,'2026-02-28','notification',7,'2025-07-25 08:09:59','2025-07-25 08:09:59'),
 (496,1,177,1,'2026-02-05','notification',30,'2025-07-25 08:09:59','2025-07-25 08:09:59'),
 (498,1,179,1,'2025-08-14','reminder',NULL,'2025-08-07 11:46:14','2025-08-07 11:46:14'),
 (499,1,180,1,'2026-07-28','reminder',NULL,'2025-08-14 06:26:18','2025-08-14 06:26:18'),
 (500,1,180,1,'2026-07-21','notification',7,'2025-08-14 06:26:18','2025-08-14 06:26:18'),
 (501,1,180,1,'2026-06-28','notification',30,'2025-08-14 06:26:18','2025-08-14 06:26:18'),
 (508,1,183,1,'2026-08-13','reminder',NULL,'2025-08-15 06:14:58','2025-08-15 06:14:58'),
 (509,1,183,1,'2026-08-06','notification',7,'2025-08-15 06:14:58','2025-08-15 06:14:58'),
 (510,1,183,1,'2026-07-14','notification',30,'2025-08-15 06:14:58','2025-08-15 06:14:58'),
 (511,1,184,1,'2026-05-20','reminder',NULL,'2025-08-20 21:44:54','2025-08-20 21:44:54'),
 (512,1,184,1,'2026-05-13','notification',7,'2025-08-20 21:44:55','2025-08-20 21:44:55'),
 (513,1,184,1,'2026-04-20','notification',30,'2025-08-20 21:44:55','2025-08-20 21:44:55'),
 (514,1,185,1,'2025-09-27','reminder',NULL,'2025-08-29 18:31:15','2025-08-29 18:31:15'),
 (515,1,185,1,'2025-09-20','notification',7,'2025-08-29 18:31:15','2025-08-29 18:31:15'),
 (518,1,187,1,'2026-04-11','reminder',NULL,'2025-08-29 18:32:09','2025-08-29 18:32:09'),
 (519,1,187,1,'2026-04-04','notification',7,'2025-08-29 18:32:09','2025-08-29 18:32:09'),
 (520,1,187,1,'2026-03-12','notification',30,'2025-08-29 18:32:09','2025-08-29 18:32:09'),
 (521,1,188,1,'2025-09-18','reminder',NULL,'2025-08-29 18:32:40','2025-08-29 18:32:40'),
 (522,1,188,1,'2025-09-11','notification',7,'2025-08-29 18:32:40','2025-08-29 18:32:40'),
 (523,1,189,1,'2025-11-24','reminder',NULL,'2025-08-29 18:36:37','2025-08-29 18:36:37'),
 (524,1,189,1,'2025-11-17','notification',7,'2025-08-29 18:36:37','2025-08-29 18:36:37'),
 (525,1,189,1,'2025-10-25','notification',30,'2025-08-29 18:36:37','2025-08-29 18:36:37'),
 (526,1,190,1,'2026-06-25','reminder',NULL,'2025-08-29 18:37:56','2025-08-29 18:37:56'),
 (527,1,190,1,'2026-06-18','notification',7,'2025-08-29 18:37:56','2025-08-29 18:37:56'),
 (528,1,190,1,'2026-05-26','notification',30,'2025-08-29 18:37:56','2025-08-29 18:37:56'),
 (529,1,191,1,'2026-02-14','reminder',NULL,'2025-08-31 09:49:55','2025-08-31 09:49:55'),
 (530,1,191,1,'2026-02-07','notification',7,'2025-08-31 09:49:55','2025-08-31 09:49:55'),
 (531,1,191,1,'2026-01-15','notification',30,'2025-08-31 09:49:55','2025-08-31 09:49:55'),
 (532,1,192,1,'2025-12-20','reminder',NULL,'2025-08-31 09:49:55','2025-08-31 09:49:55'),
 (533,1,192,1,'2025-12-13','notification',7,'2025-08-31 09:49:55','2025-08-31 09:49:55'),
 (534,1,192,1,'2025-11-20','notification',30,'2025-08-31 09:49:55','2025-08-31 09:49:55'),
 (535,1,193,1,'2025-09-23','reminder',NULL,'2025-08-31 09:56:00','2025-08-31 09:56:00'),
 (536,1,193,1,'2025-09-16','notification',7,'2025-08-31 09:56:00','2025-08-31 09:56:00'),
 (537,1,194,1,'2026-08-19','reminder',NULL,'2025-08-31 09:59:54','2025-08-31 09:59:54'),
 (538,1,194,1,'2026-08-12','notification',7,'2025-08-31 09:59:54','2025-08-31 09:59:54'),
 (539,1,194,1,'2026-07-20','notification',30,'2025-08-31 09:59:54','2025-08-31 09:59:54'),
 (540,1,195,1,'2025-09-03','reminder',NULL,'2025-09-02 06:07:34','2025-09-02 06:07:34'),
 (541,1,196,1,'2026-09-08','reminder',NULL,'2025-09-08 06:01:59','2025-09-08 06:01:59'),
 (542,1,196,1,'2026-09-01','notification',7,'2025-09-08 06:01:59','2025-09-08 06:01:59'),
 (543,1,196,1,'2026-08-09','notification',30,'2025-09-08 06:01:59','2025-09-08 06:01:59'),
 (544,1,197,1,'2025-09-27','reminder',NULL,'2025-09-09 13:21:16','2025-09-09 13:21:16'),
 (545,1,197,1,'2025-09-20','notification',7,'2025-09-09 13:21:16','2025-09-09 13:21:16'),
 (546,1,198,1,'2026-09-13','reminder',NULL,'2025-09-13 20:20:28','2025-09-13 20:20:28'),
 (547,1,198,1,'2026-09-06','notification',7,'2025-09-13 20:20:28','2025-09-13 20:20:28'),
 (548,1,198,1,'2026-08-14','notification',30,'2025-09-13 20:20:28','2025-09-13 20:20:28'),
 (549,1,199,1,'2026-09-14','reminder',NULL,'2025-09-14 18:22:16','2025-09-14 18:22:16'),
 (550,1,199,1,'2026-09-07','notification',7,'2025-09-14 18:22:16','2025-09-14 18:22:16'),
 (551,1,199,1,'2026-08-15','notification',30,'2025-09-14 18:22:16','2025-09-14 18:22:16'),
 (552,1,200,1,'2025-09-27','reminder',NULL,'2025-09-14 18:25:26','2025-09-14 18:25:26'),
 (553,1,200,1,'2025-09-20','notification',7,'2025-09-14 18:25:26','2025-09-14 18:25:26'),
 (554,1,201,1,'2026-06-03','reminder',NULL,'2025-09-22 21:47:01','2025-09-22 21:47:01'),
 (555,1,201,1,'2026-05-27','notification',7,'2025-09-22 21:47:01','2025-09-22 21:47:01'),
 (556,1,201,1,'2026-05-04','notification',30,'2025-09-22 21:47:01','2025-09-22 21:47:01'),
 (557,1,202,1,'2026-07-25','reminder',NULL,'2025-09-22 21:48:56','2025-09-22 21:48:56'),
 (558,1,202,1,'2026-07-18','notification',7,'2025-09-22 21:48:56','2025-09-22 21:48:56'),
 (559,1,202,1,'2026-06-25','notification',30,'2025-09-22 21:48:56','2025-09-22 21:48:56'),
 (560,1,203,1,'2026-07-31','reminder',NULL,'2025-09-24 11:30:08','2025-09-24 11:30:08'),
 (561,1,203,1,'2026-07-24','notification',7,'2025-09-24 11:30:08','2025-09-24 11:30:08'),
 (562,1,203,1,'2026-07-01','notification',30,'2025-09-24 11:30:08','2025-09-24 11:30:08'),
 (563,1,204,1,'2026-02-22','reminder',NULL,'2025-09-25 00:02:19','2025-09-25 00:02:19'),
 (564,1,204,1,'2026-02-15','notification',7,'2025-09-25 00:02:19','2025-09-25 00:02:19'),
 (565,1,204,1,'2026-01-23','notification',30,'2025-09-25 00:02:19','2025-09-25 00:02:19'),
 (566,1,205,1,'2026-07-17','reminder',NULL,'2025-09-25 00:09:37','2025-09-25 00:09:37'),
 (567,1,205,1,'2026-07-10','notification',7,'2025-09-25 00:09:37','2025-09-25 00:09:37'),
 (568,1,205,1,'2026-06-17','notification',30,'2025-09-25 00:09:37','2025-09-25 00:09:37'),
 (569,1,206,1,'2026-06-13','reminder',NULL,'2025-09-25 00:12:06','2025-09-25 00:12:06'),
 (570,1,206,1,'2026-06-06','notification',7,'2025-09-25 00:12:06','2025-09-25 00:12:06'),
 (571,1,206,1,'2026-05-14','notification',30,'2025-09-25 00:12:06','2025-09-25 00:12:06'),
 (572,1,207,1,'2026-09-28','reminder',NULL,'2025-09-28 16:08:07','2025-09-28 16:08:07'),
 (573,1,207,1,'2026-09-21','notification',7,'2025-09-28 16:08:07','2025-09-28 16:08:07'),
 (574,1,207,1,'2026-08-29','notification',30,'2025-09-28 16:08:07','2025-09-28 16:08:07'),
 (581,1,210,1,'2026-10-08','reminder',NULL,'2025-10-08 12:46:40','2025-10-08 12:46:40'),
 (582,1,210,1,'2026-10-01','notification',7,'2025-10-08 12:46:40','2025-10-08 12:46:40'),
 (583,1,210,1,'2026-09-08','notification',30,'2025-10-08 12:46:40','2025-10-08 12:46:40'),
 (584,1,211,1,'2026-07-08','reminder',NULL,'2025-10-10 09:42:19','2025-10-10 09:42:19'),
 (585,1,211,1,'2026-07-01','notification',7,'2025-10-10 09:42:19','2025-10-10 09:42:19'),
 (586,1,211,1,'2026-06-08','notification',30,'2025-10-10 09:42:19','2025-10-10 09:42:19'),
 (587,1,212,1,'2026-04-13','reminder',NULL,'2025-10-11 09:42:10','2025-10-11 09:42:10'),
 (588,1,212,1,'2026-04-06','notification',7,'2025-10-11 09:42:10','2025-10-11 09:42:10'),
 (589,1,212,1,'2026-03-14','notification',30,'2025-10-11 09:42:10','2025-10-11 09:42:10'),
 (590,1,213,1,'2026-05-05','reminder',NULL,'2025-10-11 09:47:09','2025-10-11 09:47:09'),
 (591,1,213,1,'2026-04-28','notification',7,'2025-10-11 09:47:09','2025-10-11 09:47:09'),
 (592,1,213,1,'2026-04-05','notification',30,'2025-10-11 09:47:09','2025-10-11 09:47:09'),
 (593,1,214,1,'2025-11-03','reminder',NULL,'2025-10-11 09:48:33','2025-10-11 09:48:33'),
 (594,1,214,1,'2025-10-27','notification',7,'2025-10-11 09:48:33','2025-10-11 09:48:33'),
 (595,1,215,1,'2026-05-17','reminder',NULL,'2025-10-11 09:50:06','2025-10-11 09:50:06'),
 (596,1,215,1,'2026-05-10','notification',7,'2025-10-11 09:50:06','2025-10-11 09:50:06'),
 (597,1,215,1,'2026-04-17','notification',30,'2025-10-11 09:50:06','2025-10-11 09:50:06'),
 (598,1,216,1,'2026-03-28','reminder',NULL,'2025-10-11 09:55:08','2025-10-11 09:55:08'),
 (599,1,216,1,'2026-03-21','notification',7,'2025-10-11 09:55:08','2025-10-11 09:55:08'),
 (600,1,216,1,'2026-02-26','notification',30,'2025-10-11 09:55:08','2025-10-11 09:55:08'),
 (601,1,217,1,'2026-10-15','reminder',NULL,'2025-10-15 19:34:16','2025-10-15 19:34:16'),
 (602,1,217,1,'2026-10-08','notification',7,'2025-10-15 19:34:16','2025-10-15 19:34:16'),
 (603,1,217,1,'2026-09-15','notification',30,'2025-10-15 19:34:16','2025-10-15 19:34:16'),
 (604,1,218,1,'2026-06-29','reminder',NULL,'2025-10-17 17:54:21','2025-10-17 17:54:21'),
 (605,1,218,1,'2026-06-22','notification',7,'2025-10-17 17:54:21','2025-10-17 17:54:21'),
 (606,1,218,1,'2026-05-30','notification',30,'2025-10-17 17:54:21','2025-10-17 17:54:21'),
 (607,1,219,1,'2025-11-22','reminder',NULL,'2025-11-20 08:52:11','2025-11-20 08:52:11'),
 (608,1,220,1,'2026-11-22','reminder',NULL,'2025-11-26 21:31:36','2025-11-26 21:31:36'),
 (609,1,220,1,'2026-11-15','notification',7,'2025-11-26 21:31:36','2025-11-26 21:31:36'),
 (610,1,220,1,'2026-10-23','notification',30,'2025-11-26 21:31:36','2025-11-26 21:31:36'),
 (611,1,221,1,'2026-07-14','reminder',NULL,'2025-11-26 21:33:43','2025-11-26 21:33:43'),
 (612,1,221,1,'2026-07-07','notification',7,'2025-11-26 21:33:43','2025-11-26 21:33:43'),
 (613,1,221,1,'2026-06-14','notification',30,'2025-11-26 21:33:43','2025-11-26 21:33:43'),
 (614,1,222,1,'2026-12-07','reminder',NULL,'2025-12-07 09:08:05','2025-12-07 09:08:05'),
 (615,1,222,1,'2026-11-30','notification',7,'2025-12-07 09:08:05','2025-12-07 09:08:05'),
 (616,1,222,1,'2026-11-07','notification',30,'2025-12-07 09:08:05','2025-12-07 09:08:05'),
 (617,1,223,1,'2026-12-11','reminder',NULL,'2025-12-11 10:33:09','2025-12-11 10:33:09'),
 (618,1,223,1,'2026-12-04','notification',7,'2025-12-11 10:33:09','2025-12-11 10:33:09'),
 (619,1,223,1,'2026-11-11','notification',30,'2025-12-11 10:33:09','2025-12-11 10:33:09'),
 (620,1,224,1,'2025-12-23','reminder',NULL,'2025-12-22 11:07:19','2025-12-22 11:07:19'),
 (621,1,225,1,'2026-12-27','reminder',NULL,'2025-12-27 06:37:24','2025-12-27 06:37:24'),
 (622,1,225,1,'2026-12-20','notification',7,'2025-12-27 06:37:24','2025-12-27 06:37:24'),
 (623,1,225,1,'2026-11-27','notification',30,'2025-12-27 06:37:24','2025-12-27 06:37:24');

INSERT IGNORE INTO `reminder_rules` (`id`,`account_id`,`number_of_days_before`,`active`,`created_at`,`updated_at`) VALUES
 (1,1,7,1,'2025-02-19 15:24:14','2025-02-19 15:24:14'),
 (2,1,30,1,'2025-02-19 15:24:14','2025-02-19 15:24:14');

INSERT IGNORE INTO `reminders` (`id`,`account_id`,`contact_id`,`initial_date`,`title`,`description`,`frequency_type`,`frequency_number`,`delible`,`inactive`,`created_at`,`updated_at`) VALUES
 (2,1,1,'1981-04-11','Wish happy birthday to Marieke',NULL,'year',1,0,0,'2025-02-19 15:32:55','2025-02-27 19:53:17'),
 (3,1,2,'1952-09-14','Wish happy birthday to Ans',NULL,'year',1,0,0,'2025-02-19 15:36:41','2025-02-27 19:53:17'),
 (4,1,3,'1952-04-18','Wish happy birthday to Jan',NULL,'year',1,0,0,'2025-02-19 15:37:10','2025-02-27 19:53:17'),
 (5,1,6,'2019-03-01','Wish happy birthday to David',NULL,'year',1,0,0,'2025-02-19 15:45:59','2025-02-27 19:53:17'),
 (7,1,8,'2006-06-30','Wish happy birthday to Tycho',NULL,'year',1,0,0,'2025-02-19 15:48:53','2025-02-27 19:53:17'),
 (8,1,5,'1978-09-27','Wish happy birthday to Bastiaan',NULL,'year',1,0,0,'2025-02-19 16:46:54','2025-02-27 19:53:17'),
 (9,1,9,'2006-06-30','Wish happy birthday to Tycho',NULL,'year',1,0,0,'2025-02-19 16:48:30','2025-02-27 19:53:17'),
 (13,1,12,'2015-02-13','Wish happy birthday to Borre',NULL,'year',1,0,0,'2025-02-19 16:54:11','2025-02-27 19:53:17'),
 (14,1,11,'2011-12-23','Wish happy birthday to Ravi',NULL,'year',1,0,0,'2025-02-19 16:54:26','2025-02-27 19:53:17'),
 (15,1,15,'1987-06-08','Wish happy birthday to Thijs',NULL,'year',1,0,0,'2025-02-19 17:00:39','2025-02-27 19:53:17'),
 (17,1,13,'1954-09-24','Wish happy birthday to Marike',NULL,'year',1,0,0,'2025-02-19 17:02:21','2025-02-27 19:53:17'),
 (18,1,14,'1946-12-06','Wish happy birthday to Theo',NULL,'year',1,0,0,'2025-02-19 17:03:05','2025-02-27 19:53:17'),
 (19,1,16,'1984-03-20','Wish happy birthday to Judith',NULL,'year',1,0,0,'2025-02-19 17:04:14','2025-02-27 19:53:17'),
 (20,1,4,'1983-08-12','Wish happy birthday to Hilde',NULL,'year',1,0,0,'2025-02-19 17:24:30','2025-02-27 19:53:17'),
 (25,1,21,'2020-09-24','Wish happy birthday to Siem',NULL,'year',1,0,0,'2025-02-19 18:42:36','2025-02-27 20:29:22'),
 (26,1,18,'2020-06-04','Wish happy birthday to Floren',NULL,'year',1,0,0,'2025-02-19 18:43:30','2025-02-27 20:29:22'),
 (27,1,17,'2025-01-02','Wish happy birthday to Rogier',NULL,'year',1,0,0,'2025-02-19 18:47:38','2025-02-27 20:29:22'),
 (29,1,22,'2025-10-30','Wish happy birthday to Jorien',NULL,'year',1,0,0,'2025-02-19 18:54:40','2025-02-27 20:29:22'),
 (30,1,24,'2022-08-03','Wish happy birthday to Guus',NULL,'year',1,0,0,'2025-02-19 18:55:39','2025-02-27 20:29:22'),
 (32,1,23,'2018-12-28','Wish happy birthday to Saar',NULL,'year',1,0,0,'2025-02-19 18:59:23','2025-02-27 20:29:22'),
 (33,1,20,'2015-03-23','Wish happy birthday to Nine Mae',NULL,'year',1,0,0,'2025-02-19 19:15:15','2025-02-27 20:29:22'),
 (34,1,26,'1994-06-01','Wish happy birthday to Martijn',NULL,'year',1,0,0,'2025-02-24 07:34:18','2025-02-27 20:29:22'),
 (38,1,28,'2025-06-13','Wish happy birthday to Patrice',NULL,'year',1,0,0,'2025-02-27 14:30:05','2025-02-27 20:29:22'),
 (42,1,38,'2025-03-24','Wish happy birthday to Sharon',NULL,'year',1,0,0,'2025-02-27 14:35:35','2025-02-27 20:29:22'),
 (43,1,39,'2025-02-03','Wish happy birthday to Annika',NULL,'year',1,0,0,'2025-02-27 14:36:23','2025-02-27 20:29:22'),
 (45,1,41,'2023-08-19','Wish happy birthday to Dorien',NULL,'year',1,0,0,'2025-02-27 14:40:44','2025-02-27 20:29:22'),
 (46,1,40,'2021-12-30','Wish happy birthday to Leah',NULL,'year',1,0,0,'2025-02-27 14:41:47','2025-02-27 20:29:22'),
 (47,1,30,'2025-03-06','Wish happy birthday to Aristeidis',NULL,'year',1,0,0,'2025-02-27 14:45:15','2025-02-27 20:29:22'),
 (48,1,43,'2025-01-29','Wish happy birthday to Brenda',NULL,'year',1,0,0,'2025-02-27 14:48:55','2025-02-27 20:29:22'),
 (49,1,37,'1988-08-09','Wish happy birthday to Omar',NULL,'year',1,0,0,'2025-02-27 14:51:16','2025-02-27 20:29:22'),
 (53,1,31,'1993-07-20','Wish happy birthday to Iris',NULL,'year',1,0,0,'2025-02-27 15:01:12','2025-02-27 20:29:22'),
 (54,1,35,'2025-12-22','Wish happy birthday to Noah',NULL,'year',1,0,0,'2025-02-27 15:02:04','2025-02-27 20:29:22'),
 (55,1,44,'1977-04-29','Wish happy birthday to Erwin',NULL,'year',1,0,0,'2025-02-27 15:05:14','2025-02-27 20:29:22'),
 (56,1,42,'1986-01-27','Wish happy birthday to Chris',NULL,'year',1,0,0,'2025-02-27 15:08:01','2025-02-27 20:29:22'),
 (57,1,27,'1985-10-31','Wish happy birthday to Taco',NULL,'year',1,0,0,'2025-02-27 15:09:51','2025-02-27 20:29:22'),
 (58,1,45,'1988-12-18','Wish happy birthday to Fay',NULL,'year',1,0,0,'2025-02-27 15:10:53','2025-02-27 20:29:22'),
 (59,1,46,'2016-09-09','Wish happy birthday to Lise',NULL,'year',1,0,0,'2025-02-27 15:12:18','2025-02-27 20:29:22'),
 (61,1,47,'2020-03-18','Wish happy birthday to Pippa',NULL,'year',1,0,0,'2025-02-27 15:14:50','2025-02-27 20:29:22'),
 (63,1,48,'2006-06-13','Wish happy birthday to Luuk',NULL,'year',1,0,0,'2025-02-27 15:19:36','2025-02-27 20:29:22'),
 (64,1,49,'1974-11-02','Wish happy birthday to Helen',NULL,'year',1,0,0,'2025-02-27 15:21:37','2025-02-27 20:29:22'),
 (65,1,51,'2003-12-08','Wish happy birthday to Liv',NULL,'year',1,0,0,'2025-02-27 15:24:17','2025-02-27 20:29:22'),
 (66,1,50,'2007-06-02','Wish happy birthday to Yves',NULL,'year',1,0,0,'2025-02-27 15:27:57','2025-02-27 20:29:23'),
 (67,1,52,'1980-04-13','Wish happy birthday to Maike',NULL,'year',1,0,0,'2025-02-27 15:40:11','2025-02-27 20:29:23'),
 (68,1,53,'2006-11-27','Wish happy birthday to Elfi',NULL,'year',1,0,0,'2025-02-28 08:52:46','2025-02-28 08:53:00'),
 (70,1,58,'1980-05-26','Wish happy birthday to Sander',NULL,'year',1,0,0,'2025-02-28 09:05:19','2025-02-28 09:09:29'),
 (71,1,54,'1973-01-20','Wish happy birthday to Richard',NULL,'year',1,0,0,'2025-02-28 09:06:58','2025-02-28 09:09:29'),
 (73,1,60,'1971-03-20','On this date, Sharon would have celebrated their birthday',NULL,'year',1,0,0,'2025-02-28 09:09:23','2025-02-28 09:09:29'),
 (74,1,60,'2021-03-23','Anniversary of the death of Sharon',NULL,'year',1,1,0,'2025-02-28 09:09:23','2025-02-28 09:09:29'),
 (75,1,56,'1980-03-12','Wish happy birthday to Roy',NULL,'year',1,0,0,'2025-02-28 09:10:35','2025-02-28 09:21:36'),
 (76,1,61,'1984-12-12','Wish happy birthday to Yvonne',NULL,'year',1,0,0,'2025-02-28 09:11:49','2025-02-28 09:21:36'),
 (77,1,57,'1982-09-23','Wish happy birthday to Arjan',NULL,'year',1,0,0,'2025-02-28 09:13:05','2025-02-28 09:21:36'),
 (78,1,62,'2025-12-04','Wish happy birthday to Carolien',NULL,'year',1,0,0,'2025-02-28 09:15:15','2025-02-28 09:21:36'),
 (79,1,64,'2015-08-13','Wish happy birthday to Eden',NULL,'year',1,0,0,'2025-02-28 09:18:01','2025-02-28 09:21:36'),
 (80,1,63,'1981-04-26','Wish happy birthday to Xander',NULL,'year',1,0,0,'2025-02-28 09:19:50','2025-02-28 09:21:36'),
 (81,1,65,'2011-11-28','Wish happy birthday to Noah',NULL,'year',1,0,0,'2025-02-28 09:20:16','2025-02-28 09:21:36'),
 (82,1,67,'2006-11-02','Wish happy birthday to Brent',NULL,'year',1,0,0,'2025-02-28 09:44:51','2025-02-28 11:10:22'),
 (83,1,68,'2009-09-27','Wish happy birthday to Loek',NULL,'year',1,0,0,'2025-02-28 09:45:52','2025-02-28 11:10:22'),
 (84,1,69,'2025-04-15','Wish happy birthday to Sara',NULL,'year',1,0,0,'2025-02-28 09:47:03','2025-02-28 11:10:22'),
 (87,1,72,'1995-05-16','Wish happy birthday to Cynthia',NULL,'year',1,0,0,'2025-02-28 09:51:51','2025-02-28 11:10:22'),
 (89,1,66,'1979-07-29','Wish happy birthday to Janneke',NULL,'year',1,0,0,'2025-02-28 15:13:53','2025-02-28 20:40:56'),
 (90,1,75,'1977-10-15','Wish happy birthday to Jeroen',NULL,'year',1,0,0,'2025-03-01 19:58:13','2025-03-02 01:40:56'),
 (91,1,74,'1956-08-11','Wish happy birthday to Hans',NULL,'year',1,0,0,'2025-03-01 19:59:43','2025-03-02 01:40:57'),
 (92,1,73,'1956-01-08','Wish happy birthday to Guido',NULL,'year',1,0,0,'2025-03-01 20:00:26','2025-03-02 01:40:57'),
 (93,1,77,'1971-07-05','Wish happy birthday to Jos',NULL,'year',1,0,0,'2025-03-01 20:01:10','2025-03-02 01:40:57'),
 (94,1,76,'1963-01-01','Wish happy birthday to Guus',NULL,'year',1,0,0,'2025-03-01 20:02:14','2025-03-02 01:40:57'),
 (95,1,78,'1964-01-03','Wish happy birthday to Luke',NULL,'year',1,0,0,'2025-03-04 16:00:18','2025-03-04 16:40:56'),
 (96,1,79,'1959-02-12','Wish happy birthday to Brunella',NULL,'year',1,0,0,'2025-03-04 16:00:58','2025-03-04 16:40:56'),
 (99,1,85,'2025-05-25','Wish happy birthday to Jorge',NULL,'year',1,0,0,'2025-03-22 18:18:59','2025-03-22 18:50:32'),
 (102,1,84,'1981-04-05','Wish happy birthday to Jessie',NULL,'year',1,0,0,'2025-03-22 18:26:26','2025-03-22 18:50:32'),
 (104,1,86,'2012-07-01','Wish happy birthday to Lotta',NULL,'year',1,0,0,'2025-03-22 18:27:13','2025-03-22 18:50:32'),
 (106,1,71,'2012-03-22','Wish happy birthday to Roos',NULL,'year',1,0,0,'2025-03-22 19:43:28','2025-03-22 20:26:59'),
 (107,1,88,'2010-02-05','Wish happy birthday to Koen',NULL,'year',1,0,0,'2025-03-22 19:45:20','2025-03-22 20:26:59'),
 (108,1,83,'1981-02-23','Wish happy birthday to Jamie',NULL,'year',1,0,0,'2025-03-23 13:39:20','2025-03-23 16:40:57'),
 (109,1,55,'1978-07-20','Wish happy birthday to David',NULL,'year',1,0,0,'2025-03-24 06:51:17','2025-03-24 11:40:56'),
 (112,1,87,'2014-12-04','Wish happy birthday to Timo',NULL,'year',1,0,0,'2025-03-24 10:51:56','2025-03-24 11:40:56'),
 (114,1,1,'2008-08-29','Got married',NULL,'year',1,1,0,'2025-03-25 09:06:33','2025-03-25 09:08:19'),
 (115,1,2,'1975-11-07','Got married',NULL,'year',1,1,0,'2025-03-25 09:52:06','2025-03-25 09:52:54'),
 (116,1,3,'1975-11-07','Got married',NULL,'year',1,1,0,'2025-03-25 09:53:41','2025-03-25 09:53:45'),
 (117,1,15,'2013-09-18','Got married',NULL,'year',1,1,0,'2025-03-25 09:54:46','2025-03-25 09:57:52'),
 (118,1,22,'2013-09-18','Got married',NULL,'year',1,1,0,'2025-03-25 09:55:09','2025-03-25 09:57:52'),
 (119,1,37,'2021-08-21','Got married',NULL,'year',1,1,0,'2025-03-25 09:55:41','2025-03-25 09:57:52'),
 (120,1,38,'2021-08-21','Got married',NULL,'year',1,1,0,'2025-03-25 09:56:16','2025-03-25 09:57:52'),
 (122,1,13,'1976-10-08','Got married',NULL,'year',1,1,0,'2025-03-25 09:59:20','2025-03-25 10:08:53'),
 (123,1,14,'1976-10-08','Got married',NULL,'year',1,1,0,'2025-03-25 09:59:39','2025-03-25 10:08:53'),
 (124,1,42,'2016-12-30','Got married',NULL,'year',1,1,0,'2025-03-25 10:00:27','2025-03-25 10:08:53'),
 (126,1,89,'2008-08-27','Wish happy birthday to Kim',NULL,'year',1,0,0,'2025-03-25 10:08:30','2025-03-25 10:08:53'),
 (127,1,91,'2002-02-05','Wish happy birthday to Fleur',NULL,'year',1,0,0,'2025-03-25 10:21:28','2025-03-25 10:37:21'),
 (128,1,92,'2020-09-05','Got married',NULL,'year',1,1,0,'2025-03-25 10:25:06','2025-03-25 10:37:21'),
 (130,1,94,'2025-03-28','Wish happy birthday to Alexander',NULL,'year',1,0,0,'2025-03-25 10:46:06','2025-03-26 06:00:55'),
 (131,1,95,'1976-03-30','Wish happy birthday to Karin',NULL,'year',1,0,0,'2025-03-25 10:47:50','2025-03-26 06:00:55'),
 (132,1,96,'2025-05-19','Wish happy birthday to Miriam',NULL,'year',1,0,0,'2025-03-25 10:49:53','2025-03-26 06:00:55'),
 (134,1,98,'1980-01-27','Wish happy birthday to Alain',NULL,'year',1,0,0,'2025-03-25 10:55:01','2025-03-26 06:00:55'),
 (135,1,97,'2014-05-24','Got married',NULL,'year',1,1,0,'2025-03-25 10:56:09','2025-03-26 06:00:55'),
 (136,1,99,'2025-02-20','Wish happy birthday to Cindy',NULL,'year',1,0,0,'2025-03-25 10:57:28','2025-03-26 06:00:55'),
 (137,1,100,'2025-12-30','Wish happy birthday to Lily',NULL,'year',1,0,0,'2025-03-25 10:58:17','2025-03-26 06:00:55'),
 (138,1,101,'2025-02-28','Wish happy birthday to Jes',NULL,'year',1,0,0,'2025-03-25 10:59:34','2025-03-26 06:00:55'),
 (139,1,102,'1977-07-20','Wish happy birthday to Marcus',NULL,'year',1,0,0,'2025-03-25 11:01:06','2025-03-26 06:00:55'),
 (140,1,103,'1980-05-02','Wish happy birthday to Rebecca',NULL,'year',1,0,0,'2025-03-25 11:01:48','2025-03-26 06:00:55'),
 (141,1,102,'2013-09-14','Got married',NULL,'year',1,1,0,'2025-03-25 11:02:15','2025-03-26 06:00:55'),
 (142,1,104,'2025-03-15','Wish happy birthday to Michelle',NULL,'year',1,0,0,'2025-03-25 11:33:33','2025-03-26 06:00:55'),
 (143,1,105,'1985-11-05','Wish happy birthday to Vito',NULL,'year',1,0,0,'2025-03-25 11:35:10','2025-03-26 06:00:55'),
 (144,1,107,'2025-09-25','Wish happy birthday to Chris',NULL,'year',1,0,0,'2025-03-25 11:39:00','2025-03-26 06:00:55'),
 (145,1,106,'2025-03-19','Wish happy birthday to Amber',NULL,'year',1,0,0,'2025-03-25 11:39:12','2025-03-26 06:00:55'),
 (146,1,108,'2025-02-26','Wish happy birthday to Anne-Mieke',NULL,'year',1,0,0,'2025-03-25 12:10:30','2025-03-26 06:00:55'),
 (148,1,70,'2005-03-28','Wish happy birthday to Jack',NULL,'year',1,0,0,'2025-03-27 07:17:30','2025-03-27 07:24:29'),
 (150,1,54,'2020-08-30','Celebrated',NULL,'year',1,1,0,'2025-03-27 07:26:08','2025-03-27 07:26:19'),
 (151,1,58,'2007-08-04','Got married',NULL,'year',1,1,0,'2025-03-27 07:57:30','2025-03-27 07:57:40'),
 (152,1,33,'1985-11-10','Wish happy birthday to Jono',NULL,'year',1,0,0,'2025-04-09 16:16:33','2025-04-10 06:00:03'),
 (153,1,34,'1986-01-24','Wish happy birthday to Sam',NULL,'year',1,0,0,'2025-04-09 16:16:53','2025-04-10 06:00:03'),
 (155,1,109,'2010-04-11','Wish happy birthday to Shanti',NULL,'year',1,0,0,'2025-04-10 09:00:02','2025-04-11 06:00:04'),
 (156,1,110,'2009-09-23','Wish happy birthday to Kirsten',NULL,'year',1,0,0,'2025-04-10 09:02:02','2025-04-11 06:00:04'),
 (158,1,25,'2016-04-12','Wish happy birthday to Teun',NULL,'year',1,0,0,'2025-04-10 09:05:57','2025-04-11 06:00:04'),
 (159,1,111,'2009-04-13','Wish happy birthday to Simon',NULL,'year',1,0,0,'2025-04-13 19:30:11','2025-04-14 06:00:27'),
 (162,1,113,'2006-07-14','Wish happy birthday to Jasper',NULL,'year',1,0,0,'2025-04-13 19:43:21','2025-04-14 06:00:27'),
 (163,1,112,'1980-10-16','Wish happy birthday to Annemiek',NULL,'year',1,0,0,'2025-04-13 19:46:09','2025-04-14 06:00:27'),
 (164,1,112,'1980-10-16','Wish happy birthday to Annemiek',NULL,'year',1,0,0,'2025-04-13 19:46:12','2025-04-14 06:00:27'),
 (165,1,32,'1976-10-22','Wish happy birthday to Mijke',NULL,'year',1,0,0,'2025-04-14 08:40:20','2025-04-15 06:00:21'),
 (166,1,114,'1946-04-18','Wish happy birthday to Tony',NULL,'year',1,0,0,'2025-04-14 08:42:17','2025-04-15 06:00:21'),
 (167,1,115,'1978-09-17','Wish happy birthday to Joris',NULL,'year',1,0,0,'2025-04-14 08:43:38','2025-04-15 06:00:21'),
 (168,1,116,'1977-04-14','Wish happy birthday to Koen',NULL,'year',1,0,0,'2025-04-14 08:50:24','2025-04-15 06:00:21'),
 (169,1,117,'1948-04-14','Wish happy birthday to Francien',NULL,'year',1,0,0,'2025-04-14 08:51:37','2025-04-15 06:00:21'),
 (170,1,118,'1974-05-11','Wish happy birthday to Francesca',NULL,'year',1,0,0,'2025-05-12 11:09:39','2025-05-13 06:01:04'),
 (171,1,119,'1979-05-12','Wish happy birthday to Courtney',NULL,'year',1,0,0,'2025-05-13 08:28:40','2025-05-14 06:01:05'),
 (172,1,120,'2007-05-14','Wish happy birthday to Sven',NULL,'year',1,0,0,'2025-05-14 08:17:04','2025-05-15 06:00:19'),
 (174,1,92,'1972-01-31','Wish happy birthday to Karim',NULL,'year',1,0,0,'2025-05-24 17:36:38','2025-05-25 06:00:05'),
 (175,1,10,'2009-11-06','Wish happy birthday to Wende',NULL,'year',1,0,0,'2025-05-28 14:29:12','2025-05-29 06:00:27'),
 (176,1,121,'1961-12-31','Wish happy birthday to Wilma',NULL,'year',1,0,0,'2025-07-19 13:59:25','2025-07-20 06:00:47'),
 (177,1,97,'1981-03-07','Wish happy birthday to Carole',NULL,'year',1,0,0,'2025-07-25 08:09:59','2025-07-26 06:01:00'),
 (179,1,122,'1979-08-14','Wish happy birthday to Femke',NULL,'year',1,0,0,'2025-08-07 11:46:14','2025-08-08 06:00:04'),
 (180,1,123,'2025-07-28','Wish happy birthday to Julie',NULL,'year',1,0,0,'2025-08-14 06:26:18','2025-08-15 06:00:28'),
 (183,1,124,'1973-08-13','Wish happy birthday to Joeke-Remkus',NULL,'year',1,0,0,'2025-08-15 06:14:58','2025-08-16 06:00:27'),
 (184,1,93,'1974-05-20','Wish happy birthday to Danielle',NULL,'year',1,0,0,'2025-08-20 21:44:54','2025-08-21 06:00:43'),
 (185,1,19,'2016-09-27','Wish happy birthday to Oliver',NULL,'year',1,0,0,'2025-08-29 18:31:15','2025-08-30 06:00:42'),
 (187,1,125,'1980-04-11','Wish happy birthday to Bas',NULL,'year',1,0,0,'2025-08-29 18:32:09','2025-08-30 06:00:42'),
 (188,1,90,'2008-09-18','Got married',NULL,'year',1,1,0,'2025-08-29 18:32:40','2025-08-30 06:00:42'),
 (189,1,126,'1950-11-24','Wish happy birthday to Riky',NULL,'year',1,0,0,'2025-08-29 18:36:37','2025-08-30 06:00:42'),
 (190,1,127,'1948-06-25','Wish happy birthday to John',NULL,'year',1,0,0,'2025-08-29 18:37:56','2025-08-30 06:00:42'),
 (191,1,128,'1927-02-14','On this date, Gertruda would have celebrated their birthday',NULL,'year',1,0,0,'2025-08-31 09:49:55','2025-09-01 06:00:38'),
 (192,1,128,'2023-12-20','Anniversary of the death of Gertruda',NULL,'year',1,1,0,'2025-08-31 09:49:55','2025-09-01 06:00:38'),
 (193,1,130,'1958-09-23','Wish happy birthday to Vronie',NULL,'year',1,0,0,'2025-08-31 09:56:00','2025-09-01 06:00:38'),
 (194,1,131,'1949-08-19','Wish happy birthday to Antoon',NULL,'year',1,0,0,'2025-08-31 09:59:54','2025-09-01 06:00:38'),
 (195,1,82,'2022-09-03','Wish happy birthday to Vesse',NULL,'year',1,0,0,'2025-09-02 06:07:34','2025-09-03 06:00:10'),
 (196,1,90,'1981-09-08','Wish happy birthday to Nienke',NULL,'year',1,0,0,'2025-09-08 06:01:59','2025-09-09 06:00:13'),
 (197,1,19,'2016-09-27','Wish happy birthday to Oliver',NULL,'year',1,0,0,'2025-09-09 13:21:16','2025-09-10 06:00:11'),
 (198,1,132,'1971-09-13','Wish happy birthday to Pascal',NULL,'year',1,0,0,'2025-09-13 20:20:28','2025-09-14 06:00:56'),
 (199,1,134,'1986-09-14','Wish happy birthday to Tom',NULL,'year',1,0,0,'2025-09-14 18:22:16','2025-09-15 06:00:56'),
 (200,1,135,'1946-09-27','Wish happy birthday to Netty',NULL,'year',1,0,0,'2025-09-14 18:25:26','2025-09-15 06:00:56'),
 (201,1,136,'1976-06-03','Wish happy birthday to Carolyn',NULL,'year',1,0,0,'2025-09-22 21:47:01','2025-09-23 06:01:00'),
 (202,1,137,'1987-07-25','Wish happy birthday to Amanda',NULL,'year',1,0,0,'2025-09-22 21:48:56','2025-09-23 06:01:00'),
 (203,1,36,'1982-07-31','Wish happy birthday to Alex',NULL,'year',1,0,0,'2025-09-24 11:30:08','2025-09-25 06:00:24'),
 (204,1,138,'1981-02-22','Wish happy birthday to Cindy',NULL,'year',1,0,0,'2025-09-25 00:02:19','2025-09-25 06:00:24'),
 (205,1,139,'1967-07-17','Wish happy birthday to William',NULL,'year',1,0,0,'2025-09-25 00:09:37','2025-09-25 06:00:24'),
 (206,1,140,'1977-06-13','Wish happy birthday to Dave',NULL,'year',1,0,0,'2025-09-25 00:12:06','2025-09-25 06:00:24'),
 (207,1,54,'2001-09-28','Got married',NULL,'year',1,1,0,'2025-09-28 16:08:07','2025-09-29 06:00:24'),
 (210,1,142,'2011-10-08','Wish happy birthday to Thomas',NULL,'year',1,0,0,'2025-10-08 12:46:40','2025-10-09 06:00:06'),
 (211,1,143,'1981-07-08','Wish happy birthday to David',NULL,'year',1,0,0,'2025-10-10 09:42:19','2025-10-11 06:00:07'),
 (212,1,144,'2011-04-13','Wish happy birthday to Mats',NULL,'year',1,0,0,'2025-10-11 09:42:10','2025-10-12 06:00:06'),
 (213,1,145,'2011-05-05','Wish happy birthday to Kymo',NULL,'year',1,0,0,'2025-10-11 09:47:09','2025-10-12 06:00:06'),
 (214,1,146,'1977-11-03','Wish happy birthday to Marc',NULL,'year',1,0,0,'2025-10-11 09:48:33','2025-10-12 06:00:06'),
 (215,1,147,'1982-05-17','Wish happy birthday to Boris',NULL,'year',1,0,0,'2025-10-11 09:50:06','2025-10-12 06:00:06'),
 (216,1,148,'1979-03-28','Wish happy birthday to Danny',NULL,'year',1,0,0,'2025-10-11 09:55:08','2025-10-12 06:00:06'),
 (217,1,149,'2025-10-15','Wish happy birthday to Michelle',NULL,'year',1,0,0,'2025-10-15 19:34:16','2025-10-16 06:00:07'),
 (218,1,150,'2025-06-29','Wish happy birthday to Mark',NULL,'year',1,0,0,'2025-10-17 17:54:21','2025-10-18 06:00:01'),
 (219,1,141,'1956-11-22','Wish happy birthday to Jacques',NULL,'year',1,0,0,'2025-11-20 08:52:11','2025-11-21 04:45:50'),
 (220,1,151,'1997-11-22','Wish happy birthday to Mels',NULL,'year',1,0,0,'2025-11-26 21:31:36','2025-11-27 04:45:18'),
 (221,1,152,'1980-07-14','Wish happy birthday to Marieke',NULL,'year',1,0,0,'2025-11-26 21:33:43','2025-11-27 04:45:18'),
 (222,1,153,'1953-12-07','Wish happy birthday to Eef',NULL,'year',1,0,0,'2025-12-07 09:08:05','2025-12-08 04:45:26'),
 (223,1,154,'1946-12-11','Wish happy birthday to Thea',NULL,'year',1,0,0,'2025-12-11 10:33:09','2025-12-12 04:45:17'),
 (224,1,155,'1994-12-23','Wish happy birthday to Jip',NULL,'year',1,0,0,'2025-12-22 11:07:19','2025-12-23 04:45:47'),
 (225,1,156,'2006-12-27','Wish happy birthday to Simon',NULL,'year',1,0,0,'2025-12-27 06:37:24','2025-12-28 04:45:34');

INSERT IGNORE INTO `special_dates` (`id`,`account_id`,`contact_id`,`uuid`,`is_age_based`,`is_year_unknown`,`date`,`created_at`,`updated_at`) VALUES
 (2,1,1,'04fe79bb-a313-47d8-8ff1-83befa078055',0,0,'1981-04-11','2025-02-19 15:32:54','2026-01-03 07:54:28'),
 (3,1,2,'3ac3732a-3f1a-4f3e-9078-eab11b2a067a',0,0,'1952-09-14','2025-02-19 15:36:41','2026-01-03 07:54:29'),
 (4,1,3,'7cebb4a9-d077-45d0-8a0c-57999bce623a',0,0,'1952-04-18','2025-02-19 15:37:10','2026-01-03 07:54:29'),
 (5,1,6,'9f38fbd9-bd8f-4ed1-abc0-7d44ae373dfd',0,0,'2019-03-01','2025-02-19 15:45:58','2026-01-03 07:54:29'),
 (7,1,8,NULL,0,0,'2006-06-30','2025-02-19 15:48:52','2025-02-19 15:48:53'),
 (8,1,5,'005c50d8-9b23-4ab8-8ceb-280bfce13fe9',0,0,'1978-09-27','2025-02-19 16:46:53','2026-01-03 07:54:29'),
 (9,1,9,'cf8a3ea7-96a8-4ad2-93c2-b352f7133a21',0,0,'2006-06-30','2025-02-19 16:48:30','2026-01-03 07:54:29'),
 (12,1,7,'101983ad-7471-4c01-aee4-3fec0c5b4ee0',0,0,'1982-02-16','2025-02-19 16:52:45','2026-01-03 07:54:29'),
 (15,1,12,'df18d981-b291-4b8d-af51-5203b8b180aa',0,0,'2015-02-13','2025-02-19 16:54:10','2026-01-03 07:54:29'),
 (16,1,11,'aa87dad6-2e32-4602-aa2b-4661cd84e9ed',0,0,'2011-12-23','2025-02-19 16:54:26','2026-01-03 07:54:29'),
 (17,1,15,'f9bf692a-a885-47ee-be0a-ab117b28068f',0,0,'1987-06-08','2025-02-19 17:00:38','2026-01-03 07:54:29'),
 (19,1,13,'dafb7559-82c5-43a6-8925-1389239b0171',0,0,'1954-09-24','2025-02-19 17:02:21','2026-01-03 07:54:29'),
 (20,1,14,'561f5296-f313-45eb-898a-d6abc867e834',0,0,'1946-12-06','2025-02-19 17:03:05','2026-01-03 07:54:29'),
 (21,1,16,'5316c8ab-56cf-456d-b4dc-7fa7509923b4',0,0,'1984-03-20','2025-02-19 17:04:13','2026-01-03 07:54:29'),
 (22,1,4,'72700851-e3db-4e6f-b731-82e9f7c0ee84',0,0,'1983-08-12','2025-02-19 17:24:30','2026-01-03 07:54:29'),
 (27,1,21,'93921dec-cf55-455d-a765-0d58f14cce3b',0,0,'2020-09-24','2025-02-19 18:42:36','2026-01-03 07:54:29'),
 (28,1,18,'2b4734a5-e3c6-4588-b6b4-b82ae3ff07bb',0,0,'2020-06-04','2025-02-19 18:43:30','2026-01-03 07:54:29'),
 (29,1,17,'eab59f57-0f67-41e7-a808-47bd435229d2',0,1,'2025-01-02','2025-02-19 18:47:38','2026-01-03 07:54:29'),
 (31,1,22,'e442e6d9-ed39-4c0f-97b0-eb5b236bbbe8',0,1,'2025-10-30','2025-02-19 18:54:39','2026-01-03 07:54:29'),
 (32,1,24,'61567054-09ae-4893-8b79-7238f836b5a9',0,0,'2022-08-03','2025-02-19 18:55:39','2026-01-03 07:54:29'),
 (34,1,23,'66604d2d-01c2-4219-924c-c9c58f0779ad',0,0,'2018-12-28','2025-02-19 18:59:23','2026-01-03 07:54:29'),
 (35,1,20,'5db2f8c6-c82b-4bac-846a-9d99f0b403c8',0,0,'2015-03-23','2025-02-19 19:15:15','2026-01-03 07:54:29'),
 (36,1,26,'7ae69397-985b-4d48-b43d-54980452140d',0,0,'1994-06-01','2025-02-24 07:34:18','2026-01-03 07:54:29'),
 (40,1,29,'0c115175-14a7-4bbf-a5a6-4920d1fb124a',0,1,'2025-02-27','2025-02-27 14:29:24','2026-01-03 07:54:29'),
 (42,1,28,'9865f6d4-fd59-49f3-b92a-e40347989def',0,1,'2025-06-13','2025-02-27 14:30:05','2026-01-03 07:54:29'),
 (46,1,38,'13a49f87-945c-4488-8913-ce67118a77e4',0,1,'2025-03-24','2025-02-27 14:35:35','2026-01-03 07:54:29'),
 (47,1,39,'9bff68ea-2067-4faf-abaf-26884b82dfdf',0,0,'2025-02-03','2025-02-27 14:36:23','2026-01-03 07:54:29'),
 (49,1,41,'e58ef738-2a13-40ee-97b3-3dc17b117db4',0,0,'2023-08-19','2025-02-27 14:40:44','2026-01-03 07:54:29'),
 (50,1,40,'07267450-5d62-40eb-b838-3d35b9c73313',0,0,'2021-12-30','2025-02-27 14:41:47','2026-01-03 07:54:29'),
 (51,1,30,'e50ffada-7563-45a9-9ebb-51b4c532e77b',0,1,'2025-03-06','2025-02-27 14:45:15','2026-01-03 07:54:29'),
 (52,1,43,'31ff4bda-26fb-4974-9577-9bc174476714',0,1,'2025-01-29','2025-02-27 14:48:55','2026-01-03 07:54:29'),
 (53,1,37,'84528221-7a0a-477d-b975-00bde589e468',0,0,'1988-08-09','2025-02-27 14:51:16','2026-01-03 07:54:29'),
 (59,1,31,'a4823912-12bd-4f77-98bb-63d1a9c6c48c',0,0,'1993-07-20','2025-02-27 15:01:12','2026-01-03 07:54:29'),
 (60,1,35,'3b559c85-4cf7-47a9-b6df-87e260047e79',0,1,'2025-12-22','2025-02-27 15:02:04','2026-01-03 07:54:29'),
 (61,1,44,'3c75eea2-d026-4c05-8b04-0a480c6ec0fd',0,0,'1977-04-29','2025-02-27 15:05:14','2026-01-03 07:54:29'),
 (62,1,42,'862e9dc9-fb4a-4439-86ce-30514ba9c066',0,0,'1986-01-27','2025-02-27 15:08:01','2026-01-03 07:54:29'),
 (63,1,27,'a97aac9e-6e5b-4520-b894-41e2b1e853c1',0,0,'1985-10-31','2025-02-27 15:09:51','2026-01-03 07:54:29'),
 (64,1,45,'2f336e55-1ea4-463c-a422-307100b1bf96',0,0,'1988-12-18','2025-02-27 15:10:53','2026-01-03 07:54:29'),
 (65,1,46,'36c50ae1-23f7-48ff-a0d0-1cb8718a645f',0,0,'2016-09-09','2025-02-27 15:12:18','2026-01-03 07:54:29'),
 (67,1,47,'8263ac07-ac5e-4538-b372-5ff9af73063b',0,0,'2020-03-18','2025-02-27 15:14:50','2026-01-03 07:54:29'),
 (69,1,48,'003f3025-b7b2-46b0-9a73-3731ba6ed499',0,0,'2006-06-13','2025-02-27 15:19:36','2026-01-03 07:54:29'),
 (70,1,49,'609af0e8-56e6-46db-aa03-ca8034282f4e',0,0,'1974-11-02','2025-02-27 15:21:37','2026-01-03 07:54:29'),
 (71,1,51,'6e86d594-d256-4d5c-9808-f30a939cbff2',0,0,'2003-12-08','2025-02-27 15:24:17','2026-01-03 07:54:29'),
 (73,1,50,'cfc988b1-49de-4d60-9922-1a71d8c67bd9',0,0,'2007-06-02','2025-02-27 15:27:57','2026-01-03 07:54:29'),
 (74,1,52,'547748f9-ae6a-477b-8f11-fcfa9a1d66a4',0,0,'1980-04-13','2025-02-27 15:40:11','2026-01-03 07:54:29'),
 (75,1,53,'768f496f-208e-4053-9af7-2202ddbaf329',0,0,'2006-11-27','2025-02-28 08:52:46','2026-01-03 07:54:29'),
 (77,1,58,'8aef017a-ba9a-403d-820a-883261287124',0,0,'1980-05-26','2025-02-28 09:05:18','2026-01-03 07:54:29'),
 (78,1,54,'e51ac550-663b-4132-afee-3d66505f1b7e',0,0,'1973-01-20','2025-02-28 09:06:58','2026-01-03 07:54:29'),
 (80,1,60,'316481a6-ce4b-4e53-a3bd-98c770479356',0,0,'1971-03-20','2025-02-28 09:09:23','2026-01-03 07:54:29'),
 (81,1,60,'3fb32d2e-dfb0-43c5-9faf-3b4b1b8542f6',0,0,'2021-03-23','2025-02-28 09:09:23','2026-01-03 07:54:29'),
 (82,1,56,'5c2b85a2-21bd-4582-8e69-486ad8553989',0,0,'1980-03-12','2025-02-28 09:10:35','2026-01-03 07:54:29'),
 (83,1,61,'d04f80a3-f949-4803-a843-e81d7b8fa0b5',0,0,'1984-12-12','2025-02-28 09:11:48','2026-01-03 07:54:29'),
 (84,1,57,'b36e8d6e-8152-41cd-a2f6-26f4c1151a56',0,0,'1982-09-23','2025-02-28 09:13:05','2026-01-03 07:54:29'),
 (85,1,62,'81f79d28-be13-44c7-a7a1-e8c4e5af6687',0,1,'2025-12-04','2025-02-28 09:15:15','2026-01-03 07:54:29'),
 (86,1,64,'4c73fe93-a874-44f6-abc2-7cb48af0cb66',0,0,'2015-08-13','2025-02-28 09:18:01','2026-01-03 07:54:29'),
 (87,1,63,'4d6ab279-6030-4c33-9f07-8be9d82e0d9b',0,0,'1981-04-26','2025-02-28 09:19:50','2026-01-03 07:54:29'),
 (88,1,65,'5a90bc73-a4cd-47e8-8a03-860e28498a52',0,0,'2011-11-28','2025-02-28 09:20:16','2026-01-03 07:54:29'),
 (89,1,67,'d547d4c3-0848-4a28-b200-9ee90d726b56',0,0,'2006-11-02','2025-02-28 09:44:51','2026-01-03 07:54:29'),
 (90,1,68,'c3a2f2b3-3efa-42c6-a382-96026e27d417',0,0,'2009-09-27','2025-02-28 09:45:52','2026-01-03 07:54:29'),
 (91,1,69,'bce9f416-ae70-4eb1-bafe-bb603c0f7140',0,1,'2025-04-15','2025-02-28 09:47:03','2026-01-03 07:54:29'),
 (94,1,72,'64620878-20e3-4b0a-8b3a-043628332589',0,0,'1995-05-16','2025-02-28 09:51:51','2026-01-03 07:54:29'),
 (96,1,66,'53822e3c-182a-4055-a40e-6b4162af8635',0,0,'1979-07-29','2025-02-28 15:13:53','2026-01-03 07:54:29'),
 (97,1,75,'aa260730-fb6d-49b5-9dd2-a3baf3e0b00f',0,0,'1977-10-15','2025-03-01 19:58:13','2026-01-03 07:54:29'),
 (98,1,74,'25442a7c-7e5d-4b2d-a562-1e40c2dcdb62',0,0,'1956-08-11','2025-03-01 19:59:43','2026-01-03 07:54:29'),
 (99,1,73,'0d86805a-b6fc-4653-8ef3-772c1ac2370a',0,0,'1956-01-08','2025-03-01 20:00:26','2026-01-03 07:54:29'),
 (100,1,77,'ac2006ca-42b2-4022-87e9-bea0bbae3ec2',0,0,'1971-07-05','2025-03-01 20:01:10','2026-01-03 07:54:29'),
 (101,1,76,'ba3e15d1-ee6d-4fbd-a54a-2fa830431273',0,0,'1963-01-01','2025-03-01 20:02:13','2026-01-03 07:54:29'),
 (102,1,78,'d09b821d-5938-4936-9923-f0f4ccea782c',0,0,'1964-01-03','2025-03-04 16:00:17','2026-01-03 07:54:29'),
 (103,1,79,'d4cadb94-64b9-406e-b02a-022e7033b43a',0,0,'1959-02-12','2025-03-04 16:00:58','2026-01-03 07:54:29'),
 (106,1,85,'990e44d7-0d87-471f-8a6e-9f9e5bf74189',0,1,'2025-05-25','2025-03-22 18:18:59','2026-01-03 07:54:29'),
 (109,1,84,'7514ee3c-9f64-480f-9905-a405719ed287',0,0,'1981-04-05','2025-03-22 18:26:26','2026-01-03 07:54:29'),
 (111,1,86,'c09869b9-78fd-47ff-84f5-2cb4f27ff25c',0,0,'2012-07-01','2025-03-22 18:27:13','2026-01-03 07:54:29'),
 (113,1,71,'f03eb8db-a814-42e6-81a7-ad869b9b5a5d',0,0,'2012-03-22','2025-03-22 19:43:28','2026-01-03 07:54:29'),
 (114,1,88,'a1358736-2201-401a-a9d8-1968570eb4fa',0,0,'2010-02-05','2025-03-22 19:45:20','2026-01-03 07:54:29'),
 (115,1,83,'65e76e81-1516-41ff-9f18-2d6ed4482b43',0,0,'1981-02-23','2025-03-23 13:39:20','2026-01-03 07:54:29'),
 (116,1,55,'07d9c9ae-5eb9-488c-95dd-ebbab5dd1384',0,0,'1978-07-20','2025-03-24 06:51:17','2026-01-03 07:54:29'),
 (119,1,87,'0fcdf287-45cc-43e7-b173-b79683dd0d5c',0,0,'2014-12-04','2025-03-24 10:51:56','2026-01-03 07:54:29'),
 (120,1,89,'46d1ce31-3850-47c5-85cc-3c3de806bbdb',0,0,'2008-08-27','2025-03-25 10:08:30','2026-01-03 07:54:29'),
 (121,1,91,'cace2353-f2b4-4a2c-ad87-dadc747ed6ab',0,0,'2002-02-05','2025-03-25 10:21:28','2026-01-03 07:54:29'),
 (123,1,94,'fd5bc9bf-bee0-4354-b94d-f76e62df579d',0,1,'2025-03-28','2025-03-25 10:46:06','2026-01-03 07:54:29'),
 (124,1,95,'8ed42454-0a9b-407e-b6e7-2d1f6a76da7b',0,0,'1976-03-30','2025-03-25 10:47:50','2026-01-03 07:54:30'),
 (125,1,96,'5be6f59f-40e9-4002-b10d-e79f2d277391',0,1,'2025-05-19','2025-03-25 10:49:53','2026-01-03 07:54:30'),
 (127,1,98,'9241060f-b47a-4753-9511-a94b50a30af0',0,0,'1980-01-27','2025-03-25 10:55:00','2026-01-03 07:54:30'),
 (128,1,99,NULL,0,1,'2025-02-20','2025-03-25 10:57:28','2025-03-25 10:57:28'),
 (129,1,100,'a66e3ffe-03e5-4733-8acf-e00cefe697f0',0,1,'2025-12-30','2025-03-25 10:58:17','2026-01-03 07:54:30'),
 (130,1,101,'79c4da50-69b5-4ad2-818c-6f7b95e278cb',0,1,'2025-02-28','2025-03-25 10:59:34','2026-01-03 07:54:30'),
 (131,1,102,'b063140b-7558-4115-a861-e589bb622953',0,0,'1977-07-20','2025-03-25 11:01:05','2026-01-03 07:54:30'),
 (132,1,103,'fe478f00-41fb-4897-aa13-5306351ed9f6',0,0,'1980-05-02','2025-03-25 11:01:48','2026-01-03 07:54:30'),
 (133,1,104,'edc53925-e3ef-423f-8844-8cc620fc2a64',0,1,'2025-03-15','2025-03-25 11:33:33','2026-01-03 07:54:30'),
 (134,1,105,'98a8bbb3-868c-45d1-8a1e-cfb97d128987',0,0,'1985-11-05','2025-03-25 11:35:10','2026-01-03 07:54:30'),
 (135,1,107,'fda82f7a-9bac-4d66-8e2e-980739abe3a1',0,1,'2025-09-25','2025-03-25 11:39:00','2026-01-03 07:54:30'),
 (136,1,106,'448e98ed-21ad-4f01-a70e-02edf30d4766',0,1,'2025-03-19','2025-03-25 11:39:12','2026-01-03 07:54:30'),
 (137,1,108,'e35013f5-5ec3-4891-af25-5e85241b3f0f',0,1,'2025-02-26','2025-03-25 12:10:30','2026-01-03 07:54:30'),
 (139,1,70,'9d7dface-9f27-490d-988c-aad24029dbb3',0,0,'2005-03-28','2025-03-27 07:17:30','2026-01-03 07:54:29'),
 (140,1,33,'25739834-1200-4e16-8330-3f23f8438afe',0,0,'1985-11-10','2025-04-09 16:16:33','2026-01-03 07:54:29'),
 (141,1,34,'0945cefe-bb26-4645-8e39-ee9d1d7c5eec',0,0,'1986-01-24','2025-04-09 16:16:53','2026-01-03 07:54:29'),
 (143,1,109,'9e5611a0-281e-410d-a367-6108371e6220',0,0,'2010-04-11','2025-04-10 09:00:02','2026-01-03 07:54:30'),
 (144,1,110,'35692ef6-414d-48fb-9aff-2c5405ba0e58',0,0,'2009-09-23','2025-04-10 09:02:02','2026-01-03 07:54:30'),
 (146,1,25,'6446afa3-e10c-4ef6-a1ed-c5889b3e9836',0,0,'2016-04-12','2025-04-10 09:05:57','2026-01-03 07:54:29'),
 (147,1,111,'1aff5710-4a68-498f-beb0-fa92a53080e9',0,0,'2009-04-13','2025-04-13 19:30:11','2026-01-03 07:54:30'),
 (150,1,113,'1385f478-41e1-451b-a965-d9e487d81f0a',0,0,'2006-07-14','2025-04-13 19:43:21','2026-01-03 07:54:30'),
 (152,1,112,'dabdb017-4fa1-4587-b0c9-9cbc2a433923',0,0,'1980-10-16','2025-04-13 19:46:12','2026-01-03 07:54:30'),
 (153,1,32,'55da54b1-980a-4cbd-bcd1-4aee7b50ca8d',0,0,'1976-10-22','2025-04-14 08:40:20','2026-01-03 07:54:29'),
 (154,1,114,'8b98b459-3eac-43ed-8927-31f39af2393d',0,0,'1946-04-18','2025-04-14 08:42:15','2026-01-03 07:54:30'),
 (155,1,115,'f85cba3b-acca-40ac-8828-01316992c812',0,0,'1978-09-17','2025-04-14 08:43:37','2026-01-03 07:54:30'),
 (156,1,116,'76386a86-f860-4208-a36e-b3bcc75a2d35',0,0,'1977-04-14','2025-04-14 08:50:24','2026-01-03 07:54:30'),
 (157,1,117,'53b15c89-21ac-4e64-9325-336b7d832d7a',0,0,'1948-04-14','2025-04-14 08:51:32','2026-01-03 07:54:30'),
 (158,1,118,'fc367717-1bef-4d62-8587-e6c3476eff40',0,0,'1974-05-11','2025-05-12 11:09:39','2026-01-03 07:54:30'),
 (159,1,119,'58eaf514-7697-4bd4-922c-62678bce13f5',0,0,'1979-05-12','2025-05-13 08:28:39','2026-01-03 07:54:30'),
 (160,1,120,'16bf9f31-b0fe-40e7-870e-a60bfc420e56',0,0,'2007-05-14','2025-05-14 08:17:04','2026-01-03 07:54:30'),
 (162,1,92,'2f02be7d-1bda-4f15-bd07-9c3e4ed51af9',0,0,'1972-01-31','2025-05-24 17:36:38','2026-01-03 07:54:29'),
 (163,1,10,'10047132-97c7-4d8c-992c-0ba65d32c9d6',0,0,'2009-11-06','2025-05-28 14:29:11','2026-01-03 07:54:29'),
 (164,1,121,'1f5be01a-4200-4186-8f18-21e4abb5107d',0,0,'1961-12-31','2025-07-19 13:59:24','2026-01-03 07:54:30'),
 (165,1,97,'54a433d7-294b-40ea-a5f0-6791e98ff853',0,0,'1981-03-07','2025-07-25 08:09:59','2026-01-03 07:54:30'),
 (167,1,122,'c03d134e-b49f-4c5a-9c98-bd42032e2a7a',0,0,'1979-08-14','2025-08-07 11:46:14','2026-01-03 07:54:30'),
 (168,1,123,'3167a323-f162-4bbc-8b58-da8e58f04826',0,0,'2025-07-28','2025-08-14 06:26:18','2026-01-03 07:54:30'),
 (171,1,124,'abe3472f-6eee-4be0-b745-1d0141c1e777',0,0,'1973-08-13','2025-08-15 06:14:58','2026-01-03 07:54:30'),
 (172,1,93,'3247eeb7-d70f-45e5-8d3c-6f6a08f5ef23',0,0,'1974-05-20','2025-08-20 21:44:54','2026-01-03 07:54:29'),
 (173,1,19,NULL,0,0,'2016-09-27','2025-08-29 18:31:12','2025-08-29 18:31:15'),
 (175,1,125,'07e8b1a4-efeb-4bc5-8f9e-2a3cc86a7487',0,0,'1980-04-11','2025-08-29 18:32:08','2026-01-03 07:54:30'),
 (176,1,126,'9bb57534-3584-47a4-a5ce-f8ecacce5b8e',0,0,'1950-11-24','2025-08-29 18:36:37','2026-01-03 07:54:30'),
 (177,1,127,'9fbbc510-4c48-484f-9b81-15dd7df6f264',0,0,'1948-06-25','2025-08-29 18:37:55','2026-01-03 07:54:30'),
 (178,1,128,'48be5f2d-d27d-4923-8d08-4cf429471d7e',0,0,'1927-02-14','2025-08-31 09:49:55','2026-01-03 07:54:30'),
 (179,1,128,'cfc6c955-c002-4665-83ea-c5b4631cc57e',0,0,'2023-12-20','2025-08-31 09:49:55','2026-01-03 07:54:30'),
 (180,1,130,'96e203c1-0914-46f1-8283-9660d646dbe2',0,0,'1958-09-23','2025-08-31 09:56:00','2026-01-03 07:54:30'),
 (181,1,131,'c0de8651-e286-4de4-9be0-edda81f69a61',0,0,'1949-08-19','2025-08-31 09:59:54','2026-01-03 07:54:30'),
 (182,1,82,'d3df39ab-3988-41c9-93bc-20da1e024354',0,0,'2022-09-03','2025-09-02 06:07:34','2026-01-03 07:54:29'),
 (183,1,90,'a8ae34e6-5f87-4d6f-8de2-c9cea3854e7f',0,0,'1981-09-08','2025-09-08 06:01:59','2026-01-03 07:54:29'),
 (185,1,19,'39e9ae45-b931-4f57-a61c-88e03a0b4459',0,0,'2016-09-27','2025-09-09 13:21:16','2026-01-03 07:54:29'),
 (186,1,132,'d4f42147-3220-4d24-a94f-c6b03ce7ae7e',0,0,'1971-09-13','2025-09-13 20:20:28','2026-01-03 07:54:30'),
 (187,1,134,'529536e3-c060-4e8e-877a-455bdd00735b',0,0,'1986-09-14','2025-09-14 18:22:15','2026-01-03 07:54:30'),
 (188,1,135,'9e5a62c4-c7a6-4c2f-8a67-74ca7511e8f3',0,0,'1946-09-27','2025-09-14 18:25:26','2026-01-03 07:54:30'),
 (189,1,136,'75fe3977-aeda-46b9-9b98-fd18a76c5f9c',0,0,'1976-06-03','2025-09-22 21:47:01','2026-01-03 07:54:30'),
 (190,1,137,'32d30d5b-0e84-4f04-9cc0-2065555b7d19',0,0,'1987-07-25','2025-09-22 21:48:56','2026-01-03 07:54:30'),
 (191,1,36,'80af259d-c103-4b5f-8b93-32f3b0674f39',0,0,'1982-07-31','2025-09-24 11:30:08','2026-01-03 07:54:29'),
 (192,1,138,'e7fe9276-a7aa-43af-82b1-943318b50590',0,0,'1981-02-22','2025-09-25 00:02:19','2026-01-03 07:54:30'),
 (193,1,139,'013e1987-b3c1-43af-8cb1-edaf7236d000',0,0,'1967-07-17','2025-09-25 00:09:37','2026-01-03 07:54:30'),
 (194,1,140,'01bbcc4c-111b-4c60-9be9-a6e9712201eb',0,0,'1977-06-13','2025-09-25 00:12:06','2026-01-03 07:54:30'),
 (197,1,142,'1b3dee15-5d71-446f-bf69-3606322bda86',0,0,'2011-10-08','2025-10-08 12:46:40','2026-01-03 07:54:30'),
 (198,1,143,'3839819b-25c3-4fbb-b574-6c7fdc236811',0,0,'1981-07-08','2025-10-10 09:42:19','2026-01-03 07:54:30'),
 (199,1,144,'86e94653-e1b1-486b-90a5-4870868fa0f1',0,0,'2011-04-13','2025-10-11 09:42:10','2026-01-03 07:54:30'),
 (200,1,145,'bcdc72de-cb95-425a-9e59-e3b33845d7f3',0,0,'2011-05-05','2025-10-11 09:47:09','2026-01-03 07:54:30'),
 (201,1,146,'860bd926-664b-40d5-be7b-5804344ca25c',0,0,'1977-11-03','2025-10-11 09:48:33','2026-01-03 07:54:30'),
 (202,1,147,'9f742e98-fee5-40be-93b2-1a6acb7ff267',0,0,'1982-05-17','2025-10-11 09:50:06','2026-01-03 07:54:30'),
 (203,1,148,'b4ef9dd8-327d-4a7b-869a-6c9b7d8294b9',0,0,'1979-03-28','2025-10-11 09:55:08','2026-01-03 07:54:30'),
 (204,1,149,'fc9223be-4dc8-4793-97a1-592686856153',0,1,'2025-10-15','2025-10-15 19:34:16','2026-01-03 07:54:30'),
 (205,1,150,'1c8f01be-1be9-4fe0-9d13-00f2a49655f0',0,1,'2025-06-29','2025-10-17 17:54:21','2026-01-03 07:54:30'),
 (206,1,141,'b2d0573b-337b-479f-975e-1f0a66c8d2dd',0,0,'1956-11-22','2025-11-20 08:52:11','2026-01-03 07:54:30'),
 (207,1,151,'11f6977d-12c6-454f-8f48-3b643f27c1be',0,0,'1997-11-22','2025-11-26 21:31:36','2026-01-03 07:54:30'),
 (208,1,152,'35a6eacb-26ef-4dc1-9d0a-d2b750711da5',0,0,'1980-07-14','2025-11-26 21:33:43','2026-01-03 07:54:30'),
 (209,1,153,'5c43dbf2-5205-4f1c-a98c-ff921a29ca16',0,0,'1953-12-07','2025-12-07 09:08:05','2026-01-03 07:54:30'),
 (210,1,154,'23c6f8dd-cdbc-47d1-b783-90d531cef450',0,0,'1946-12-11','2025-12-11 10:33:09','2026-01-03 07:54:30'),
 (211,1,155,'180cb35d-73eb-4600-a1c8-2b5ad6aedfb7',0,0,'1994-12-23','2025-12-22 11:07:19','2026-01-03 07:54:30'),
 (212,1,156,'d36db63c-f3f8-4bb9-b7e5-c6dd832dc751',0,0,'2006-12-27','2025-12-27 06:37:24','2026-01-03 07:54:30');

INSERT IGNORE INTO `tags` (`id`,`account_id`,`name`,`name_slug`,`description`,`created_at`,`updated_at`) VALUES
 (1,1,'Family','family',NULL,'2025-02-19 17:20:30','2025-02-19 17:20:30'),
 (4,1,'Me','me',NULL,'2025-02-27 14:09:48','2025-02-27 14:09:48'),
 (5,1,'Emilia Capital','emilia-capital',NULL,'2025-02-27 14:13:42','2025-02-27 14:13:42'),
 (9,1,'Friends','friends',NULL,'2025-02-28 08:59:33','2025-02-28 08:59:33'),
 (10,1,'AntiRandstad','antirandstad',NULL,'2025-02-28 09:05:28','2025-02-28 09:05:28'),
 (11,1,'Fri','fri',NULL,'2025-02-28 09:06:09','2025-02-28 09:06:09'),
 (12,1,'AWC','awc',NULL,'2025-02-28 09:22:00','2025-02-28 09:22:00'),
 (13,1,'Limonaia','limonaia',NULL,'2025-03-04 16:01:10','2025-03-04 16:01:10'),
 (14,1,'SEOktoberfest','seoktoberfest',NULL,'2025-03-25 10:59:47','2025-03-25 10:59:47');

INSERT IGNORE INTO `term_user` (`account_id`,`user_id`,`term_id`,`ip_address`,`created_at`,`updated_at`) VALUES
 (1,1,1,'86.81.63.214','2025-02-19 15:24:13','2025-02-19 15:24:13');

INSERT IGNORE INTO `users` (`id`,`first_name`,`last_name`,`email`,`me_contact_id`,`admin`,`email_verified_at`,`password`,`remember_token`,`google2fa_secret`,`account_id`,`timezone`,`currency_id`,`locale`,`metric`,`fluid_container`,`contacts_sort_order`,`name_order`,`invited_by_user_id`,`dashboard_active_tab`,`gifts_active_tab`,`profile_active_tab`,`profile_new_life_event_badge_seen`,`temperature_scale`,`created_at`,`updated_at`) VALUES
 (1,'Joost','de Valk','joost+monica@joost.blog',7,0,'2025-02-28 18:17:57','$2y$10$c7CGFGACo64U5OmLQzsbKeaYpPmgGjA7H4SmsSXgD/.mfoem0qNQy','9tixcrntQAE90t8fWqyIjX6yUduts42neDC90eh38BeMzEskZbemXdRN2xpE','eyJpdiI6Im1rMFdFSW1HSzVJckZEN0Y1emVmMmc9PSIsInZhbHVlIjoiZ3JtWExYOFoxd0JRdjFFdDZOTGdKakNSYkg1eXh5Uk1YdFoySk9sMm4vU3N5emVzZE5Nbkw2RHdTZS9WT3VGbyIsIm1hYyI6IjhiNzdjNmVlYjYwMzBiOTdiYjkzNGIxNDRlYjA3NzJjOWZhZGZmNzY5M2FkNWZiNWE3NjgyNjZhOTNiMDFmZTMiLCJ0YWciOiIifQ==',1,'Europe/Amsterdam',4,'en','fahrenheit','false','firstnameAZ','firstname_lastname_nickname',NULL,'tasks','ideas','life-events',1,'celsius','2025-02-19 15:24:13','2026-01-03 07:54:27');

INSERT IGNORE INTO `contact_photo` (`contact_id`, `photo_id`, `created_at`, `updated_at`) VALUES
 (73,49,'2025-03-01 20:09:54','2025-03-01 20:09:54'),
 (114,65,'2025-04-14 08:47:48','2025-04-14 08:47:48'),
 (117,67,'2025-04-14 08:51:56','2025-04-14 08:51:56'),
 (45,33,'2025-02-27 15:11:05','2025-02-27 15:11:05'),
 (45,34,'2025-02-27 15:11:19','2025-02-27 15:11:19'),
 (25,17,'2025-02-19 19:05:24','2025-02-19 19:05:24'),
 (61,41,'2025-02-28 09:12:17','2025-02-28 09:12:17'),
 (123,69,'2025-08-14 06:28:09','2025-08-14 06:28:09'),
 (147,85,'2025-10-11 09:50:28','2025-10-11 09:50:28'),
 (115,64,'2025-04-14 08:44:28','2025-04-14 08:44:28'),
 (18,22,'2025-02-19 19:10:09','2025-02-19 19:10:09'),
 (74,46,'2025-03-01 20:06:25','2025-03-01 20:06:25'),
 (137,76,'2025-09-22 21:53:53','2025-09-22 21:53:53'),
 (137,77,'2025-09-22 21:53:55','2025-09-22 21:53:55'),
 (137,78,'2025-09-22 21:53:56','2025-09-22 21:53:56'),
 (84,57,'2025-03-22 18:34:45','2025-03-22 18:34:45'),
 (62,42,'2025-02-28 09:14:48','2025-02-28 09:14:48'),
 (3,3,'2025-02-19 15:38:16','2025-02-19 15:38:16'),
 (85,56,'2025-03-22 18:34:33','2025-03-22 18:34:33'),
 (75,45,'2025-03-01 20:04:55','2025-03-01 20:04:55'),
 (36,27,'2025-02-27 14:42:42','2025-02-27 14:42:42'),
 (81,54,'2025-03-09 08:39:26','2025-03-09 08:39:26'),
 (51,36,'2025-02-27 15:24:39','2025-02-27 15:24:39'),
 (53,38,'2025-02-28 08:51:39','2025-02-28 08:51:39'),
 (5,4,'2025-02-19 15:42:34','2025-02-19 15:42:34'),
 (77,48,'2025-03-01 20:08:10','2025-03-01 20:08:10'),
 (142,82,'2025-10-11 09:43:32','2025-10-11 09:43:32'),
 (6,14,'2025-02-19 17:10:44','2025-02-19 17:10:44'),
 (2,2,'2025-02-19 15:35:23','2025-02-19 15:35:23'),
 (17,20,'2025-02-19 19:08:35','2025-02-19 19:08:35'),
 (52,37,'2025-02-27 15:42:31','2025-02-27 15:42:31'),
 (38,26,'2025-02-27 14:38:17','2025-02-27 14:38:17'),
 (48,35,'2025-02-27 15:19:12','2025-02-27 15:19:12'),
 (37,25,'2025-02-27 14:33:58','2025-02-27 14:33:58'),
 (22,18,'2025-02-19 19:05:59','2025-02-19 19:05:59'),
 (32,32,'2025-02-27 15:03:56','2025-02-27 15:03:56'),
 (19,21,'2025-02-19 19:09:44','2025-02-19 19:09:44'),
 (122,68,'2025-08-07 11:41:14','2025-08-07 11:41:14'),
 (95,60,'2025-03-25 10:48:20','2025-03-25 10:48:20'),
 (143,86,'2025-10-11 09:52:12','2025-10-11 09:52:12'),
 (1,1,'2025-02-19 15:28:42','2025-02-19 15:28:42'),
 (63,43,'2025-02-28 09:17:05','2025-02-28 09:17:05'),
 (21,19,'2025-02-19 19:06:19','2025-02-19 19:06:19'),
 (131,70,'2025-08-31 10:00:25','2025-08-31 10:00:25'),
 (83,55,'2025-03-10 09:00:19','2025-03-10 09:00:19'),
 (20,23,'2025-02-19 19:12:25','2025-02-19 19:12:25'),
 (11,8,'2025-02-19 16:48:52','2025-02-19 16:48:52'),
 (11,79,'2025-10-02 11:08:21','2025-10-02 11:08:21'),
 (94,59,'2025-03-25 10:46:51','2025-03-25 10:46:51'),
 (150,89,'2025-10-17 17:54:51','2025-10-17 17:54:51'),
 (79,51,'2025-03-04 16:08:16','2025-03-04 16:08:16'),
 (97,61,'2025-03-25 10:54:03','2025-03-25 10:54:03'),
 (152,91,'2025-11-26 21:34:01','2025-11-26 21:34:01'),
 (29,30,'2025-02-27 14:46:03','2025-02-27 14:46:03'),
 (30,29,'2025-02-27 14:44:30','2025-02-27 14:44:30'),
 (10,7,'2025-02-19 16:48:44','2025-02-19 16:48:44'),
 (10,80,'2025-10-02 11:09:02','2025-10-02 11:09:02'),
 (135,75,'2025-09-14 18:27:52','2025-09-14 18:27:52'),
 (148,88,'2025-10-11 09:55:27','2025-10-11 09:55:27'),
 (129,74,'2025-08-31 10:03:56','2025-08-31 10:03:56'),
 (80,53,'2025-03-09 08:39:11','2025-03-09 08:39:11'),
 (16,11,'2025-02-19 17:07:55','2025-02-19 17:07:55'),
 (66,44,'2025-02-28 09:42:10','2025-02-28 09:42:10'),
 (144,81,'2025-10-11 09:42:38','2025-10-11 09:42:38'),
 (4,5,'2025-02-19 15:43:31','2025-02-19 15:43:31'),
 (9,6,'2025-02-19 16:48:32','2025-02-19 16:48:32'),
 (44,58,'2025-03-25 10:20:27','2025-03-25 10:20:27'),
 (60,40,'2025-02-28 09:08:50','2025-02-28 09:08:50'),
 (59,52,'2025-03-04 16:10:54','2025-03-04 16:10:54'),
 (26,24,'2025-02-24 07:38:24','2025-02-24 07:38:24'),
 (93,87,'2025-10-11 09:53:28','2025-10-11 09:53:28'),
 (127,72,'2025-08-31 10:02:32','2025-08-31 10:02:32'),
 (127,73,'2025-08-31 10:02:36','2025-08-31 10:02:36'),
 (15,10,'2025-02-19 17:00:40','2025-02-19 17:00:40'),
 (15,15,'2025-02-19 18:26:04','2025-02-19 18:26:04'),
 (78,50,'2025-03-04 16:07:58','2025-03-04 16:07:58'),
 (116,66,'2025-04-14 08:50:35','2025-04-14 08:50:35'),
 (28,28,'2025-02-27 14:43:24','2025-02-27 14:43:24'),
 (145,83,'2025-10-11 09:47:22','2025-10-11 09:47:22'),
 (14,13,'2025-02-19 17:08:27','2025-02-19 17:08:27'),
 (76,47,'2025-03-01 20:07:18','2025-03-01 20:07:18'),
 (103,63,'2025-03-25 11:32:31','2025-03-25 11:32:31'),
 (23,16,'2025-02-19 19:04:56','2025-02-19 19:04:56'),
 (13,12,'2025-02-19 17:08:08','2025-02-19 17:08:08'),
 (12,9,'2025-02-19 16:48:59','2025-02-19 16:48:59'),
 (43,31,'2025-02-27 14:49:05','2025-02-27 14:49:05'),
 (151,90,'2025-11-26 21:31:51','2025-11-26 21:31:51'),
 (146,84,'2025-10-11 09:48:57','2025-10-11 09:48:57'),
 (98,62,'2025-03-25 10:55:22','2025-03-25 10:55:22'),
 (58,39,'2025-02-28 09:03:46','2025-02-28 09:03:46'),
 (126,71,'2025-08-31 10:02:17','2025-08-31 10:02:17');

INSERT IGNORE INTO `audit_logs` (`id`,`account_id`,`author_id`,`about_contact_id`,`author_name`,`action`,`objects`,`should_appear_on_dashboard`,`audited_at`,`created_at`,`updated_at`) VALUES
 (1,1,1,1,'Joost de Valk','contact_created','{\"contact_name\":\"Marieke van de Rakt\",\"contact_id\":1}',1,'2025-02-19 15:28:42','2025-02-19 15:28:42','2025-02-19 15:28:42'),
 (2,1,1,1,'Joost de Valk','contact_work_updated','{\"contact_name\":\"Marieke van de Rakt\",\"contact_id\":1}',1,'2025-02-19 15:28:42','2025-02-19 15:28:42','2025-02-19 15:28:42'),
 (3,1,1,2,'Joost de Valk','contact_created','{\"contact_name\":\"Ans van de Rakt\",\"contact_id\":2}',1,'2025-02-19 15:30:42','2025-02-19 15:30:42','2025-02-19 15:30:42'),
 (4,1,1,3,'Joost de Valk','contact_created','{\"contact_name\":\"Jan van de Rakt\",\"contact_id\":3}',1,'2025-02-19 15:30:43','2025-02-19 15:30:43','2025-02-19 15:30:43'),
 (5,1,1,2,'Joost de Valk','contact_description_cleared','{\"contact_name\":\"Ans van de Rakt\",\"contact_id\":2}',1,'2025-02-19 15:32:43','2025-02-19 15:32:43','2025-02-19 15:32:43'),
 (6,1,1,1,'Joost de Valk','contact_description_cleared','{\"contact_name\":\"Marieke van de Rakt\",\"contact_id\":1}',1,'2025-02-19 15:32:54','2025-02-19 15:32:54','2025-02-19 15:32:54'),
 (7,1,1,2,'Joost de Valk','contact_description_cleared','{\"contact_name\":\"Ans van de Rakt\",\"contact_id\":2}',1,'2025-02-19 15:36:41','2025-02-19 15:36:41','2025-02-19 15:36:41'),
 (8,1,1,3,'Joost de Valk','contact_description_cleared','{\"contact_name\":\"Jan van de Rakt\",\"contact_id\":3}',1,'2025-02-19 15:37:10','2025-02-19 15:37:10','2025-02-19 15:37:10'),
 (9,1,1,4,'Joost de Valk','contact_created','{\"contact_name\":\"Hilde Schellekens\",\"contact_id\":4}',1,'2025-02-19 15:42:26','2025-02-19 15:42:26','2025-02-19 15:42:26'),
 (10,1,1,5,'Joost de Valk','contact_created','{\"contact_name\":\"Bastiaan van de Rakt\",\"contact_id\":5}',1,'2025-02-19 15:42:34','2025-02-19 15:42:34','2025-02-19 15:42:34'),
 (11,1,1,5,'Joost de Valk','contact_work_updated','{\"contact_name\":\"Bastiaan van de Rakt\",\"contact_id\":5}',1,'2025-02-19 15:42:34','2025-02-19 15:42:34','2025-02-19 15:42:34'),
 (12,1,1,4,'Joost de Valk','contact_description_cleared','{\"contact_name\":\"Hilde Schellekens\",\"contact_id\":4}',1,'2025-02-19 15:43:57','2025-02-19 15:43:57','2025-02-19 15:43:57'),
 (13,1,1,5,'Joost de Valk','contact_description_cleared','{\"contact_name\":\"Bastiaan van de Rakt\",\"contact_id\":5}',1,'2025-02-19 15:44:07','2025-02-19 15:44:07','2025-02-19 15:44:07'),
 (14,1,1,6,'Joost de Valk','contact_created','{\"contact_name\":\"David van de Rakt\",\"contact_id\":6}',1,'2025-02-19 15:45:59','2025-02-19 15:45:59','2025-02-19 15:45:59'),
 (15,1,1,4,'Joost de Valk','contact_description_cleared','{\"contact_name\":\"Hilde Schellekens\",\"contact_id\":4}',1,'2025-02-19 15:46:50','2025-02-19 15:46:50','2025-02-19 15:46:50'),
 (16,1,1,7,'Joost de Valk','contact_created','{\"contact_name\":\"Joost de Valk\",\"contact_id\":7}',1,'2025-02-19 15:48:01','2025-02-19 15:48:01','2025-02-19 15:48:01'),
 (17,1,1,8,'Joost de Valk','contact_created','{\"contact_name\":\"Tycho de Valk\",\"contact_id\":8}',1,'2025-02-19 15:48:53','2025-02-19 15:48:53','2025-02-19 15:48:53'),
 (18,1,1,5,'Joost de Valk','contact_description_cleared','{\"contact_name\":\"Bastiaan van de Rakt\",\"contact_id\":5}',1,'2025-02-19 16:46:53','2025-02-19 16:46:53','2025-02-19 16:46:53'),
 (19,1,1,9,'Joost de Valk','contact_created','{\"contact_name\":\"Tycho de Valk\",\"contact_id\":9}',1,'2025-02-19 16:48:31','2025-02-19 16:48:31','2025-02-19 16:48:31'),
 (20,1,1,9,'Joost de Valk','contact_work_updated','{\"contact_name\":\"Tycho de Valk\",\"contact_id\":9}',1,'2025-02-19 16:48:32','2025-02-19 16:48:32','2025-02-19 16:48:32'),
 (21,1,1,10,'Joost de Valk','contact_created','{\"contact_name\":\"Wende de Valk\",\"contact_id\":10}',1,'2025-02-19 16:48:44','2025-02-19 16:48:44','2025-02-19 16:48:44'),
 (22,1,1,11,'Joost de Valk','contact_created','{\"contact_name\":\"Ravi de Valk\",\"contact_id\":11}',1,'2025-02-19 16:48:52','2025-02-19 16:48:52','2025-02-19 16:48:52'),
 (23,1,1,12,'Joost de Valk','contact_created','{\"contact_name\":\"Borre de Valk\",\"contact_id\":12}',1,'2025-02-19 16:48:59','2025-02-19 16:48:59','2025-02-19 16:48:59'),
 (24,1,1,10,'Joost de Valk','contact_description_cleared','{\"contact_name\":\"Wende de Valk\",\"contact_id\":10}',1,'2025-02-19 16:51:19','2025-02-19 16:51:19','2025-02-19 16:51:19'),
 (25,1,1,7,'Joost de Valk','contact_description_cleared','{\"contact_name\":\"Joost de Valk\",\"contact_id\":7}',1,'2025-02-19 16:52:42','2025-02-19 16:52:42','2025-02-19 16:52:42'),
 (26,1,1,7,'Joost de Valk','contact_description_cleared','{\"contact_name\":\"Joost de Valk\",\"contact_id\":7}',1,'2025-02-19 16:52:45','2025-02-19 16:52:45','2025-02-19 16:52:45'),
 (27,1,1,11,'Joost de Valk','contact_description_cleared','{\"contact_name\":\"Ravi de Valk\",\"contact_id\":11}',1,'2025-02-19 16:53:30','2025-02-19 16:53:30','2025-02-19 16:53:30'),
 (28,1,1,12,'Joost de Valk','contact_description_cleared','{\"contact_name\":\"Borre de Valk\",\"contact_id\":12}',1,'2025-02-19 16:54:03','2025-02-19 16:54:03','2025-02-19 16:54:03'),
 (29,1,1,12,'Joost de Valk','contact_description_cleared','{\"contact_name\":\"Borre de Valk\",\"contact_id\":12}',1,'2025-02-19 16:54:10','2025-02-19 16:54:10','2025-02-19 16:54:10'),
 (30,1,1,11,'Joost de Valk','contact_description_cleared','{\"contact_name\":\"Ravi de Valk\",\"contact_id\":11}',1,'2025-02-19 16:54:26','2025-02-19 16:54:26','2025-02-19 16:54:26'),
 (31,1,1,13,'Joost de Valk','contact_created','{\"contact_name\":\"Marike de Valk\",\"contact_id\":13}',1,'2025-02-19 17:00:25','2025-02-19 17:00:25','2025-02-19 17:00:25'),
 (32,1,1,13,'Joost de Valk','contact_work_updated','{\"contact_name\":\"Marike de Valk\",\"contact_id\":13}',1,'2025-02-19 17:00:25','2025-02-19 17:00:25','2025-02-19 17:00:25'),
 (33,1,1,14,'Joost de Valk','contact_created','{\"contact_name\":\"Theo de Valk\",\"contact_id\":14}',1,'2025-02-19 17:00:32','2025-02-19 17:00:32','2025-02-19 17:00:32'),
 (34,1,1,15,'Joost de Valk','contact_created','{\"contact_name\":\"Thijs de Valk\",\"contact_id\":15}',1,'2025-02-19 17:00:40','2025-02-19 17:00:40','2025-02-19 17:00:40'),
 (35,1,1,16,'Joost de Valk','contact_created','{\"contact_name\":\"Judith de Valk\",\"contact_id\":16}',1,'2025-02-19 17:00:48','2025-02-19 17:00:48','2025-02-19 17:00:48'),
 (36,1,1,13,'Joost de Valk','contact_description_cleared','{\"contact_name\":\"Marike de Valk\",\"contact_id\":13}',1,'2025-02-19 17:02:21','2025-02-19 17:02:21','2025-02-19 17:02:21'),
 (37,1,1,14,'Joost de Valk','contact_description_cleared','{\"contact_name\":\"Theo de Valk\",\"contact_id\":14}',1,'2025-02-19 17:03:05','2025-02-19 17:03:05','2025-02-19 17:03:05'),
 (38,1,1,16,'Joost de Valk','contact_description_cleared','{\"contact_name\":\"Judith de Valk\",\"contact_id\":16}',1,'2025-02-19 17:04:10','2025-02-19 17:04:10','2025-02-19 17:04:10'),
 (39,1,1,4,'Joost de Valk','contact_description_cleared','{\"contact_name\":\"Hilde Schellekens\",\"contact_id\":4}',1,'2025-02-19 17:24:30','2025-02-19 17:24:30','2025-02-19 17:24:30'),
 (40,1,1,17,'Joost de Valk','contact_created','{\"contact_name\":\"Rogier de Graaff\",\"contact_id\":17}',1,'2025-02-19 18:33:40','2025-02-19 18:33:40','2025-02-19 18:33:40'),
 (41,1,1,18,'Joost de Valk','contact_created','{\"contact_name\":\"Floren de Graaf\",\"contact_id\":18}',1,'2025-02-19 18:34:15','2025-02-19 18:34:15','2025-02-19 18:34:15'),
 (42,1,1,17,'Joost de Valk','contact_description_cleared','{\"contact_name\":\"Rogier de Graaff\",\"contact_id\":17}',1,'2025-02-19 18:36:38','2025-02-19 18:36:38','2025-02-19 18:36:38'),
 (43,1,1,19,'Joost de Valk','contact_created','{\"contact_name\":\"Oliver de Graaf\",\"contact_id\":19}',1,'2025-02-19 18:39:59','2025-02-19 18:39:59','2025-02-19 18:39:59'),
 (44,1,1,20,'Joost de Valk','contact_created','{\"contact_name\":\"Nine Mae de Graaf\",\"contact_id\":20}',1,'2025-02-19 18:40:50','2025-02-19 18:40:50','2025-02-19 18:40:50'),
 (45,1,1,21,'Joost de Valk','contact_created','{\"contact_name\":\"Siem de Valk\",\"contact_id\":21}',1,'2025-02-19 18:42:36','2025-02-19 18:42:36','2025-02-19 18:42:36'),
 (46,1,1,18,'Joost de Valk','contact_description_cleared','{\"contact_name\":\"Floren Lewis de Graaf\",\"contact_id\":18}',1,'2025-02-19 18:43:30','2025-02-19 18:43:30','2025-02-19 18:43:30'),
 (47,1,1,17,'Joost de Valk','contact_description_cleared','{\"contact_name\":\"Rogier de Graaf\",\"contact_id\":17}',1,'2025-02-19 18:47:38','2025-02-19 18:47:38','2025-02-19 18:47:38'),
 (48,1,1,22,'Joost de Valk','contact_created','{\"contact_name\":\"Jorien de Valk - Barnhoorn\",\"contact_id\":22}',1,'2025-02-19 18:53:51','2025-02-19 18:53:51','2025-02-19 18:53:51'),
 (49,1,1,23,'Joost de Valk','contact_created','{\"contact_name\":\"Saar de Valk\",\"contact_id\":23}',1,'2025-02-19 18:54:15','2025-02-19 18:54:15','2025-02-19 18:54:15'),
 (50,1,1,22,'Joost de Valk','contact_description_cleared','{\"contact_name\":\"Jorien de Valk - Barnhoorn\",\"contact_id\":22}',1,'2025-02-19 18:54:38','2025-02-19 18:54:38','2025-02-19 18:54:38'),
 (51,1,1,24,'Joost de Valk','contact_created','{\"contact_name\":\"Guus de Valk\",\"contact_id\":24}',1,'2025-02-19 18:55:39','2025-02-19 18:55:39','2025-02-19 18:55:39'),
 (52,1,1,25,'Joost de Valk','contact_created','{\"contact_name\":\"Teun de Valk\",\"contact_id\":25}',1,'2025-02-19 18:56:20','2025-02-19 18:56:20','2025-02-19 18:56:20'),
 (53,1,1,23,'Joost de Valk','contact_description_cleared','{\"contact_name\":\"Saar de Valk\",\"contact_id\":23}',1,'2025-02-19 18:59:23','2025-02-19 18:59:23','2025-02-19 18:59:23'),
 (54,1,1,20,'Joost de Valk','contact_description_cleared','{\"contact_name\":\"Nine Mae de Graaf\",\"contact_id\":20}',1,'2025-02-19 19:15:15','2025-02-19 19:15:15','2025-02-19 19:15:15'),
 (55,1,1,26,'Joost de Valk','contact_created','{\"contact_name\":\"Martijn Warndorff\",\"contact_id\":26}',1,'2025-02-24 07:33:45','2025-02-24 07:33:45','2025-02-24 07:33:45'),
 (56,1,1,26,'Joost de Valk','contact_description_cleared','{\"contact_name\":\"Martijn Warndorff\",\"contact_id\":26}',1,'2025-02-24 07:34:18','2025-02-24 07:34:18','2025-02-24 07:34:18'),
 (57,1,1,7,'Joost de Valk','contact_work_updated','{\"contact_name\":\"Joost de Valk\",\"contact_id\":7}',1,'2025-02-27 14:12:48','2025-02-27 14:12:48','2025-02-27 14:12:48'),
 (58,1,1,27,'Joost de Valk','contact_created','{\"contact_name\":\"Taco Verdonschot\",\"contact_id\":27}',1,'2025-02-27 14:13:20','2025-02-27 14:13:20','2025-02-27 14:13:20'),
 (59,1,1,28,'Joost de Valk','contact_created','{\"contact_name\":\"Patrice de Haan\",\"contact_id\":28}',1,'2025-02-27 14:13:35','2025-02-27 14:13:35','2025-02-27 14:13:35'),
 (60,1,1,29,'Joost de Valk','contact_created','{\"contact_name\":\"Filip Ilic\",\"contact_id\":29}',1,'2025-02-27 14:22:41','2025-02-27 14:22:41','2025-02-27 14:22:41'),
 (61,1,1,30,'Joost de Valk','contact_created','{\"contact_name\":\"Ari Stathopoulos\",\"contact_id\":30}',1,'2025-02-27 14:22:56','2025-02-27 14:22:56','2025-02-27 14:22:56'),
 (62,1,1,31,'Joost de Valk','contact_created','{\"contact_name\":\"Iris Guelen\",\"contact_id\":31}',1,'2025-02-27 14:23:10','2025-02-27 14:23:10','2025-02-27 14:23:10'),
 (63,1,1,32,'Joost de Valk','contact_created','{\"contact_name\":\"Mijke Peters\",\"contact_id\":32}',1,'2025-02-27 14:23:22','2025-02-27 14:23:22','2025-02-27 14:23:22'),
 (64,1,1,33,'Joost de Valk','contact_created','{\"contact_name\":\"Jono Alderson\",\"contact_id\":33}',1,'2025-02-27 14:23:44','2025-02-27 14:23:44','2025-02-27 14:23:44'),
 (65,1,1,34,'Joost de Valk','contact_created','{\"contact_name\":\"Sam Alderson\",\"contact_id\":34}',1,'2025-02-27 14:24:09','2025-02-27 14:24:09','2025-02-27 14:24:09'),
 (66,1,1,35,'Joost de Valk','contact_created','{\"contact_name\":\"Noah Wellink\",\"contact_id\":35}',1,'2025-02-27 14:26:44','2025-02-27 14:26:44','2025-02-27 14:26:44'),
 (67,1,1,32,'Joost de Valk','contact_description_cleared','{\"contact_name\":\"Mijke Peters\",\"contact_id\":32}',1,'2025-02-27 14:28:22','2025-02-27 14:28:22','2025-02-27 14:28:22'),
 (68,1,1,27,'Joost de Valk','contact_description_cleared','{\"contact_name\":\"Taco Verdonschot\",\"contact_id\":27}',1,'2025-02-27 14:28:56','2025-02-27 14:28:56','2025-02-27 14:28:56'),
 (69,1,1,29,'Joost de Valk','contact_description_cleared','{\"contact_name\":\"Filip Ilic\",\"contact_id\":29}',1,'2025-02-27 14:29:24','2025-02-27 14:29:24','2025-02-27 14:29:24'),
 (70,1,1,28,'Joost de Valk','contact_description_cleared','{\"contact_name\":\"Patrice de Haan\",\"contact_id\":28}',1,'2025-02-27 14:30:00','2025-02-27 14:30:00','2025-02-27 14:30:00'),
 (71,1,1,28,'Joost de Valk','contact_description_cleared','{\"contact_name\":\"Patrice de Haan\",\"contact_id\":28}',1,'2025-02-27 14:30:05','2025-02-27 14:30:05','2025-02-27 14:30:05'),
 (72,1,1,31,'Joost de Valk','contact_description_cleared','{\"contact_name\":\"Iris Guelen\",\"contact_id\":31}',1,'2025-02-27 14:30:27','2025-02-27 14:30:27','2025-02-27 14:30:27'),
 (73,1,1,36,'Joost de Valk','contact_created','{\"contact_name\":\"Alex Schultz\",\"contact_id\":36}',1,'2025-02-27 14:31:28','2025-02-27 14:31:28','2025-02-27 14:31:28'),
 (74,1,1,36,'Joost de Valk','contact_description_cleared','{\"contact_name\":\"Alex Schultz\",\"contact_id\":36}',1,'2025-02-27 14:32:02','2025-02-27 14:32:02','2025-02-27 14:32:02'),
 (75,1,1,37,'Joost de Valk','contact_created','{\"contact_name\":\"Omar Milan Reiss\",\"contact_id\":37}',1,'2025-02-27 14:33:46','2025-02-27 14:33:46','2025-02-27 14:33:46'),
 (76,1,1,37,'Joost de Valk','contact_description_cleared','{\"contact_name\":\"Omar Milan Reiss\",\"contact_id\":37}',1,'2025-02-27 14:34:20','2025-02-27 14:34:20','2025-02-27 14:34:20'),
 (77,1,1,38,'Joost de Valk','contact_created','{\"contact_name\":\"Sharon Shmuely\",\"contact_id\":38}',1,'2025-02-27 14:35:36','2025-02-27 14:35:36','2025-02-27 14:35:36'),
 (78,1,1,39,'Joost de Valk','contact_created','{\"contact_name\":\"Annika Reiss\",\"contact_id\":39}',1,'2025-02-27 14:36:23','2025-02-27 14:36:23','2025-02-27 14:36:23'),
 (79,1,1,40,'Joost de Valk','contact_created','{\"contact_name\":\"Leah Reiss\",\"contact_id\":40}',1,'2025-02-27 14:36:59','2025-02-27 14:36:59','2025-02-27 14:36:59'),
 (80,1,1,41,'Joost de Valk','contact_created','{\"contact_name\":\"Dorien Reiss\",\"contact_id\":41}',1,'2025-02-27 14:40:44','2025-02-27 14:40:44','2025-02-27 14:40:44'),
 (81,1,1,40,'Joost de Valk','contact_description_cleared','{\"contact_name\":\"Leah Reiss\",\"contact_id\":40}',1,'2025-02-27 14:41:46','2025-02-27 14:41:46','2025-02-27 14:41:46'),
 (82,1,1,30,'Joost de Valk','contact_description_cleared','{\"contact_name\":\"Aristeidis Stathopoulos (Ari)\",\"contact_id\":30}',1,'2025-02-27 14:45:15','2025-02-27 14:45:15','2025-02-27 14:45:15'),
 (83,1,1,42,'Joost de Valk','contact_created','{\"contact_name\":\"Chris van Leth\",\"contact_id\":42}',1,'2025-02-27 14:46:29','2025-02-27 14:46:29','2025-02-27 14:46:29'),
 (84,1,1,43,'Joost de Valk','contact_created','{\"contact_name\":\"Brenda van Leth\",\"contact_id\":43}',1,'2025-02-27 14:48:56','2025-02-27 14:48:56','2025-02-27 14:48:56'),
 (85,1,1,37,'Joost de Valk','contact_description_cleared','{\"contact_name\":\"Omar Milan Reiss\",\"contact_id\":37}',1,'2025-02-27 14:51:16','2025-02-27 14:51:16','2025-02-27 14:51:16'),
 (86,1,1,34,'Joost de Valk','contact_description_cleared','{\"contact_name\":\"Sam Alderson\",\"contact_id\":34}',1,'2025-02-27 14:57:13','2025-02-27 14:57:13','2025-02-27 14:57:13'),
 (87,1,1,34,'Joost de Valk','contact_description_cleared','{\"contact_name\":\"Sam Alderson\",\"contact_id\":34}',1,'2025-02-27 14:57:16','2025-02-27 14:57:16','2025-02-27 14:57:16'),
 (88,1,1,33,'Joost de Valk','contact_description_cleared','{\"contact_name\":\"Jono Alderson\",\"contact_id\":33}',1,'2025-02-27 14:58:36','2025-02-27 14:58:36','2025-02-27 14:58:36'),
 (89,1,1,33,'Joost de Valk','contact_description_cleared','{\"contact_name\":\"Jono Alderson\",\"contact_id\":33}',1,'2025-02-27 14:58:38','2025-02-27 14:58:38','2025-02-27 14:58:38'),
 (90,1,1,33,'Joost de Valk','contact_description_cleared','{\"contact_name\":\"Jono Alderson\",\"contact_id\":33}',1,'2025-02-27 14:58:39','2025-02-27 14:58:39','2025-02-27 14:58:39'),
 (91,1,1,31,'Joost de Valk','contact_description_cleared','{\"contact_name\":\"Iris Guelen\",\"contact_id\":31}',1,'2025-02-27 15:01:12','2025-02-27 15:01:12','2025-02-27 15:01:12'),
 (92,1,1,35,'Joost de Valk','contact_description_cleared','{\"contact_name\":\"Noah Welling\",\"contact_id\":35}',1,'2025-02-27 15:02:04','2025-02-27 15:02:04','2025-02-27 15:02:04'),
 (93,1,1,44,'Joost de Valk','contact_created','{\"contact_name\":\"Erwin Brouwer\",\"contact_id\":44}',1,'2025-02-27 15:05:14','2025-02-27 15:05:14','2025-02-27 15:05:14'),
 (94,1,1,42,'Joost de Valk','contact_description_cleared','{\"contact_name\":\"Chris van Leth\",\"contact_id\":42}',1,'2025-02-27 15:08:01','2025-02-27 15:08:01','2025-02-27 15:08:01'),
 (95,1,1,45,'Joost de Valk','contact_created','{\"contact_name\":\"Fay Verdonschot - van der Geest\",\"contact_id\":45}',1,'2025-02-27 15:09:01','2025-02-27 15:09:01','2025-02-27 15:09:01'),
 (96,1,1,27,'Joost de Valk','contact_description_cleared','{\"contact_name\":\"Taco Verdonschot\",\"contact_id\":27}',1,'2025-02-27 15:09:51','2025-02-27 15:09:51','2025-02-27 15:09:51'),
 (97,1,1,45,'Joost de Valk','contact_description_cleared','{\"contact_name\":\"Fay Verdonschot - van der Geest\",\"contact_id\":45}',1,'2025-02-27 15:10:53','2025-02-27 15:10:53','2025-02-27 15:10:53'),
 (98,1,1,46,'Joost de Valk','contact_created','{\"contact_name\":\"Lise Verdonschot\",\"contact_id\":46}',1,'2025-02-27 15:12:19','2025-02-27 15:12:19','2025-02-27 15:12:19'),
 (99,1,1,47,'Joost de Valk','contact_created','{\"contact_name\":\"Pippa Verdonschot\",\"contact_id\":47}',1,'2025-02-27 15:14:39','2025-02-27 15:14:39','2025-02-27 15:14:39'),
 (100,1,1,47,'Joost de Valk','contact_description_cleared','{\"contact_name\":\"Pippa Sophie Verdonschot\",\"contact_id\":47}',1,'2025-02-27 15:14:50','2025-02-27 15:14:50','2025-02-27 15:14:50'),
 (101,1,1,48,'Joost de Valk','contact_created','{\"contact_name\":\"Luuk Brouwer\",\"contact_id\":48}',1,'2025-02-27 15:18:07','2025-02-27 15:18:07','2025-02-27 15:18:07'),
 (102,1,1,48,'Joost de Valk','contact_description_cleared','{\"contact_name\":\"Luuk Brouwer\",\"contact_id\":48}',1,'2025-02-27 15:19:36','2025-02-27 15:19:36','2025-02-27 15:19:36'),
 (103,1,1,49,'Joost de Valk','contact_created','{\"contact_name\":\"Helen Rikken\",\"contact_id\":49}',1,'2025-02-27 15:21:37','2025-02-27 15:21:37','2025-02-27 15:21:37'),
 (104,1,1,50,'Joost de Valk','contact_created','{\"contact_name\":\"Yves de Haan\",\"contact_id\":50}',1,'2025-02-27 15:23:12','2025-02-27 15:23:12','2025-02-27 15:23:12'),
 (105,1,1,51,'Joost de Valk','contact_created','{\"contact_name\":\"Liv de Haan\",\"contact_id\":51}',1,'2025-02-27 15:24:17','2025-02-27 15:24:17','2025-02-27 15:24:17'),
 (106,1,1,50,'Joost de Valk','contact_description_cleared','{\"contact_name\":\"Yves de Haan\",\"contact_id\":50}',1,'2025-02-27 15:27:43','2025-02-27 15:27:43','2025-02-27 15:27:43'),
 (107,1,1,50,'Joost de Valk','contact_description_cleared','{\"contact_name\":\"Yves de Haan\",\"contact_id\":50}',1,'2025-02-27 15:27:57','2025-02-27 15:27:57','2025-02-27 15:27:57'),
 (108,1,1,52,'Joost de Valk','contact_created','{\"contact_name\":\"Maike Boeijen\",\"contact_id\":52}',1,'2025-02-27 15:39:38','2025-02-27 15:39:38','2025-02-27 15:39:38'),
 (109,1,1,52,'Joost de Valk','contact_description_cleared','{\"contact_name\":\"Maike Boeijen\",\"contact_id\":52}',1,'2025-02-27 15:40:10','2025-02-27 15:40:10','2025-02-27 15:40:10'),
 (110,1,1,53,'Joost de Valk','contact_created','{\"contact_name\":\"Elfi Derksen\",\"contact_id\":53}',1,'2025-02-28 08:51:02','2025-02-28 08:51:02','2025-02-28 08:51:02'),
 (111,1,1,53,'Joost de Valk','contact_description_cleared','{\"contact_name\":\"Elfi Derksen\",\"contact_id\":53}',1,'2025-02-28 08:52:45','2025-02-28 08:52:45','2025-02-28 08:52:45'),
 (112,1,1,54,'Joost de Valk','contact_created','{\"contact_name\":\"Richard Theuws\",\"contact_id\":54}',1,'2025-02-28 09:00:53','2025-02-28 09:00:53','2025-02-28 09:00:53'),
 (113,1,1,55,'Joost de Valk','contact_created','{\"contact_name\":\"David Brinks\",\"contact_id\":55}',1,'2025-02-28 09:01:34','2025-02-28 09:01:34','2025-02-28 09:01:34'),
 (114,1,1,56,'Joost de Valk','contact_created','{\"contact_name\":\"Roy Huiskes\",\"contact_id\":56}',1,'2025-02-28 09:01:44','2025-02-28 09:01:44','2025-02-28 09:01:44'),
 (115,1,1,57,'Joost de Valk','contact_created','{\"contact_name\":\"Arjan Snaterse\",\"contact_id\":57}',1,'2025-02-28 09:02:18','2025-02-28 09:02:18','2025-02-28 09:02:18'),
 (116,1,1,58,'Joost de Valk','contact_created','{\"contact_name\":\"Sander Tamaela\",\"contact_id\":58}',1,'2025-02-28 09:02:53','2025-02-28 09:02:53','2025-02-28 09:02:53'),
 (117,1,1,59,'Joost de Valk','contact_created','{\"contact_name\":\"Janske Tama\\u00ebla - Damen\",\"contact_id\":59}',1,'2025-02-28 09:04:21','2025-02-28 09:04:21','2025-02-28 09:04:21'),
 (118,1,1,58,'Joost de Valk','contact_description_cleared','{\"contact_name\":\"Sander Tamaela\",\"contact_id\":58}',1,'2025-02-28 09:05:12','2025-02-28 09:05:12','2025-02-28 09:05:12'),
 (119,1,1,58,'Joost de Valk','contact_description_cleared','{\"contact_name\":\"Sander Tama\\u00ebla\",\"contact_id\":58}',1,'2025-02-28 09:05:18','2025-02-28 09:05:18','2025-02-28 09:05:18'),
 (120,1,1,54,'Joost de Valk','contact_description_cleared','{\"contact_name\":\"Richard Theuws\",\"contact_id\":54}',1,'2025-02-28 09:06:58','2025-02-28 09:06:58','2025-02-28 09:06:58'),
 (121,1,1,60,'Joost de Valk','contact_created','{\"contact_name\":\"Sharon Theuws\",\"contact_id\":60}',1,'2025-02-28 09:07:50','2025-02-28 09:07:50','2025-02-28 09:07:50'),
 (122,1,1,60,'Joost de Valk','contact_description_cleared','{\"contact_name\":\"Sharon Theuws\",\"contact_id\":60}',1,'2025-02-28 09:08:07','2025-02-28 09:08:07','2025-02-28 09:08:07'),
 (123,1,1,60,'Joost de Valk','contact_description_cleared','{\"contact_name\":\"Sharon Theuws \\u26b0\",\"contact_id\":60}',1,'2025-02-28 09:09:23','2025-02-28 09:09:23','2025-02-28 09:09:23'),
 (124,1,1,56,'Joost de Valk','contact_description_cleared','{\"contact_name\":\"Roy Huiskes\",\"contact_id\":56}',1,'2025-02-28 09:10:35','2025-02-28 09:10:35','2025-02-28 09:10:35'),
 (125,1,1,61,'Joost de Valk','contact_created','{\"contact_name\":\"Yvonne Oude Luttikhuis\",\"contact_id\":61}',1,'2025-02-28 09:11:49','2025-02-28 09:11:49','2025-02-28 09:11:49'),
 (126,1,1,57,'Joost de Valk','contact_description_cleared','{\"contact_name\":\"Arjan Snaterse\",\"contact_id\":57}',1,'2025-02-28 09:13:05','2025-02-28 09:13:05','2025-02-28 09:13:05'),
 (127,1,1,62,'Joost de Valk','contact_created','{\"contact_name\":\"Carolien Snaterse\",\"contact_id\":62}',1,'2025-02-28 09:13:51','2025-02-28 09:13:51','2025-02-28 09:13:51'),
 (128,1,1,62,'Joost de Valk','contact_description_cleared','{\"contact_name\":\"Carolien Snaterse\",\"contact_id\":62}',1,'2025-02-28 09:15:15','2025-02-28 09:15:15','2025-02-28 09:15:15'),
 (129,1,1,63,'Joost de Valk','contact_created','{\"contact_name\":\"Xander Nott\\u00e9\",\"contact_id\":63}',1,'2025-02-28 09:16:43','2025-02-28 09:16:43','2025-02-28 09:16:43'),
 (130,1,1,64,'Joost de Valk','contact_created','{\"contact_name\":\"Eden Nott\\u00e9\",\"contact_id\":64}',1,'2025-02-28 09:18:01','2025-02-28 09:18:01','2025-02-28 09:18:01'),
 (131,1,1,63,'Joost de Valk','contact_description_cleared','{\"contact_name\":\"Xander Nott\\u00e9\",\"contact_id\":63}',1,'2025-02-28 09:19:50','2025-02-28 09:19:50','2025-02-28 09:19:50'),
 (132,1,1,65,'Joost de Valk','contact_created','{\"contact_name\":\"Noah Nott\\u00e9\",\"contact_id\":65}',1,'2025-02-28 09:20:17','2025-02-28 09:20:17','2025-02-28 09:20:17'),
 (133,1,1,66,'Joost de Valk','contact_created','{\"contact_name\":\"Janneke Thijssen\",\"contact_id\":66}',1,'2025-02-28 09:26:52','2025-02-28 09:26:52','2025-02-28 09:26:52'),
 (134,1,1,67,'Joost de Valk','contact_created','{\"contact_name\":\"Brent Huiskes\",\"contact_id\":67}',1,'2025-02-28 09:44:51','2025-02-28 09:44:51','2025-02-28 09:44:51'),
 (135,1,1,68,'Joost de Valk','contact_created','{\"contact_name\":\"Loek Huiskes\",\"contact_id\":68}',1,'2025-02-28 09:45:52','2025-02-28 09:45:52','2025-02-28 09:45:52'),
 (136,1,1,69,'Joost de Valk','contact_created','{\"contact_name\":\"Sara Theuws\",\"contact_id\":69}',1,'2025-02-28 09:47:03','2025-02-28 09:47:03','2025-02-28 09:47:03'),
 (137,1,1,70,'Joost de Valk','contact_created','{\"contact_name\":\"Jack Theuws\",\"contact_id\":70}',1,'2025-02-28 09:47:28','2025-02-28 09:47:28','2025-02-28 09:47:28'),
 (138,1,1,71,'Joost de Valk','contact_created','{\"contact_name\":\"Roos Tama\\u00ebla\",\"contact_id\":71}',1,'2025-02-28 09:49:20','2025-02-28 09:49:20','2025-02-28 09:49:20'),
 (139,1,1,72,'Joost de Valk','contact_created','{\"contact_name\":\"Cynthia de Vries\",\"contact_id\":72}',1,'2025-02-28 09:51:52','2025-02-28 09:51:52','2025-02-28 09:51:52'),
 (140,1,1,70,'Joost de Valk','contact_description_cleared','{\"contact_name\":\"Jack Theuws\",\"contact_id\":70}',1,'2025-02-28 09:53:25','2025-02-28 09:53:25','2025-02-28 09:53:25'),
 (141,1,1,66,'Joost de Valk','contact_description_cleared','{\"contact_name\":\"Janneke Thijssen\",\"contact_id\":66}',1,'2025-02-28 15:13:52','2025-02-28 15:13:52','2025-02-28 15:13:52'),
 (142,1,1,73,'Joost de Valk','contact_created','{\"contact_name\":\"Guido Ronnes\",\"contact_id\":73}',1,'2025-03-01 19:54:37','2025-03-01 19:54:37','2025-03-01 19:54:37'),
 (143,1,1,74,'Joost de Valk','contact_created','{\"contact_name\":\"Hans Velvis\",\"contact_id\":74}',1,'2025-03-01 19:54:52','2025-03-01 19:54:52','2025-03-01 19:54:52'),
 (144,1,1,75,'Joost de Valk','contact_created','{\"contact_name\":\"Jeroen Pots\",\"contact_id\":75}',1,'2025-03-01 19:55:09','2025-03-01 19:55:09','2025-03-01 19:55:09'),
 (145,1,1,76,'Joost de Valk','contact_created','{\"contact_name\":\"Guus van Schijndel\",\"contact_id\":76}',1,'2025-03-01 19:55:19','2025-03-01 19:55:19','2025-03-01 19:55:19'),
 (146,1,1,77,'Joost de Valk','contact_created','{\"contact_name\":\"Jos van Beek\",\"contact_id\":77}',1,'2025-03-01 19:55:50','2025-03-01 19:55:50','2025-03-01 19:55:50'),
 (147,1,1,75,'Joost de Valk','contact_description_cleared','{\"contact_name\":\"Jeroen Pots\",\"contact_id\":75}',1,'2025-03-01 19:58:13','2025-03-01 19:58:13','2025-03-01 19:58:13'),
 (148,1,1,74,'Joost de Valk','contact_description_cleared','{\"contact_name\":\"Hans Velvis\",\"contact_id\":74}',1,'2025-03-01 19:59:43','2025-03-01 19:59:43','2025-03-01 19:59:43'),
 (149,1,1,73,'Joost de Valk','contact_description_cleared','{\"contact_name\":\"Guido Ronnes\",\"contact_id\":73}',1,'2025-03-01 20:00:26','2025-03-01 20:00:26','2025-03-01 20:00:26'),
 (150,1,1,77,'Joost de Valk','contact_description_cleared','{\"contact_name\":\"Jos van Beek\",\"contact_id\":77}',1,'2025-03-01 20:01:10','2025-03-01 20:01:10','2025-03-01 20:01:10'),
 (151,1,1,76,'Joost de Valk','contact_description_cleared','{\"contact_name\":\"Guus van Schijndel\",\"contact_id\":76}',1,'2025-03-01 20:02:13','2025-03-01 20:02:13','2025-03-01 20:02:13'),
 (152,1,1,78,'Joost de Valk','contact_created','{\"contact_name\":\"Luke Reid Battaglia\",\"contact_id\":78}',1,'2025-03-04 15:59:42','2025-03-04 15:59:42','2025-03-04 15:59:42'),
 (153,1,1,78,'Joost de Valk','contact_description_cleared','{\"contact_name\":\"Luke Reid Battaglia\",\"contact_id\":78}',1,'2025-03-04 16:00:17','2025-03-04 16:00:17','2025-03-04 16:00:17'),
 (154,1,1,79,'Joost de Valk','contact_created','{\"contact_name\":\"Brunella da San Martino\",\"contact_id\":79}',1,'2025-03-04 16:00:59','2025-03-04 16:00:59','2025-03-04 16:00:59'),
 (155,1,1,80,'Joost de Valk','contact_created','{\"contact_name\":\"Oliver Sild\",\"contact_id\":80}',1,'2025-03-09 08:34:05','2025-03-09 08:34:05','2025-03-09 08:34:05'),
 (156,1,1,81,'Joost de Valk','contact_created','{\"contact_name\":\"Agnes Sild\",\"contact_id\":81}',1,'2025-03-09 08:36:35','2025-03-09 08:36:35','2025-03-09 08:36:35'),
 (157,1,1,82,'Joost de Valk','contact_created','{\"contact_name\":\"Vesse Sild\",\"contact_id\":82}',1,'2025-03-09 08:37:37','2025-03-09 08:37:37','2025-03-09 08:37:37'),
 (158,1,1,82,'Joost de Valk','contact_description_cleared','{\"contact_name\":\"Vesse Sild\",\"contact_id\":82}',1,'2025-03-09 08:44:26','2025-03-09 08:44:26','2025-03-09 08:44:26'),
 (159,1,1,83,'Joost de Valk','contact_created','{\"contact_name\":\"Jamie Madden\",\"contact_id\":83}',1,'2025-03-10 08:58:48','2025-03-10 08:58:48','2025-03-10 08:58:48'),
 (160,1,1,83,'Joost de Valk','contact_description_cleared','{\"contact_name\":\"Jamie Madden\",\"contact_id\":83}',1,'2025-03-10 08:59:11','2025-03-10 08:59:11','2025-03-10 08:59:11'),
 (161,1,1,84,'Joost de Valk','contact_created','{\"contact_name\":\"Jessie Henkes\",\"contact_id\":84}',1,'2025-03-22 17:23:48','2025-03-22 17:23:48','2025-03-22 17:23:48'),
 (162,1,1,85,'Joost de Valk','contact_created','{\"contact_name\":\"Jorge Yepez Olave\",\"contact_id\":85}',1,'2025-03-22 18:19:00','2025-03-22 18:19:00','2025-03-22 18:19:00'),
 (163,1,1,86,'Joost de Valk','contact_created','{\"contact_name\":\"Lotta Yepez Olave\",\"contact_id\":86}',1,'2025-03-22 18:19:31','2025-03-22 18:19:31','2025-03-22 18:19:31'),
 (164,1,1,87,'Joost de Valk','contact_created','{\"contact_name\":\"Timo Yepez Olave\",\"contact_id\":87}',1,'2025-03-22 18:21:10','2025-03-22 18:21:10','2025-03-22 18:21:10'),
 (165,1,1,84,'Joost de Valk','contact_description_cleared','{\"contact_name\":\"Jessie Henkes\",\"contact_id\":84}',1,'2025-03-22 18:26:26','2025-03-22 18:26:26','2025-03-22 18:26:26'),
 (166,1,1,87,'Joost de Valk','contact_description_cleared','{\"contact_name\":\"Timo Yepez Olave\",\"contact_id\":87}',1,'2025-03-22 18:26:52','2025-03-22 18:26:52','2025-03-22 18:26:52'),
 (167,1,1,86,'Joost de Valk','contact_description_cleared','{\"contact_name\":\"Lotta Yepez Olave\",\"contact_id\":86}',1,'2025-03-22 18:27:13','2025-03-22 18:27:13','2025-03-22 18:27:13'),
 (168,1,1,88,'Joost de Valk','contact_created','{\"contact_name\":\"Koen Tama\\u00ebla\",\"contact_id\":88}',1,'2025-03-22 19:41:53','2025-03-22 19:41:53','2025-03-22 19:41:53'),
 (169,1,1,71,'Joost de Valk','contact_description_cleared','{\"contact_name\":\"Roos Tama\\u00ebla\",\"contact_id\":71}',1,'2025-03-22 19:43:28','2025-03-22 19:43:28','2025-03-22 19:43:28'),
 (170,1,1,88,'Joost de Valk','contact_description_cleared','{\"contact_name\":\"Koen Tama\\u00ebla\",\"contact_id\":88}',1,'2025-03-22 19:45:20','2025-03-22 19:45:20','2025-03-22 19:45:20'),
 (171,1,1,83,'Joost de Valk','contact_description_cleared','{\"contact_name\":\"Jamie Madden\",\"contact_id\":83}',1,'2025-03-23 13:39:20','2025-03-23 13:39:20','2025-03-23 13:39:20'),
 (172,1,1,55,'Joost de Valk','contact_description_cleared','{\"contact_name\":\"David Brinks\",\"contact_id\":55}',1,'2025-03-24 06:51:17','2025-03-24 06:51:17','2025-03-24 06:51:17'),
 (173,1,1,89,'Joost de Valk','contact_created','{\"contact_name\":\"Kim Brouwer\",\"contact_id\":89}',1,'2025-03-24 06:52:19','2025-03-24 06:52:19','2025-03-24 06:52:19'),
 (174,1,1,89,'Joost de Valk','contact_description_cleared','{\"contact_name\":\"Kim Brouwer\",\"contact_id\":89}',1,'2025-03-24 06:52:35','2025-03-24 06:52:35','2025-03-24 06:52:35'),
 (175,1,1,90,'Joost de Valk','contact_created','{\"contact_name\":\"Nienke Moors\",\"contact_id\":90}',1,'2025-03-24 06:52:57','2025-03-24 06:52:57','2025-03-24 06:52:57'),
 (176,1,1,90,'Joost de Valk','contact_description_cleared','{\"contact_name\":\"Nienke Moors\",\"contact_id\":90}',1,'2025-03-24 06:53:12','2025-03-24 06:53:12','2025-03-24 06:53:12'),
 (177,1,1,87,'Joost de Valk','contact_description_cleared','{\"contact_name\":\"Timo Yepez Olave\",\"contact_id\":87}',1,'2025-03-24 10:51:56','2025-03-24 10:51:56','2025-03-24 10:51:56'),
 (178,1,1,89,'Joost de Valk','contact_description_cleared','{\"contact_name\":\"Kim Brouwer\",\"contact_id\":89}',1,'2025-03-25 10:08:30','2025-03-25 10:08:30','2025-03-25 10:08:30'),
 (179,1,1,91,'Joost de Valk','contact_created','{\"contact_name\":\"Fleur Terpstra\",\"contact_id\":91}',1,'2025-03-25 10:20:52','2025-03-25 10:20:52','2025-03-25 10:20:52'),
 (180,1,1,91,'Joost de Valk','contact_description_cleared','{\"contact_name\":\"Fleur Terpstra\",\"contact_id\":91}',1,'2025-03-25 10:21:28','2025-03-25 10:21:28','2025-03-25 10:21:28'),
 (181,1,1,92,'Joost de Valk','contact_created','{\"contact_name\":\"Karim Marucchi\",\"contact_id\":92}',1,'2025-03-25 10:23:15','2025-03-25 10:23:15','2025-03-25 10:23:15'),
 (182,1,1,93,'Joost de Valk','contact_created','{\"contact_name\":\"Danielle Dormer\",\"contact_id\":93}',1,'2025-03-25 10:24:44','2025-03-25 10:24:44','2025-03-25 10:24:44'),
 (183,1,1,93,'Joost de Valk','contact_description_cleared','{\"contact_name\":\"Danielle Dormer\",\"contact_id\":93}',1,'2025-03-25 10:26:02','2025-03-25 10:26:02','2025-03-25 10:26:02'),
 (184,1,1,94,'Joost de Valk','contact_created','{\"contact_name\":\"Alexander Auer\",\"contact_id\":94}',1,'2025-03-25 10:45:59','2025-03-25 10:45:59','2025-03-25 10:45:59'),
 (185,1,1,94,'Joost de Valk','contact_description_cleared','{\"contact_name\":\"Alexander Auer\",\"contact_id\":94}',1,'2025-03-25 10:46:06','2025-03-25 10:46:06','2025-03-25 10:46:06'),
 (186,1,1,95,'Joost de Valk','contact_created','{\"contact_name\":\"Karin Berning - Pijnappels\",\"contact_id\":95}',1,'2025-03-25 10:47:38','2025-03-25 10:47:38','2025-03-25 10:47:38'),
 (187,1,1,95,'Joost de Valk','contact_description_cleared','{\"contact_name\":\"Karin Berning - Pijnappels\",\"contact_id\":95}',1,'2025-03-25 10:47:50','2025-03-25 10:47:50','2025-03-25 10:47:50'),
 (188,1,1,96,'Joost de Valk','contact_created','{\"contact_name\":\"Miriam Schwab\",\"contact_id\":96}',1,'2025-03-25 10:49:36','2025-03-25 10:49:36','2025-03-25 10:49:36'),
 (189,1,1,96,'Joost de Valk','contact_description_cleared','{\"contact_name\":\"Miriam Schwab\",\"contact_id\":96}',1,'2025-03-25 10:49:53','2025-03-25 10:49:53','2025-03-25 10:49:53'),
 (190,1,1,97,'Joost de Valk','contact_created','{\"contact_name\":\"Carole Olinger\",\"contact_id\":97}',1,'2025-03-25 10:53:34','2025-03-25 10:53:34','2025-03-25 10:53:34'),
 (191,1,1,97,'Joost de Valk','contact_description_cleared','{\"contact_name\":\"Carole Olinger\",\"contact_id\":97}',1,'2025-03-25 10:54:20','2025-03-25 10:54:20','2025-03-25 10:54:20'),
 (192,1,1,98,'Joost de Valk','contact_created','{\"contact_name\":\"Alain Schlesser\",\"contact_id\":98}',1,'2025-03-25 10:55:01','2025-03-25 10:55:01','2025-03-25 10:55:01'),
 (193,1,1,99,'Joost de Valk','contact_created','{\"contact_name\":\"Cindy Krum\",\"contact_id\":99}',1,'2025-03-25 10:57:15','2025-03-25 10:57:15','2025-03-25 10:57:15'),
 (194,1,1,99,'Joost de Valk','contact_description_cleared','{\"contact_name\":\"Cindy Krum\",\"contact_id\":99}',1,'2025-03-25 10:57:28','2025-03-25 10:57:28','2025-03-25 10:57:28'),
 (195,1,1,100,'Joost de Valk','contact_created','{\"contact_name\":\"Lily Ray\",\"contact_id\":100}',1,'2025-03-25 10:58:09','2025-03-25 10:58:09','2025-03-25 10:58:09'),
 (196,1,1,100,'Joost de Valk','contact_description_cleared','{\"contact_name\":\"Lily Ray\",\"contact_id\":100}',1,'2025-03-25 10:58:17','2025-03-25 10:58:17','2025-03-25 10:58:17'),
 (197,1,1,101,'Joost de Valk','contact_created','{\"contact_name\":\"Jes Scholz\",\"contact_id\":101}',1,'2025-03-25 10:59:18','2025-03-25 10:59:18','2025-03-25 10:59:18'),
 (198,1,1,101,'Joost de Valk','contact_description_cleared','{\"contact_name\":\"Jes Scholz\",\"contact_id\":101}',1,'2025-03-25 10:59:34','2025-03-25 10:59:34','2025-03-25 10:59:34'),
 (199,1,1,102,'Joost de Valk','contact_created','{\"contact_name\":\"Marcus Tandler\",\"contact_id\":102}',1,'2025-03-25 11:00:32','2025-03-25 11:00:32','2025-03-25 11:00:32'),
 (200,1,1,102,'Joost de Valk','contact_description_cleared','{\"contact_name\":\"Marcus Tandler\",\"contact_id\":102}',1,'2025-03-25 11:01:05','2025-03-25 11:01:05','2025-03-25 11:01:05'),
 (201,1,1,103,'Joost de Valk','contact_created','{\"contact_name\":\"Rebecca Tandler\",\"contact_id\":103}',1,'2025-03-25 11:01:48','2025-03-25 11:01:48','2025-03-25 11:01:48'),
 (202,1,1,104,'Joost de Valk','contact_created','{\"contact_name\":\"Michelle Robbins\",\"contact_id\":104}',1,'2025-03-25 11:33:16','2025-03-25 11:33:16','2025-03-25 11:33:16'),
 (203,1,1,104,'Joost de Valk','contact_description_cleared','{\"contact_name\":\"Michelle Robbins\",\"contact_id\":104}',1,'2025-03-25 11:33:33','2025-03-25 11:33:33','2025-03-25 11:33:33'),
 (204,1,1,105,'Joost de Valk','contact_created','{\"contact_name\":\"Vito Peleg\",\"contact_id\":105}',1,'2025-03-25 11:34:50','2025-03-25 11:34:50','2025-03-25 11:34:50'),
 (205,1,1,105,'Joost de Valk','contact_description_cleared','{\"contact_name\":\"Vito Peleg\",\"contact_id\":105}',1,'2025-03-25 11:35:10','2025-03-25 11:35:10','2025-03-25 11:35:10'),
 (206,1,1,106,'Joost de Valk','contact_created','{\"contact_name\":\"Amber Hinds\",\"contact_id\":106}',1,'2025-03-25 11:38:17','2025-03-25 11:38:17','2025-03-25 11:38:17'),
 (207,1,1,107,'Joost de Valk','contact_created','{\"contact_name\":\"Chris Hinds\",\"contact_id\":107}',1,'2025-03-25 11:39:01','2025-03-25 11:39:01','2025-03-25 11:39:01'),
 (208,1,1,106,'Joost de Valk','contact_description_cleared','{\"contact_name\":\"Amber Hinds\",\"contact_id\":106}',1,'2025-03-25 11:39:12','2025-03-25 11:39:12','2025-03-25 11:39:12'),
 (209,1,1,108,'Joost de Valk','contact_created','{\"contact_name\":\"Anne-Mieke Bovelett\",\"contact_id\":108}',1,'2025-03-25 12:10:16','2025-03-25 12:10:16','2025-03-25 12:10:16'),
 (210,1,1,108,'Joost de Valk','contact_description_cleared','{\"contact_name\":\"Anne-Mieke Bovelett\",\"contact_id\":108}',1,'2025-03-25 12:10:30','2025-03-25 12:10:30','2025-03-25 12:10:30'),
 (211,1,1,70,'Joost de Valk','contact_description_cleared','{\"contact_name\":\"Jack Theuws\",\"contact_id\":70}',1,'2025-03-27 06:29:56','2025-03-27 06:29:56','2025-03-27 06:29:56'),
 (212,1,1,70,'Joost de Valk','contact_description_cleared','{\"contact_name\":\"Jack Theuws\",\"contact_id\":70}',1,'2025-03-27 07:17:30','2025-03-27 07:17:30','2025-03-27 07:17:30'),
 (213,1,1,33,'Joost de Valk','contact_description_cleared','{\"contact_name\":\"Jono Alderson\",\"contact_id\":33}',1,'2025-04-09 16:16:33','2025-04-09 16:16:33','2025-04-09 16:16:33'),
 (214,1,1,34,'Joost de Valk','contact_description_cleared','{\"contact_name\":\"Sam Alderson\",\"contact_id\":34}',1,'2025-04-09 16:16:53','2025-04-09 16:16:53','2025-04-09 16:16:53'),
 (215,1,1,109,'Joost de Valk','contact_created','{\"contact_name\":\"Shanti\",\"contact_id\":109}',1,'2025-04-10 08:58:55','2025-04-10 08:58:55','2025-04-10 08:58:55'),
 (216,1,1,109,'Joost de Valk','contact_description_cleared','{\"contact_name\":\"Shanti\",\"contact_id\":109}',1,'2025-04-10 08:59:09','2025-04-10 08:59:09','2025-04-10 08:59:09'),
 (217,1,1,109,'Joost de Valk','contact_description_cleared','{\"contact_name\":\"Shanti Opsteeg\",\"contact_id\":109}',1,'2025-04-10 09:00:02','2025-04-10 09:00:02','2025-04-10 09:00:02'),
 (218,1,1,110,'Joost de Valk','contact_created','{\"contact_name\":\"Kirsten Braaksma\",\"contact_id\":110}',1,'2025-04-10 09:00:22','2025-04-10 09:00:22','2025-04-10 09:00:22'),
 (219,1,1,110,'Joost de Valk','contact_description_cleared','{\"contact_name\":\"Kirsten Braaksma\",\"contact_id\":110}',1,'2025-04-10 09:02:02','2025-04-10 09:02:02','2025-04-10 09:02:02'),
 (220,1,1,25,'Joost de Valk','contact_description_cleared','{\"contact_name\":\"Teun de Valk\",\"contact_id\":25}',1,'2025-04-10 09:05:43','2025-04-10 09:05:43','2025-04-10 09:05:43'),
 (221,1,1,25,'Joost de Valk','contact_description_cleared','{\"contact_name\":\"Teun de Valk\",\"contact_id\":25}',1,'2025-04-10 09:05:57','2025-04-10 09:05:57','2025-04-10 09:05:57'),
 (222,1,1,111,'Joost de Valk','contact_created','{\"contact_name\":\"Simon Brinks\",\"contact_id\":111}',1,'2025-04-13 19:29:55','2025-04-13 19:29:55','2025-04-13 19:29:55'),
 (223,1,1,111,'Joost de Valk','contact_description_cleared','{\"contact_name\":\"Simon Brinks\",\"contact_id\":111}',1,'2025-04-13 19:30:11','2025-04-13 19:30:11','2025-04-13 19:30:11'),
 (224,1,1,112,'Joost de Valk','contact_created','{\"contact_name\":\"Annemiek Brinks-Bremmer\",\"contact_id\":112}',1,'2025-04-13 19:31:45','2025-04-13 19:31:45','2025-04-13 19:31:45'),
 (225,1,1,113,'Joost de Valk','contact_created','{\"contact_name\":\"Jasper Brinks\",\"contact_id\":113}',1,'2025-04-13 19:38:58','2025-04-13 19:38:58','2025-04-13 19:38:58'),
 (226,1,1,113,'Joost de Valk','contact_description_cleared','{\"contact_name\":\"Jasper Brinks\",\"contact_id\":113}',1,'2025-04-13 19:43:21','2025-04-13 19:43:21','2025-04-13 19:43:21'),
 (227,1,1,112,'Joost de Valk','contact_description_cleared','{\"contact_name\":\"Annemiek Brinks-Bremmer\",\"contact_id\":112}',1,'2025-04-13 19:46:06','2025-04-13 19:46:06','2025-04-13 19:46:06'),
 (228,1,1,112,'Joost de Valk','contact_description_cleared','{\"contact_name\":\"Annemiek Brinks-Bremmer\",\"contact_id\":112}',1,'2025-04-13 19:46:09','2025-04-13 19:46:09','2025-04-13 19:46:09'),
 (229,1,1,32,'Joost de Valk','contact_description_cleared','{\"contact_name\":\"Mijke Peters\",\"contact_id\":32}',1,'2025-04-14 08:40:03','2025-04-14 08:40:03','2025-04-14 08:40:03'),
 (230,1,1,114,'Joost de Valk','contact_created','{\"contact_name\":\"Tony Peters-van de Rakt\",\"contact_id\":114}',1,'2025-04-14 08:41:41','2025-04-14 08:41:41','2025-04-14 08:41:41'),
 (231,1,1,114,'Joost de Valk','contact_description_cleared','{\"contact_name\":\"Tony Peters-van de Rakt\",\"contact_id\":114}',1,'2025-04-14 08:42:11','2025-04-14 08:42:11','2025-04-14 08:42:11'),
 (232,1,1,115,'Joost de Valk','contact_created','{\"contact_name\":\"Joris Peters\",\"contact_id\":115}',1,'2025-04-14 08:43:39','2025-04-14 08:43:39','2025-04-14 08:43:39'),
 (233,1,1,116,'Joost de Valk','contact_created','{\"contact_name\":\"Koen Logtens\",\"contact_id\":116}',1,'2025-04-14 08:49:55','2025-04-14 08:49:55','2025-04-14 08:49:55'),
 (234,1,1,116,'Joost de Valk','contact_description_cleared','{\"contact_name\":\"Koen Logtens\",\"contact_id\":116}',1,'2025-04-14 08:50:23','2025-04-14 08:50:23','2025-04-14 08:50:23'),
 (235,1,1,117,'Joost de Valk','contact_created','{\"contact_name\":\"Francien van den Brand\",\"contact_id\":117}',1,'2025-04-14 08:51:05','2025-04-14 08:51:05','2025-04-14 08:51:05'),
 (236,1,1,117,'Joost de Valk','contact_description_cleared','{\"contact_name\":\"Francien van den Brand\",\"contact_id\":117}',1,'2025-04-14 08:51:31','2025-04-14 08:51:31','2025-04-14 08:51:31'),
 (237,1,1,118,'Joost de Valk','contact_created','{\"contact_name\":\"Francesca Marano\",\"contact_id\":118}',1,'2025-05-12 11:09:18','2025-05-12 11:09:18','2025-05-12 11:09:18'),
 (238,1,1,118,'Joost de Valk','contact_description_cleared','{\"contact_name\":\"Francesca Marano\",\"contact_id\":118}',1,'2025-05-12 11:09:39','2025-05-12 11:09:39','2025-05-12 11:09:39'),
 (239,1,1,119,'Joost de Valk','contact_created','{\"contact_name\":\"Courtney Robertson\",\"contact_id\":119}',1,'2025-05-13 08:28:24','2025-05-13 08:28:24','2025-05-13 08:28:24'),
 (240,1,1,119,'Joost de Valk','contact_description_cleared','{\"contact_name\":\"Courtney Robertson\",\"contact_id\":119}',1,'2025-05-13 08:28:39','2025-05-13 08:28:39','2025-05-13 08:28:39'),
 (241,1,1,120,'Joost de Valk','contact_created','{\"contact_name\":\"Sven Snaterse\",\"contact_id\":120}',1,'2025-05-14 08:17:04','2025-05-14 08:17:04','2025-05-14 08:17:04'),
 (242,1,1,93,'Joost de Valk','contact_description_cleared','{\"contact_name\":\"Danielle Dormer\",\"contact_id\":93}',1,'2025-05-20 20:05:15','2025-05-20 20:05:15','2025-05-20 20:05:15'),
 (243,1,1,92,'Joost de Valk','contact_description_cleared','{\"contact_name\":\"Karim Marucchi\",\"contact_id\":92}',1,'2025-05-24 17:36:38','2025-05-24 17:36:38','2025-05-24 17:36:38'),
 (244,1,1,10,'Joost de Valk','contact_description_cleared','{\"contact_name\":\"Wende de Valk\",\"contact_id\":10}',1,'2025-05-28 14:29:11','2025-05-28 14:29:11','2025-05-28 14:29:11'),
 (245,1,1,121,'Joost de Valk','contact_created','{\"contact_name\":\"Wilma Pattiasina\",\"contact_id\":121}',1,'2025-07-19 13:58:55','2025-07-19 13:58:55','2025-07-19 13:58:55'),
 (246,1,1,121,'Joost de Valk','contact_description_cleared','{\"contact_name\":\"Wilma Pattiasina\",\"contact_id\":121}',1,'2025-07-19 13:59:24','2025-07-19 13:59:24','2025-07-19 13:59:24'),
 (247,1,1,97,'Joost de Valk','contact_description_cleared','{\"contact_name\":\"Carole Olinger\",\"contact_id\":97}',1,'2025-07-25 08:09:59','2025-07-25 08:09:59','2025-07-25 08:09:59'),
 (248,1,1,122,'Joost de Valk','contact_created','{\"contact_name\":\"Femke Verrijt\",\"contact_id\":122}',1,'2025-08-07 11:41:06','2025-08-07 11:41:06','2025-08-07 11:41:06'),
 (249,1,1,122,'Joost de Valk','contact_description_cleared','{\"contact_name\":\"Femke Verrijt\",\"contact_id\":122}',1,'2025-08-07 11:42:24','2025-08-07 11:42:24','2025-08-07 11:42:24'),
 (250,1,1,122,'Joost de Valk','contact_description_cleared','{\"contact_name\":\"Femke Verrijt\",\"contact_id\":122}',1,'2025-08-07 11:46:13','2025-08-07 11:46:13','2025-08-07 11:46:13'),
 (251,1,1,123,'Joost de Valk','contact_created','{\"contact_name\":\"Julie Amber Welling\",\"contact_id\":123}',1,'2025-08-14 06:26:03','2025-08-14 06:26:03','2025-08-14 06:26:03'),
 (252,1,1,123,'Joost de Valk','contact_description_cleared','{\"contact_name\":\"Julie Amber Welling\",\"contact_id\":123}',1,'2025-08-14 06:26:18','2025-08-14 06:26:18','2025-08-14 06:26:18'),
 (253,1,1,124,'Joost de Valk','contact_created','{\"contact_name\":\"Joker-Remkus de Vries\",\"contact_id\":124}',1,'2025-08-15 06:13:28','2025-08-15 06:13:28','2025-08-15 06:13:28'),
 (254,1,1,124,'Joost de Valk','contact_description_cleared','{\"contact_name\":\"Joker-Remkus de Vries\",\"contact_id\":124}',1,'2025-08-15 06:13:47','2025-08-15 06:13:47','2025-08-15 06:13:47'),
 (255,1,1,124,'Joost de Valk','contact_description_cleared','{\"contact_name\":\"Joeke-Remkus de Vries\",\"contact_id\":124}',1,'2025-08-15 06:14:08','2025-08-15 06:14:08','2025-08-15 06:14:08'),
 (256,1,1,124,'Joost de Valk','contact_description_cleared','{\"contact_name\":\"Joeke-Remkus de Vries\",\"contact_id\":124}',1,'2025-08-15 06:14:58','2025-08-15 06:14:58','2025-08-15 06:14:58'),
 (257,1,1,93,'Joost de Valk','contact_description_cleared','{\"contact_name\":\"Danielle Dormer\",\"contact_id\":93}',1,'2025-08-20 21:44:54','2025-08-20 21:44:54','2025-08-20 21:44:54'),
 (258,1,1,19,'Joost de Valk','contact_description_cleared','{\"contact_name\":\"Oliver de Graaf\",\"contact_id\":19}',1,'2025-08-29 18:31:12','2025-08-29 18:31:12','2025-08-29 18:31:12'),
 (259,1,1,19,'Joost de Valk','contact_description_cleared','{\"contact_name\":\"Oliver de Graaf\",\"contact_id\":19}',1,'2025-08-29 18:31:13','2025-08-29 18:31:13','2025-08-29 18:31:13'),
 (260,1,1,125,'Joost de Valk','contact_created','{\"contact_name\":\"Bas Kurver\",\"contact_id\":125}',1,'2025-08-29 18:32:09','2025-08-29 18:32:09','2025-08-29 18:32:09'),
 (261,1,1,126,'Joost de Valk','contact_created','{\"contact_name\":\"Riky van den Brand\",\"contact_id\":126}',1,'2025-08-29 18:36:37','2025-08-29 18:36:37','2025-08-29 18:36:37'),
 (262,1,1,127,'Joost de Valk','contact_created','{\"contact_name\":\"John Keunings\",\"contact_id\":127}',1,'2025-08-29 18:37:56','2025-08-29 18:37:56','2025-08-29 18:37:56'),
 (263,1,1,128,'Joost de Valk','contact_created','{\"contact_name\":\"Gertruda Truus Brouwer - Smeets\",\"contact_id\":128}',1,'2025-08-31 09:49:21','2025-08-31 09:49:21','2025-08-31 09:49:21'),
 (264,1,1,128,'Joost de Valk','contact_description_cleared','{\"contact_name\":\"Gertruda Truus Brouwer - Smeets\",\"contact_id\":128}',1,'2025-08-31 09:49:55','2025-08-31 09:49:55','2025-08-31 09:49:55'),
 (265,1,1,129,'Joost de Valk','contact_created','{\"contact_name\":\"Hans Brouwer\",\"contact_id\":129}',1,'2025-08-31 09:50:51','2025-08-31 09:50:51','2025-08-31 09:50:51'),
 (266,1,1,130,'Joost de Valk','contact_created','{\"contact_name\":\"Vronie Disselhorst\",\"contact_id\":130}',1,'2025-08-31 09:56:01','2025-08-31 09:56:01','2025-08-31 09:56:01'),
 (267,1,1,131,'Joost de Valk','contact_created','{\"contact_name\":\"Antoon de Groot\",\"contact_id\":131}',1,'2025-08-31 09:59:54','2025-08-31 09:59:54','2025-08-31 09:59:54'),
 (268,1,1,82,'Joost de Valk','contact_description_cleared','{\"contact_name\":\"Vesse Sild\",\"contact_id\":82}',1,'2025-09-02 06:07:34','2025-09-02 06:07:34','2025-09-02 06:07:34'),
 (269,1,1,90,'Joost de Valk','contact_description_cleared','{\"contact_name\":\"Nienke Moors\",\"contact_id\":90}',1,'2025-09-08 06:01:59','2025-09-08 06:01:59','2025-09-08 06:01:59'),
 (270,1,1,19,'Joost de Valk','contact_description_cleared','{\"contact_name\":\"Oliver de Graaf\",\"contact_id\":19}',1,'2025-09-09 13:21:06','2025-09-09 13:21:06','2025-09-09 13:21:06'),
 (271,1,1,19,'Joost de Valk','contact_description_cleared','{\"contact_name\":\"Oliver de Graaf\",\"contact_id\":19}',1,'2025-09-09 13:21:16','2025-09-09 13:21:16','2025-09-09 13:21:16'),
 (272,1,1,132,'Joost de Valk','contact_created','{\"contact_name\":\"Pascal van Haren\",\"contact_id\":132}',1,'2025-09-13 20:20:06','2025-09-13 20:20:06','2025-09-13 20:20:06'),
 (273,1,1,132,'Joost de Valk','contact_description_cleared','{\"contact_name\":\"Pascal van Haren\",\"contact_id\":132}',1,'2025-09-13 20:20:28','2025-09-13 20:20:28','2025-09-13 20:20:28'),
 (274,1,1,133,'Joost de Valk','contact_created','{\"contact_name\":\"Lot Frijling\",\"contact_id\":133}',1,'2025-09-13 20:21:51','2025-09-13 20:21:51','2025-09-13 20:21:51'),
 (275,1,1,134,'Joost de Valk','contact_created','{\"contact_name\":\"Tom Willmot\",\"contact_id\":134}',1,'2025-09-14 18:19:18','2025-09-14 18:19:18','2025-09-14 18:19:18'),
 (276,1,1,134,'Joost de Valk','contact_description_cleared','{\"contact_name\":\"Tom Willmot\",\"contact_id\":134}',1,'2025-09-14 18:22:15','2025-09-14 18:22:15','2025-09-14 18:22:15'),
 (277,1,1,135,'Joost de Valk','contact_created','{\"contact_name\":\"Netty van den Brand\",\"contact_id\":135}',1,'2025-09-14 18:25:03','2025-09-14 18:25:03','2025-09-14 18:25:03'),
 (278,1,1,135,'Joost de Valk','contact_description_cleared','{\"contact_name\":\"Netty van den Brand\",\"contact_id\":135}',1,'2025-09-14 18:25:26','2025-09-14 18:25:26','2025-09-14 18:25:26'),
 (279,1,1,136,'Joost de Valk','contact_created','{\"contact_name\":\"Carolyn Shelby\",\"contact_id\":136}',1,'2025-09-22 21:46:40','2025-09-22 21:46:40','2025-09-22 21:46:40'),
 (280,1,1,136,'Joost de Valk','contact_description_cleared','{\"contact_name\":\"Carolyn Shelby\",\"contact_id\":136}',1,'2025-09-22 21:47:01','2025-09-22 21:47:01','2025-09-22 21:47:01'),
 (281,1,1,137,'Joost de Valk','contact_created','{\"contact_name\":\"Amanda king\",\"contact_id\":137}',1,'2025-09-22 21:48:12','2025-09-22 21:48:12','2025-09-22 21:48:12'),
 (282,1,1,137,'Joost de Valk','contact_description_cleared','{\"contact_name\":\"Amanda king\",\"contact_id\":137}',1,'2025-09-22 21:48:55','2025-09-22 21:48:55','2025-09-22 21:48:55'),
 (283,1,1,36,'Joost de Valk','contact_description_cleared','{\"contact_name\":\"Alex Schultz\",\"contact_id\":36}',1,'2025-09-24 11:30:06','2025-09-24 11:30:06','2025-09-24 11:30:06'),
 (284,1,1,138,'Joost de Valk','contact_created','{\"contact_name\":\"Cindy Krum\",\"contact_id\":138}',1,'2025-09-25 00:01:47','2025-09-25 00:01:47','2025-09-25 00:01:47'),
 (285,1,1,138,'Joost de Valk','contact_description_cleared','{\"contact_name\":\"Cindy Krum\",\"contact_id\":138}',1,'2025-09-25 00:02:19','2025-09-25 00:02:19','2025-09-25 00:02:19'),
 (286,1,1,139,'Joost de Valk','contact_created','{\"contact_name\":\"William Sears\",\"contact_id\":139}',1,'2025-09-25 00:08:03','2025-09-25 00:08:03','2025-09-25 00:08:03'),
 (287,1,1,139,'Joost de Valk','contact_description_cleared','{\"contact_name\":\"William Sears\",\"contact_id\":139}',1,'2025-09-25 00:09:37','2025-09-25 00:09:37','2025-09-25 00:09:37'),
 (288,1,1,140,'Joost de Valk','contact_created','{\"contact_name\":\"Dave Rohrer\",\"contact_id\":140}',1,'2025-09-25 00:11:32','2025-09-25 00:11:32','2025-09-25 00:11:32'),
 (289,1,1,140,'Joost de Valk','contact_description_cleared','{\"contact_name\":\"Dave Rohrer\",\"contact_id\":140}',1,'2025-09-25 00:12:06','2025-09-25 00:12:06','2025-09-25 00:12:06'),
 (290,1,1,141,'Joost de Valk','contact_created','{\"contact_name\":\"Jacques van de Rakt\",\"contact_id\":141}',1,'2025-10-02 10:28:06','2025-10-02 10:28:06','2025-10-02 10:28:06'),
 (291,1,1,141,'Joost de Valk','contact_description_cleared','{\"contact_name\":\"Jacques van de Rakt\",\"contact_id\":141}',1,'2025-10-02 10:28:44','2025-10-02 10:28:44','2025-10-02 10:28:44'),
 (292,1,1,141,'Joost de Valk','contact_description_cleared','{\"contact_name\":\"Jacques van de Rakt\",\"contact_id\":141}',1,'2025-10-02 10:29:33','2025-10-02 10:29:33','2025-10-02 10:29:33'),
 (293,1,1,142,'Joost de Valk','contact_created','{\"contact_name\":\"Thomas van Leeuwarden\",\"contact_id\":142}',1,'2025-10-08 12:45:47','2025-10-08 12:45:47','2025-10-08 12:45:47'),
 (294,1,1,142,'Joost de Valk','contact_description_cleared','{\"contact_name\":\"Thomas van Leeuwarden\",\"contact_id\":142}',1,'2025-10-08 12:46:40','2025-10-08 12:46:40','2025-10-08 12:46:40'),
 (295,1,1,143,'Joost de Valk','contact_created','{\"contact_name\":\"David Mosterd\",\"contact_id\":143}',1,'2025-10-10 09:41:51','2025-10-10 09:41:51','2025-10-10 09:41:51'),
 (296,1,1,143,'Joost de Valk','contact_description_cleared','{\"contact_name\":\"David Mosterd\",\"contact_id\":143}',1,'2025-10-10 09:42:19','2025-10-10 09:42:19','2025-10-10 09:42:19'),
 (297,1,1,144,'Joost de Valk','contact_created','{\"contact_name\":\"Mats Gerrits\",\"contact_id\":144}',1,'2025-10-11 09:41:49','2025-10-11 09:41:49','2025-10-11 09:41:49'),
 (298,1,1,144,'Joost de Valk','contact_description_cleared','{\"contact_name\":\"Mats Gerrits\",\"contact_id\":144}',1,'2025-10-11 09:42:10','2025-10-11 09:42:10','2025-10-11 09:42:10'),
 (299,1,1,145,'Joost de Valk','contact_created','{\"contact_name\":\"Kymo van de Hulsbeek\",\"contact_id\":145}',1,'2025-10-11 09:46:44','2025-10-11 09:46:44','2025-10-11 09:46:44'),
 (300,1,1,145,'Joost de Valk','contact_description_cleared','{\"contact_name\":\"Kymo van de Hulsbeek\",\"contact_id\":145}',1,'2025-10-11 09:47:09','2025-10-11 09:47:09','2025-10-11 09:47:09'),
 (301,1,1,146,'Joost de Valk','contact_created','{\"contact_name\":\"Marc Phoelich\",\"contact_id\":146}',1,'2025-10-11 09:48:19','2025-10-11 09:48:19','2025-10-11 09:48:19'),
 (302,1,1,146,'Joost de Valk','contact_description_cleared','{\"contact_name\":\"Marc Phoelich\",\"contact_id\":146}',1,'2025-10-11 09:48:33','2025-10-11 09:48:33','2025-10-11 09:48:33'),
 (303,1,1,147,'Joost de Valk','contact_created','{\"contact_name\":\"Boris Jansen\",\"contact_id\":147}',1,'2025-10-11 09:49:52','2025-10-11 09:49:52','2025-10-11 09:49:52'),
 (304,1,1,147,'Joost de Valk','contact_description_cleared','{\"contact_name\":\"Boris Jansen\",\"contact_id\":147}',1,'2025-10-11 09:50:06','2025-10-11 09:50:06','2025-10-11 09:50:06'),
 (305,1,1,148,'Joost de Valk','contact_created','{\"contact_name\":\"Danny Jansen\",\"contact_id\":148}',1,'2025-10-11 09:54:50','2025-10-11 09:54:50','2025-10-11 09:54:50'),
 (306,1,1,148,'Joost de Valk','contact_description_cleared','{\"contact_name\":\"Danny Jansen\",\"contact_id\":148}',1,'2025-10-11 09:55:08','2025-10-11 09:55:08','2025-10-11 09:55:08'),
 (307,1,1,149,'Joost de Valk','contact_created','{\"contact_name\":\"Michelle Frechette\",\"contact_id\":149}',1,'2025-10-15 19:34:03','2025-10-15 19:34:03','2025-10-15 19:34:03'),
 (308,1,1,149,'Joost de Valk','contact_description_cleared','{\"contact_name\":\"Michelle Frechette\",\"contact_id\":149}',1,'2025-10-15 19:34:16','2025-10-15 19:34:16','2025-10-15 19:34:16'),
 (309,1,1,150,'Joost de Valk','contact_created','{\"contact_name\":\"Mark Perera\",\"contact_id\":150}',1,'2025-10-17 17:54:04','2025-10-17 17:54:04','2025-10-17 17:54:04'),
 (310,1,1,150,'Joost de Valk','contact_description_cleared','{\"contact_name\":\"Mark Perera\",\"contact_id\":150}',1,'2025-10-17 17:54:21','2025-10-17 17:54:21','2025-10-17 17:54:21'),
 (311,1,1,141,'Joost de Valk','contact_description_cleared','{\"contact_name\":\"Jacques van de Rakt\",\"contact_id\":141}',1,'2025-11-20 08:52:11','2025-11-20 08:52:11','2025-11-20 08:52:11'),
 (312,1,1,151,'Joost de Valk','contact_created','{\"contact_name\":\"Mels Lantang\",\"contact_id\":151}',1,'2025-11-26 21:31:20','2025-11-26 21:31:20','2025-11-26 21:31:20'),
 (313,1,1,151,'Joost de Valk','contact_description_cleared','{\"contact_name\":\"Mels Lantang\",\"contact_id\":151}',1,'2025-11-26 21:31:36','2025-11-26 21:31:36','2025-11-26 21:31:36'),
 (314,1,1,152,'Joost de Valk','contact_created','{\"contact_name\":\"Marieke Oosterhout-Lepoutre\",\"contact_id\":152}',1,'2025-11-26 21:33:29','2025-11-26 21:33:29','2025-11-26 21:33:29'),
 (315,1,1,152,'Joost de Valk','contact_description_cleared','{\"contact_name\":\"Marieke Oosterhout-Lepoutre\",\"contact_id\":152}',1,'2025-11-26 21:33:43','2025-11-26 21:33:43','2025-11-26 21:33:43'),
 (316,1,1,153,'Joost de Valk','contact_created','{\"contact_name\":\"Eef Evers\",\"contact_id\":153}',1,'2025-12-07 09:07:45','2025-12-07 09:07:45','2025-12-07 09:07:45'),
 (317,1,1,153,'Joost de Valk','contact_description_cleared','{\"contact_name\":\"Eef Evers\",\"contact_id\":153}',1,'2025-12-07 09:08:05','2025-12-07 09:08:05','2025-12-07 09:08:05'),
 (318,1,1,154,'Joost de Valk','contact_created','{\"contact_name\":\"Thea Theuws\",\"contact_id\":154}',1,'2025-12-11 10:32:51','2025-12-11 10:32:51','2025-12-11 10:32:51'),
 (319,1,1,154,'Joost de Valk','contact_description_cleared','{\"contact_name\":\"Thea Theuws\",\"contact_id\":154}',1,'2025-12-11 10:33:09','2025-12-11 10:33:09','2025-12-11 10:33:09'),
 (320,1,1,155,'Joost de Valk','contact_created','{\"contact_name\":\"Jip Trommelen\",\"contact_id\":155}',1,'2025-12-22 11:07:01','2025-12-22 11:07:01','2025-12-22 11:07:01'),
 (321,1,1,155,'Joost de Valk','contact_description_cleared','{\"contact_name\":\"Jip Trommelen\",\"contact_id\":155}',1,'2025-12-22 11:07:19','2025-12-22 11:07:19','2025-12-22 11:07:19'),
 (322,1,1,156,'Joost de Valk','contact_created','{\"contact_name\":\"Simon Janssen\",\"contact_id\":156}',1,'2025-12-27 06:37:07','2025-12-27 06:37:07','2025-12-27 06:37:07'),
 (323,1,1,156,'Joost de Valk','contact_description_cleared','{\"contact_name\":\"Simon Janssen\",\"contact_id\":156}',1,'2025-12-27 06:37:24','2025-12-27 06:37:24','2025-12-27 06:37:24');

SET FOREIGN_KEY_CHECKS=1;