file	line	call	field_name	consumer_type
includes/class-todo-migration.php	99	get_field	is_completed	tooling / bulk data
includes/class-todo-migration.php	100	get_field	awaiting_response	tooling / bulk data
includes/class-todo-migration.php	101	get_field	awaiting_response_since	tooling / bulk data
includes/class-todo-migration.php	127	update_field	awaiting_since	tooling / bulk data
includes/class-todo-migration.php	131	delete_field	is_completed	tooling / bulk data
includes/class-todo-migration.php	132	delete_field	awaiting_response	tooling / bulk data
includes/class-todo-migration.php	133	delete_field	awaiting_response_since	tooling / bulk data
includes/class-wp-cli.php	276	get_field	contact_info	tooling / bulk data
includes/class-wp-cli.php	277	get_field	addresses	tooling / bulk data
includes/class-wp-cli.php	329	update_field	addresses	tooling / bulk data
includes/class-wp-cli.php	332	update_field	contact_info	tooling / bulk data
includes/class-wp-cli.php	422	get_field	contact_info	tooling / bulk data
includes/class-wp-cli.php	435	get_field	(dynamic)	tooling / bulk data
includes/class-wp-cli.php	475	update_field	(dynamic)	tooling / bulk data
includes/class-wp-cli.php	850	update_field	related_person	tooling / bulk data
includes/class-wp-cli.php	851	update_field	is_completed	tooling / bulk data
includes/class-wp-cli.php	854	update_field	due_date	tooling / bulk data
includes/class-wp-cli.php	951	get_field	related_persons	tooling / bulk data
includes/class-wp-cli.php	981	update_field	related_persons	tooling / bulk data
includes/class-wp-cli.php	1150	get_field	first_name	tooling / bulk data
includes/class-wp-cli.php	1151	get_field	last_name	tooling / bulk data
includes/class-wp-cli.php	1167	get_field	(dynamic)	tooling / bulk data
includes/class-wp-cli.php	1295	get_field	relationships	tooling / bulk data
includes/class-wp-cli.php	1296	get_field	relationships	tooling / bulk data
includes/class-wp-cli.php	1316	update_field	relationships	tooling / bulk data
includes/class-wp-cli.php	1356	get_field	relationships	tooling / bulk data
includes/class-wp-cli.php	1368	update_field	relationships	tooling / bulk data
includes/class-wp-cli.php	1453	update_field	(dynamic)	tooling / bulk data
includes/class-wp-cli.php	1454	update_field	field_custom_person_huidig-vrijwilliger	tooling / bulk data
includes/class-wp-cli.php	1609	get_field	(dynamic)	tooling / bulk data
includes/class-wp-cli.php	1629	update_field	(dynamic)	tooling / bulk data
includes/class-wp-cli.php	1651	update_field	(dynamic)	tooling / bulk data
includes/class-wp-cli.php	1735	get_field	relationships	tooling / bulk data
includes/class-wp-cli.php	1862	get_field	relationships	tooling / bulk data
includes/class-wp-cli.php	1904	get_field	relationships	tooling / bulk data
includes/class-wp-cli.php	1917	update_field	relationships	tooling / bulk data
includes/class-wp-cli.php	2010	get_field	related_persons	tooling / bulk data
includes/class-wp-cli.php	2308	get_field	invoice_type	tooling / bulk data
includes/class-wp-cli.php	2318	update_field	invoice_type	tooling / bulk data
includes/class-membership-pass-google.php	89	get_field	knvb-id	backend service (read)
includes/class-membership-pass-google.php	93	get_field	company_name	backend service (read)
includes/class-membership-pass-google.php	331	get_field	first_name	backend service (read)
includes/class-membership-pass-google.php	332	get_field	infix	backend service (read)
includes/class-membership-pass-google.php	333	get_field	last_name	backend service (read)
includes/class-membership-pass-google.php	336	get_field	company_name	backend service (read)
includes/class-membership-pass-google.php	405	get_field	work_history	backend service (read)
includes/class-vcard-export.php	139	get_field	birthdate	backend service (read)
includes/class-vcard-export.php	203	get_fields	(dynamic)	backend service (read)
includes/class-rest-member-shifts.php	1326	get_field	former_member	REST read (frontend/sync)
includes/class-rest-member-shifts.php	1348	get_field	leeftijdsgroep	REST read (frontend/sync)
includes/class-rest-member-shifts.php	1412	get_field	email_1	REST read (frontend/sync)
includes/class-rest-member-shifts.php	1413	get_field	email_2	REST read (frontend/sync)
includes/class-rest-member-shifts.php	1545	get_field	datum-vog	REST read (frontend/sync)
includes/class-rest-member-shifts.php	1607	get_field	mobile_1	REST read (frontend/sync)
includes/class-rest-member-shifts.php	1740	get_field	work_history	REST read (frontend/sync)
includes/class-demo-import.php	360	update_field	(dynamic)	tooling / bulk data
includes/class-demo-import.php	366	update_field	(dynamic)	tooling / bulk data
includes/class-demo-import.php	372	update_field	(dynamic)	tooling / bulk data
includes/class-demo-import.php	490	update_field	inverse_relationship_type	tooling / bulk data
includes/class-demo-import.php	637	update_field	website	tooling / bulk data
includes/class-demo-import.php	644	update_field	(dynamic)	tooling / bulk data
includes/class-demo-import.php	715	update_field	first_name	tooling / bulk data
includes/class-demo-import.php	716	update_field	infix	tooling / bulk data
includes/class-demo-import.php	717	update_field	last_name	tooling / bulk data
includes/class-demo-import.php	718	update_field	nickname	tooling / bulk data
includes/class-demo-import.php	719	update_field	gender	tooling / bulk data
includes/class-demo-import.php	720	update_field	pronouns	tooling / bulk data
includes/class-demo-import.php	721	update_field	birthdate	tooling / bulk data
includes/class-demo-import.php	722	update_field	former_member	tooling / bulk data
includes/class-demo-import.php	723	update_field	lid-tot	tooling / bulk data
includes/class-demo-import.php	724	update_field	datum-overlijden	tooling / bulk data
includes/class-demo-import.php	729	update_field	(dynamic)	tooling / bulk data
includes/class-demo-import.php	737	update_field	addresses	tooling / bulk data
includes/class-demo-import.php	740	update_field	lid-sinds	tooling / bulk data
includes/class-demo-import.php	741	update_field	vrijwilliger-sinds	tooling / bulk data
includes/class-demo-import.php	742	update_field	leeftijdsgroep	tooling / bulk data
includes/class-demo-import.php	743	update_field	datum-vog	tooling / bulk data
includes/class-demo-import.php	744	update_field	datum-foto	tooling / bulk data
includes/class-demo-import.php	745	update_field	type-lid	tooling / bulk data
includes/class-demo-import.php	746	update_field	huidig-vrijwilliger	tooling / bulk data
includes/class-demo-import.php	747	update_field	financiele-blokkade	tooling / bulk data
includes/class-demo-import.php	748	update_field	knvb-id	tooling / bulk data
includes/class-demo-import.php	749	update_field	freescout-id	tooling / bulk data
includes/class-demo-import.php	803	update_field	work_history	tooling / bulk data
includes/class-demo-import.php	827	update_field	relationships	tooling / bulk data
includes/class-demo-import.php	866	update_field	dossier_id	tooling / bulk data
includes/class-demo-import.php	867	update_field	match_date	tooling / bulk data
includes/class-demo-import.php	868	update_field	processing_date	tooling / bulk data
includes/class-demo-import.php	869	update_field	match_description	tooling / bulk data
includes/class-demo-import.php	870	update_field	team_name	tooling / bulk data
includes/class-demo-import.php	871	update_field	charge_codes	tooling / bulk data
includes/class-demo-import.php	872	update_field	charge_description	tooling / bulk data
includes/class-demo-import.php	873	update_field	sanction_description	tooling / bulk data
includes/class-demo-import.php	874	update_field	administrative_fee	tooling / bulk data
includes/class-demo-import.php	875	update_field	is_charged	tooling / bulk data
includes/class-demo-import.php	882	update_field	person	tooling / bulk data
includes/class-demo-import.php	929	update_field	invoice_number	tooling / bulk data
includes/class-demo-import.php	930	update_field	invoice_type	tooling / bulk data
includes/class-demo-import.php	931	update_field	status	tooling / bulk data
includes/class-demo-import.php	932	update_field	total_amount	tooling / bulk data
includes/class-demo-import.php	933	update_field	sent_date	tooling / bulk data
includes/class-demo-import.php	934	update_field	due_date	tooling / bulk data
includes/class-demo-import.php	935	update_field	payment_link	tooling / bulk data
includes/class-demo-import.php	936	update_field	pdf_path	tooling / bulk data
includes/class-demo-import.php	937	update_field	qr_code_path	tooling / bulk data
includes/class-demo-import.php	944	update_field	person	tooling / bulk data
includes/class-demo-import.php	964	update_field	line_items	tooling / bulk data
includes/class-demo-import.php	1052	update_field	related_persons	tooling / bulk data
includes/class-demo-import.php	1053	update_field	notes	tooling / bulk data
includes/class-demo-import.php	1054	update_field	awaiting_since	tooling / bulk data
includes/class-demo-import.php	1055	update_field	due_date	tooling / bulk data
includes/class-rest-membership-passes.php	185	get_field	knvb-id	REST read (frontend/sync)
includes/class-rest-membership-passes.php	186	get_field	person_type	REST read (frontend/sync)
includes/class-rest-membership-passes.php	187	get_field	company_name	REST read (frontend/sync)
includes/class-rest-user-settings.php	893	get_fields	person	REST read (frontend/sync)
includes/class-rest-user-settings.php	923	get_field	first_name	REST read (frontend/sync)
includes/class-rest-user-settings.php	924	get_field	last_name	REST read (frontend/sync)
includes/class-rest-user-settings.php	994	get_field	first_name	REST read (frontend/sync)
includes/class-rest-user-settings.php	995	get_field	last_name	REST read (frontend/sync)
includes/class-rest-user-settings.php	1082	get_field	first_name	REST read (frontend/sync)
includes/class-rest-user-settings.php	1083	get_field	infix	REST read (frontend/sync)
includes/class-rest-user-settings.php	1084	get_field	last_name	REST read (frontend/sync)
includes/class-rest-user-settings.php	1088	get_field	work_history	REST read (frontend/sync)
includes/class-auto-title.php	118	get_field	first_name	backend service (read)
includes/class-auto-title.php	119	get_field	infix	backend service (read)
includes/class-auto-title.php	120	get_field	last_name	backend service (read)
includes/class-auto-title.php	126	get_field	company_name	backend service (read)
includes/class-feedback-status-service.php	34	get_field	status	backend service (read)
includes/class-feedback-status-service.php	61	update_field	status	backend service (write)
includes/class-installment-email-sender.php	175	get_field	person	backend service (read)
includes/class-installment-email-sender.php	186	get_field	first_name	backend service (read)
includes/class-installment-email-sender.php	187	get_field	company_name	backend service (read)
includes/class-installment-email-sender.php	237	get_field	invoice_number	backend service (read)
includes/class-capability-sync.php	312	get_field	work_history	backend service (read)
includes/class-invoice-reminder-sender.php	133	get_field	invoice_type	backend service (read)
includes/class-invoice-reminder-sender.php	156	get_field	person	backend service (read)
includes/class-invoice-reminder-sender.php	161	get_field	first_name	backend service (read)
includes/class-invoice-reminder-sender.php	162	get_field	company_name	backend service (read)
includes/class-invoice-reminder-sender.php	186	get_field	payment_link	backend service (read)
includes/class-invoice-reminder-sender.php	203	get_field	total_amount	backend service (read)
includes/class-invoice-reminder-sender.php	204	get_field	invoice_number	backend service (read)
includes/class-invoice-reminder-sender.php	210	get_field	sent_date	backend service (read)
includes/class-invoice-reminder-sender.php	237	get_field	qr_code_path	backend service (read)
includes/class-rest-capabilities.php	330	get_field	work_history	REST read (frontend/sync)
includes/class-rest-fees.php	972	get_field	former_member	REST read (frontend/sync)
includes/class-rest-fees.php	1018	get_field	first_name	REST read (frontend/sync)
includes/class-rest-fees.php	1019	get_field	infix	REST read (frontend/sync)
includes/class-rest-fees.php	1020	get_field	last_name	REST read (frontend/sync)
includes/class-rest-fees.php	1039	get_field	financiele-blokkade	REST read (frontend/sync)
includes/class-rest-users.php	202	get_field	first_name	REST read (frontend/sync)
includes/class-rest-users.php	203	get_field	infix	REST read (frontend/sync)
includes/class-rest-users.php	204	get_field	last_name	REST read (frontend/sync)
includes/class-rest-users.php	256	get_field	email_1	REST read (frontend/sync)
includes/class-rest-users.php	314	get_field	former_member	REST read (frontend/sync)
includes/class-rest-users.php	318	get_field	email_1	REST read (frontend/sync)
includes/class-rest-users.php	320	get_field	email_2	REST read (frontend/sync)
includes/class-rest-users.php	326	get_field	first_name	REST read (frontend/sync)
includes/class-rest-users.php	327	get_field	last_name	REST read (frontend/sync)
includes/class-bulk-invoice-creator.php	180	get_field	former_member	backend service (read)
includes/class-bulk-invoice-creator.php	182	get_field	lid-sinds	backend service (read)
includes/class-bulk-invoice-creator.php	249	update_field	invoice_number	backend service (write)
includes/class-bulk-invoice-creator.php	250	update_field	person	backend service (write)
includes/class-bulk-invoice-creator.php	251	update_field	status	backend service (write)
includes/class-bulk-invoice-creator.php	252	update_field	invoice_type	backend service (write)
includes/class-bulk-invoice-creator.php	253	update_field	total_amount	backend service (write)
includes/class-bulk-invoice-creator.php	293	update_field	line_items	backend service (write)
includes/class-rest-teams.php	186	get_field	work_history	REST read (frontend/sync)
includes/class-rest-volunteer.php	354	get_field	iva-certificaat	REST read (frontend/sync)
includes/class-rest-volunteer.php	361	get_field	datum-iva	REST read (frontend/sync)
includes/class-rest-volunteer.php	526	update_field	iva-certificaat	REST write (frontend/sync)
includes/class-rest-volunteer.php	530	update_field	datum-iva	REST write (frontend/sync)
includes/class-rest-volunteer.php	531	update_field	iva-approved	REST write (frontend/sync)
includes/class-rest-volunteer.php	588	get_field	iva-certificaat	REST read (frontend/sync)
includes/class-rest-volunteer.php	596	get_field	datum-iva	REST read (frontend/sync)
includes/class-rest-volunteer.php	711	get_field	iva-certificaat	REST read (frontend/sync)
includes/class-rest-volunteer.php	744	get_field	datum-vog	REST read (frontend/sync)
includes/class-rest-volunteer.php	789	update_field	iva-approved	REST write (frontend/sync)
includes/class-rest-volunteer.php	1121	get_field	leeftijdsgroep	REST read (frontend/sync)
includes/class-rest-volunteer.php	1122	get_field	addresses	REST read (frontend/sync)
includes/class-rest-volunteer.php	1124	get_field	relationships	REST read (frontend/sync)
includes/class-mollie-payment.php	52	get_field	payment_link	backend service (read)
includes/class-mollie-payment.php	71	get_field	invoice_number	backend service (read)
includes/class-mollie-payment.php	72	get_field	total_amount	backend service (read)
includes/class-mollie-payment.php	128	update_field	payment_link	backend service (write)
includes/class-iva-certificate-parser.php	140	get_field	first_name	backend service (read)
includes/class-iva-certificate-parser.php	141	get_field	last_name	backend service (read)
includes/class-iva-certificate-parser.php	142	get_field	nickname	backend service (read)
includes/class-rabobank-payment.php	275	get_field	invoice_number	backend service (read)
includes/class-rabobank-payment.php	276	get_field	total_amount	backend service (read)
includes/class-rabobank-payment.php	277	get_field	person	backend service (read)
includes/class-rabobank-payment.php	424	update_field	payment_link	backend service (write)
includes/class-rabobank-payment.php	569	get_field	invoice_number	backend service (read)
includes/class-rabobank-payment.php	584	update_field	qr_code_path	backend service (write)
includes/class-invoice-pdf-generator.php	44	get_field	invoice_number	backend service (read)
includes/class-invoice-pdf-generator.php	45	get_field	person	backend service (read)
includes/class-invoice-pdf-generator.php	46	get_field	total_amount	backend service (read)
includes/class-invoice-pdf-generator.php	47	get_field	line_items	backend service (read)
includes/class-invoice-pdf-generator.php	48	get_field	sent_date	backend service (read)
includes/class-invoice-pdf-generator.php	49	get_field	due_date	backend service (read)
includes/class-invoice-pdf-generator.php	50	get_field	invoice_type	backend service (read)
includes/class-invoice-pdf-generator.php	51	get_field	payment_link	backend service (read)
includes/class-invoice-pdf-generator.php	52	get_field	status	backend service (read)
includes/class-invoice-pdf-generator.php	82	get_field	company_name	backend service (read)
includes/class-invoice-pdf-generator.php	87	get_field	addresses	backend service (read)
includes/class-invoice-pdf-generator.php	113	get_field	email_1	backend service (read)
includes/class-invoice-pdf-generator.php	116	get_field	email_2	backend service (read)
includes/class-invoice-pdf-generator.php	157	get_field	qr_code_path	backend service (read)
includes/class-invoice-pdf-generator.php	237	update_field	pdf_path	backend service (write)
includes/class-invoice-pdf-generator.php	369	get_field	match_description	backend service (read)
includes/class-invoice-pdf-generator.php	370	get_field	sanction_description	backend service (read)
includes/class-invoice-pdf-generator.php	371	get_field	charge_codes	backend service (read)
includes/class-invoice-pdf-generator.php	677	get_field	invoice_type	backend service (read)
includes/class-rest-commissies.php	158	get_field	work_history	REST read (frontend/sync)
includes/class-rest-commissies.php	229	get_field	(dynamic)	REST read (frontend/sync)
includes/class-vog-email.php	318	get_field	first_name	backend service (read)
includes/class-vog-email.php	330	get_field	datum-vog	backend service (read)
includes/class-vog-email.php	487	get_field	email_1	backend service (read)
includes/class-vog-email.php	492	get_field	email_2	backend service (read)
includes/class-vog-email.php	587	get_field	first_name	backend service (read)
includes/class-vog-email.php	617	get_field	datum-vog	backend service (read)
includes/class-person-fee-context.php	82	get_field	work_history	backend service (read)
includes/class-person-fee-context.php	160	get_field	work_history	backend service (read)
includes/class-person-fee-context.php	218	get_field	former_member	backend service (read)
includes/class-person-fee-context.php	224	get_field	lid-sinds	backend service (read)
includes/class-iva-approval-email-sender.php	76	get_field	(dynamic)	backend service (read)
includes/class-iva-approval-email-sender.php	92	get_field	first_name	backend service (read)
includes/class-invoice-email-sender.php	61	get_field	email_1	backend service (read)
includes/class-invoice-email-sender.php	66	get_field	email_2	backend service (read)
includes/class-invoice-email-sender.php	81	get_field	birthdate	backend service (read)
includes/class-invoice-email-sender.php	111	get_field	relationships	backend service (read)
includes/class-invoice-email-sender.php	164	get_field	invoice_number	backend service (read)
includes/class-invoice-email-sender.php	165	get_field	person	backend service (read)
includes/class-invoice-email-sender.php	166	get_field	total_amount	backend service (read)
includes/class-invoice-email-sender.php	167	get_field	line_items	backend service (read)
includes/class-invoice-email-sender.php	168	get_field	payment_link	backend service (read)
includes/class-invoice-email-sender.php	169	get_field	pdf_path	backend service (read)
includes/class-invoice-email-sender.php	179	get_field	first_name	backend service (read)
includes/class-invoice-email-sender.php	180	get_field	company_name	backend service (read)
includes/class-invoice-email-sender.php	211	get_field	invoice_type	backend service (read)
includes/class-invoice-email-sender.php	239	get_field	match_date	backend service (read)
includes/class-invoice-email-sender.php	240	get_field	match_description	backend service (read)
includes/class-invoice-email-sender.php	254	get_field	charge_codes	backend service (read)
includes/class-invoice-email-sender.php	259	get_field	sanction_description	backend service (read)
includes/class-invoice-email-sender.php	311	get_field	qr_code_path	backend service (read)
includes/class-iva-status.php	48	get_field	iva-certificaat	backend service (read)
includes/class-iva-status.php	123	get_field	datum-iva	backend service (read)
includes/class-iva-status.php	139	get_field	iva-approved	backend service (read)
includes/class-family-grouping-service.php	150	get_field	addresses	backend service (read)
includes/class-family-grouping-service.php	218	get_field	former_member	backend service (read)
includes/class-family-grouping-service.php	393	get_field	former_member	backend service (read)
includes/class-demo-export.php	253	get_field	(dynamic)	tooling / bulk data
includes/class-demo-export.php	269	get_field	contact_info	tooling / bulk data
includes/class-demo-export.php	319	get_field	first_name	tooling / bulk data
includes/class-demo-export.php	320	get_field	infix	tooling / bulk data
includes/class-demo-export.php	321	get_field	last_name	tooling / bulk data
includes/class-demo-export.php	322	get_field	nickname	tooling / bulk data
includes/class-demo-export.php	323	get_field	gender	tooling / bulk data
includes/class-demo-export.php	324	get_field	pronouns	tooling / bulk data
includes/class-demo-export.php	325	get_field	birthdate	tooling / bulk data
includes/class-demo-export.php	326	get_field	former_member	tooling / bulk data
includes/class-demo-export.php	327	get_field	lid-tot	tooling / bulk data
includes/class-demo-export.php	328	get_field	datum-overlijden	tooling / bulk data
includes/class-demo-export.php	343	get_field	lid-sinds	tooling / bulk data
includes/class-demo-export.php	344	get_field	vrijwilliger-sinds	tooling / bulk data
includes/class-demo-export.php	345	get_field	leeftijdsgroep	tooling / bulk data
includes/class-demo-export.php	346	get_field	datum-vog	tooling / bulk data
includes/class-demo-export.php	347	get_field	datum-foto	tooling / bulk data
includes/class-demo-export.php	348	get_field	type-lid	tooling / bulk data
includes/class-demo-export.php	349	get_field	huidig-vrijwilliger	tooling / bulk data
includes/class-demo-export.php	350	get_field	financiele-blokkade	tooling / bulk data
includes/class-demo-export.php	351	get_field	knvb-id	tooling / bulk data
includes/class-demo-export.php	352	get_field	freescout-id	tooling / bulk data
includes/class-demo-export.php	375	get_field	addresses	tooling / bulk data
includes/class-demo-export.php	406	get_field	work_history	tooling / bulk data
includes/class-demo-export.php	446	get_field	relationships	tooling / bulk data
includes/class-demo-export.php	873	get_field	website	tooling / bulk data
includes/class-demo-export.php	912	get_field	website	tooling / bulk data
includes/class-demo-export.php	946	get_field	person	tooling / bulk data
includes/class-demo-export.php	967	get_field	dossier_id	tooling / bulk data
includes/class-demo-export.php	969	get_field	match_date	tooling / bulk data
includes/class-demo-export.php	970	get_field	processing_date	tooling / bulk data
includes/class-demo-export.php	971	get_field	match_description	tooling / bulk data
includes/class-demo-export.php	972	get_field	team_name	tooling / bulk data
includes/class-demo-export.php	973	get_field	charge_codes	tooling / bulk data
includes/class-demo-export.php	974	get_field	charge_description	tooling / bulk data
includes/class-demo-export.php	975	get_field	sanction_description	tooling / bulk data
includes/class-demo-export.php	976	get_field	administrative_fee	tooling / bulk data
includes/class-demo-export.php	977	get_field	is_charged	tooling / bulk data
includes/class-demo-export.php	1013	get_field	invoice_type	tooling / bulk data
includes/class-demo-export.php	1016	get_field	person	tooling / bulk data
includes/class-demo-export.php	1026	get_field	line_items	tooling / bulk data
includes/class-demo-export.php	1099	get_field	status	tooling / bulk data
includes/class-demo-export.php	1101	get_field	sent_date	tooling / bulk data
includes/class-demo-export.php	1102	get_field	due_date	tooling / bulk data
includes/class-demo-export.php	1145	get_field	related_persons	tooling / bulk data
includes/class-demo-export.php	1177	get_field	notes	tooling / bulk data
includes/class-demo-export.php	1178	get_field	awaiting_since	tooling / bulk data
includes/class-demo-export.php	1179	get_field	due_date	tooling / bulk data
includes/class-demo-export.php	1328	get_field	inverse_relationship_type	tooling / bulk data
includes/class-user-provisioning.php	170	get_field	first_name	backend service (read)
includes/class-user-provisioning.php	171	get_field	last_name	backend service (read)
includes/class-user-provisioning.php	191	get_field	work_history	backend service (read)
includes/class-user-provisioning.php	214	get_field	knvb-id	backend service (read)
includes/class-user-provisioning.php	322	get_field	first_name	backend service (read)
includes/class-user-provisioning.php	603	get_field	email_1	backend service (read)
includes/class-user-provisioning.php	608	get_field	email_2	backend service (read)
includes/class-rest-custom-fields.php	230	get_fields	(dynamic)	dynamic custom-fields subsystem
includes/class-rest-custom-fields.php	246	get_fields	(dynamic)	dynamic custom-fields subsystem
includes/class-rest-custom-fields.php	431	get_field	(dynamic)	dynamic custom-fields subsystem
includes/class-rest-custom-fields.php	519	update_field	(dynamic)	dynamic custom-fields subsystem
includes/class-installment-payment-service.php	76	get_field	total_amount	backend service (read)
includes/class-installment-payment-service.php	80	get_field	invoice_number	backend service (read)
includes/class-rest-people.php	556	get_field	(dynamic)	REST read (frontend/sync)
includes/class-rest-people.php	597	get_field	first_name	REST read (frontend/sync)
includes/class-rest-people.php	598	get_field	last_name	REST read (frontend/sync)
includes/class-rest-people.php	751	get_field	birthdate	REST read (frontend/sync)
includes/class-rest-people.php	826	get_field	relationships	REST read (frontend/sync)
includes/class-rest-people.php	865	get_field	former_member	REST read (frontend/sync)
includes/class-rest-people.php	899	get_field	former_member	REST read (frontend/sync)
includes/class-rest-people.php	912	get_fields	(dynamic)	REST read (frontend/sync)
includes/class-rest-people.php	954	get_field	first_name	REST read (frontend/sync)
includes/class-rest-people.php	955	get_field	company_name	REST read (frontend/sync)
includes/class-rest-people.php	956	get_field	person_type	REST read (frontend/sync)
includes/class-rest-people.php	1168	get_fields	(dynamic)	REST read (frontend/sync)
includes/class-rest-people.php	1375	get_field	work_history	REST read (frontend/sync)
includes/class-rest-people.php	1406	update_field	work_history	REST write (frontend/sync)
includes/class-rest-people.php	1512	get_fields	person	REST read (frontend/sync)
includes/class-rest-people.php	2082	get_fields	person	REST read (frontend/sync)
includes/class-rest-people.php	2191	get_fields	(dynamic)	REST read (frontend/sync)
includes/class-public-payment-page.php	139	update_field	payment_link	backend service (write)
includes/class-public-payment-page.php	179	get_field	invoice_number	backend service (read)
includes/class-public-payment-page.php	180	get_field	total_amount	backend service (read)
includes/class-public-payment-page.php	181	get_field	person	backend service (read)
includes/class-public-payment-page.php	332	get_field	invoice_number	backend service (read)
includes/class-public-payment-page.php	333	get_field	total_amount	backend service (read)
includes/class-public-payment-page.php	334	get_field	person	backend service (read)
includes/class-public-payment-page.php	568	get_field	total_amount	backend service (read)
includes/class-fee-cache.php	214	get_field	lid-sinds	backend service (read)
includes/class-fee-cache.php	222	get_field	former_member	backend service (read)
includes/class-role-finder.php	76	get_field	work_history	backend service (read)
includes/class-comment-types.php	566	get_field	related_persons	backend service (read)
includes/class-comment-types.php	589	get_field	notes	backend service (read)
includes/class-comment-types.php	592	get_field	due_date	backend service (read)
includes/class-comment-types.php	593	get_field	awaiting_since	backend service (read)
includes/class-reminders.php	690	get_field	work_history	backend service (read)
includes/class-reminders.php	712	update_field	work_history	backend service (write)
includes/class-shift-email-scheduler.php	457	get_field	(dynamic)	backend service (read)
includes/class-rest-todos.php	257	update_field	related_persons	REST write (frontend/sync)
includes/class-rest-todos.php	260	update_field	due_date	REST write (frontend/sync)
includes/class-rest-todos.php	265	update_field	notes	REST write (frontend/sync)
includes/class-rest-todos.php	278	update_field	awaiting_since	REST write (frontend/sync)
includes/class-rest-todos.php	424	update_field	awaiting_since	REST write (frontend/sync)
includes/class-rest-todos.php	429	update_field	awaiting_since	REST write (frontend/sync)
includes/class-rest-todos.php	443	update_field	due_date	REST write (frontend/sync)
includes/class-rest-todos.php	445	update_field	due_date	REST write (frontend/sync)
includes/class-rest-todos.php	452	update_field	related_persons	REST write (frontend/sync)
includes/class-rest-todos.php	458	update_field	notes	REST write (frontend/sync)
includes/class-rest-todos.php	528	get_field	related_persons	REST read (frontend/sync)
includes/class-rest-todos.php	544	get_field	due_date	REST read (frontend/sync)
includes/class-rest-todos.php	548	get_field	awaiting_since	REST read (frontend/sync)
includes/class-rest-todos.php	549	get_field	notes	REST read (frontend/sync)
includes/class-rest-todos.php	640	get_field	email_1	REST read (frontend/sync)
includes/class-rest-todos.php	645	get_field	email_2	REST read (frontend/sync)
includes/class-rest-todos.php	699	get_field	notes	REST read (frontend/sync)
includes/class-lettermint-webhook.php	306	update_field	notes	backend service (write)
includes/class-lettermint-webhook.php	309	update_field	related_persons	backend service (write)
includes/class-lettermint-webhook.php	582	get_field	email_1	backend service (read)
includes/class-lettermint-webhook.php	583	get_field	email_2	backend service (read)
includes/class-lettermint-webhook.php	615	get_field	first_name	backend service (read)
includes/class-lettermint-webhook.php	616	get_field	last_name	backend service (read)
includes/class-lettermint-webhook.php	633	get_field	first_name	backend service (read)
includes/class-rest-invoices.php	508	get_field	line_items	REST read (frontend/sync)
includes/class-rest-invoices.php	543	get_field	line_items	REST read (frontend/sync)
includes/class-rest-invoices.php	607	get_field	person	REST read (frontend/sync)
includes/class-rest-invoices.php	637	get_fields	(dynamic)	REST read (frontend/sync)
includes/class-rest-invoices.php	687	get_field	home_team	REST read (frontend/sync)
includes/class-rest-invoices.php	688	get_field	away_team	REST read (frontend/sync)
includes/class-rest-invoices.php	702	get_field	team_name	REST read (frontend/sync)
includes/class-rest-invoices.php	884	update_field	invoice_number	REST write (frontend/sync)
includes/class-rest-invoices.php	885	update_field	status	REST write (frontend/sync)
includes/class-rest-invoices.php	918	get_field	invoice_type	REST read (frontend/sync)
includes/class-rest-invoices.php	974	get_field	line_items	REST read (frontend/sync)
includes/class-rest-invoices.php	978	update_field	is_charged	REST write (frontend/sync)
includes/class-rest-invoices.php	1058	update_field	status	REST write (frontend/sync)
includes/class-rest-invoices.php	1065	update_field	field_invoice_sent_date	REST write (frontend/sync)
includes/class-rest-invoices.php	1078	update_field	field_invoice_due_date	REST write (frontend/sync)
includes/class-rest-invoices.php	1094	update_field	payment_link	REST write (frontend/sync)
includes/class-rest-invoices.php	1113	update_field	payment_link	REST write (frontend/sync)
includes/class-rest-invoices.php	1188	get_field	line_items	REST read (frontend/sync)
includes/class-rest-invoices.php	1205	update_field	line_items	REST write (frontend/sync)
includes/class-rest-invoices.php	1206	update_field	total_amount	REST write (frontend/sync)
includes/class-rest-invoices.php	1264	get_field	pdf_path	REST read (frontend/sync)
includes/class-rest-invoices.php	1285	get_field	invoice_number	REST read (frontend/sync)
includes/class-rest-invoices.php	1314	get_field	qr_code_path	REST read (frontend/sync)
includes/class-rest-invoices.php	1334	get_field	invoice_number	REST read (frontend/sync)
includes/class-rest-invoices.php	1389	update_field	payment_link	REST write (frontend/sync)
includes/class-rest-invoices.php	1393	get_field	payment_link	REST read (frontend/sync)
includes/class-rest-invoices.php	1463	get_field	invoice_type	REST read (frontend/sync)
includes/class-rest-invoices.php	1494	update_field	status	REST write (frontend/sync)
includes/class-rest-invoices.php	1502	update_field	field_invoice_sent_date	REST write (frontend/sync)
includes/class-rest-invoices.php	1513	get_field	due_date	REST read (frontend/sync)
includes/class-rest-invoices.php	1521	update_field	field_invoice_due_date	REST write (frontend/sync)
includes/class-rest-invoices.php	1524	get_field	line_items	REST read (frontend/sync)
includes/class-rest-invoices.php	1528	update_field	is_charged	REST write (frontend/sync)
includes/class-rest-invoices.php	1677	get_field	invoice_type	REST read (frontend/sync)
includes/class-rest-invoices.php	1688	get_field	payment_link	REST read (frontend/sync)
includes/class-rest-invoices.php	1767	get_field	status	REST read (frontend/sync)
includes/class-rest-invoices.php	1788	update_field	payment_link	REST write (frontend/sync)
includes/class-rest-invoices.php	1850	update_field	payment_link	REST write (frontend/sync)
includes/class-rest-invoices.php	1884	get_field	invoice_type	REST read (frontend/sync)
includes/class-rest-invoices.php	1893	get_field	status	REST read (frontend/sync)
includes/class-rest-invoices.php	1946	get_field	line_items	REST read (frontend/sync)
includes/class-rest-invoices.php	2040	update_field	line_items	REST write (frontend/sync)
includes/class-rest-invoices.php	2041	update_field	total_amount	REST write (frontend/sync)
includes/class-rest-invoices.php	2123	update_field	payment_link	REST write (frontend/sync)
includes/class-rest-invoices.php	2151	update_field	sent_date	REST write (frontend/sync)
includes/class-rest-invoices.php	2152	update_field	due_date	REST write (frontend/sync)
includes/class-rest-invoices.php	2165	update_field	status	REST write (frontend/sync)
includes/class-rest-invoices.php	2168	get_field	line_items	REST read (frontend/sync)
includes/class-rest-invoices.php	2172	update_field	is_charged	REST write (frontend/sync)
includes/class-rest-invoices.php	2214	update_field	status	REST write (frontend/sync)
includes/class-rest-invoices.php	2226	get_field	status	REST read (frontend/sync)
includes/class-rest-invoices.php	2227	get_field	payment_link	REST read (frontend/sync)
includes/class-rest-invoices.php	2254	get_field	invoice_number	REST read (frontend/sync)
includes/class-rest-invoices.php	2262	get_field	total_amount	REST read (frontend/sync)
includes/class-rest-invoices.php	2271	get_field	invoice_type	REST read (frontend/sync)
includes/class-rest-invoices.php	2336	get_field	qr_code_path	REST read (frontend/sync)
includes/class-rest-invoices.php	2343	update_field	qr_code_path	REST write (frontend/sync)
includes/class-rest-invoices.php	2356	get_field	pdf_path	REST read (frontend/sync)
includes/class-rest-invoices.php	2363	update_field	pdf_path	REST write (frontend/sync)
includes/class-rest-invoices.php	2539	update_field	person	REST write (frontend/sync)
includes/class-rest-invoices.php	2540	update_field	invoice_type	REST write (frontend/sync)
includes/class-rest-invoices.php	2541	update_field	total_amount	REST write (frontend/sync)
includes/class-rest-invoices.php	2542	update_field	line_items	REST write (frontend/sync)
includes/class-rest-invoices.php	2543	update_field	field_invoice_due_date	REST write (frontend/sync)
includes/class-rest-invoices.php	2592	get_field	invoice_type	REST read (frontend/sync)
includes/class-rest-invoices.php	2633	get_field	line_items	REST read (frontend/sync)
includes/class-rest-invoices.php	2649	get_field	dossier_id	REST read (frontend/sync)
includes/class-rest-invoices.php	2650	get_field	match_description	REST read (frontend/sync)
includes/class-rest-invoices.php	2651	get_field	charge_description	REST read (frontend/sync)
includes/class-rest-invoices.php	2652	get_field	sanction_description	REST read (frontend/sync)
includes/class-rest-invoices.php	2666	get_field	pdf_path	REST read (frontend/sync)
includes/class-rest-invoices.php	2667	get_field	qr_code_path	REST read (frontend/sync)
includes/class-rest-invoices.php	2732	get_field	person	REST read (frontend/sync)
includes/class-rest-invoices.php	2758	get_field	company_name	REST read (frontend/sync)
includes/class-rest-invoices.php	2768	get_field	first_name	REST read (frontend/sync)
includes/class-rest-invoices.php	2769	get_field	infix	REST read (frontend/sync)
includes/class-rest-invoices.php	2770	get_field	last_name	REST read (frontend/sync)
includes/class-rest-api.php	215	get_field	work_history	REST read (frontend/sync)
includes/class-rest-api.php	291	get_field	former_member	REST read (frontend/sync)
includes/class-rest-api.php	297	get_field	(dynamic)	REST read (frontend/sync)
includes/class-rest-api.php	681	get_fields	relationship_type_	REST read (frontend/sync)
includes/class-rest-api.php	695	update_field	(dynamic)	REST write (frontend/sync)
includes/class-rest-api.php	820	get_field	first_name	REST read (frontend/sync)
includes/class-rest-api.php	983	get_field	former_member	REST read (frontend/sync)
includes/class-rest-api.php	1105	get_field	invoice_number	REST read (frontend/sync)
includes/class-rest-api.php	1106	get_field	person	REST read (frontend/sync)
includes/class-rest-api.php	1110	get_field	first_name	REST read (frontend/sync)
includes/class-rest-api.php	1111	get_field	infix	REST read (frontend/sync)
includes/class-rest-api.php	1112	get_field	last_name	REST read (frontend/sync)
includes/class-rest-api.php	1121	get_field	total_amount	REST read (frontend/sync)
includes/class-rest-api.php	1122	get_field	status	REST read (frontend/sync)
includes/class-rest-api.php	1393	get_fields	(dynamic)	REST read (frontend/sync)
includes/class-rest-api.php	1589	get_field	related_persons	REST read (frontend/sync)
includes/class-rest-api.php	1622	get_field	due_date	REST read (frontend/sync)
includes/class-rest-api.php	1623	get_field	awaiting_since	REST read (frontend/sync)
includes/class-rest-api.php	1788	get_field	website	REST read (frontend/sync)
includes/class-rest-api.php	2105	get_field	work_history	REST read (frontend/sync)
includes/class-rest-api.php	2131	update_field	work_history	REST write (frontend/sync)
includes/class-rest-api.php	2209	get_fields	(dynamic)	REST read (frontend/sync)
includes/class-inverse-relationships.php	131	get_field	relationships	backend service (read)
includes/class-inverse-relationships.php	170	get_field	relationships	backend service (read)
includes/class-inverse-relationships.php	340	get_field	inverse_relationship_type	backend service (read)
includes/class-inverse-relationships.php	388	get_field	relationships	backend service (read)
includes/class-inverse-relationships.php	433	update_field	relationships	backend service (write)
includes/class-inverse-relationships.php	476	get_field	inverse_relationship_type	backend service (read)
includes/class-inverse-relationships.php	524	get_field	relationships	backend service (read)
includes/class-inverse-relationships.php	568	update_field	relationships	backend service (write)
includes/class-inverse-relationships.php	629	get_field	relationships	backend service (read)
includes/class-inverse-relationships.php	702	get_field	relationships	backend service (read)
includes/class-inverse-relationships.php	748	update_field	relationships	backend service (write)
includes/class-inverse-relationships.php	766	get_field	relationships	backend service (read)
includes/class-inverse-relationships.php	844	update_field	relationships	backend service (write)
includes/class-inverse-relationships.php	850	get_field	relationships	backend service (read)
includes/class-inverse-relationships.php	890	update_field	relationships	backend service (write)
includes/class-new-feedback-email-sender.php	49	get_field	feedback_type	backend service (read)
includes/class-new-feedback-email-sender.php	51	get_field	priority	backend service (read)
includes/class-volunteer-status.php	213	update_field	(dynamic)	backend service (write)
includes/class-volunteer-status.php	223	get_field	work_history	backend service (read)
includes/class-rest-vog.php	247	get_field	datum-vog	REST read (frontend/sync)
includes/class-rest-vog.php	347	get_field	datum-vog	REST read (frontend/sync)
includes/class-rest-vog.php	502	get_field	team_name	REST read (frontend/sync)
includes/class-rest-vog.php	528	get_field	home_team	REST read (frontend/sync)
includes/class-rest-vog.php	529	get_field	away_team	REST read (frontend/sync)
includes/class-rest-lettermint.php	589	get_field	related_persons	REST read (frontend/sync)
includes/class-rest-lettermint.php	620	get_field	first_name	REST read (frontend/sync)
includes/class-rest-lettermint.php	621	get_field	last_name	REST read (frontend/sync)
includes/class-rest-lettermint.php	1020	get_field	email_1	REST read (frontend/sync)
includes/class-rest-lettermint.php	1025	get_field	email_2	REST read (frontend/sync)
includes/class-volunteer-exemption-resolver.php	112	get_field	work_history	backend service (read)
includes/class-volunteer-exemption-resolver.php	147	get_field	work_history	backend service (read)
includes/class-relationship-quality-checker.php	103	get_field	relationships	backend service (read)
includes/class-membership-pass-apple.php	50	get_field	knvb-id	backend service (read)
includes/class-membership-pass-apple.php	79	get_field	company_name	backend service (read)
includes/class-membership-pass-apple.php	253	get_field	first_name	backend service (read)
includes/class-membership-pass-apple.php	254	get_field	infix	backend service (read)
includes/class-membership-pass-apple.php	255	get_field	last_name	backend service (read)
includes/class-membership-pass-apple.php	258	get_field	company_name	backend service (read)
includes/class-membership-pass-apple.php	327	get_field	work_history	backend service (read)
includes/class-rest-base.php	190	get_field	former_member	REST read (frontend/sync)
includes/class-rest-base.php	287	get_field	first_name	REST read (frontend/sync)
includes/class-rest-base.php	288	get_field	last_name	REST read (frontend/sync)
includes/class-rest-base.php	290	get_field	former_member	REST read (frontend/sync)
includes/class-rest-base.php	291	get_field	huidig-vrijwilliger	REST read (frontend/sync)
includes/class-rest-base.php	308	get_field	website	REST read (frontend/sync)
includes/class-rest-base.php	348	get_field	_shared_with	REST read (frontend/sync)
includes/class-rest-base.php	387	get_field	_shared_with	REST read (frontend/sync)
includes/class-rest-base.php	392	update_field	_shared_with	REST write (frontend/sync)
includes/class-rest-base.php	406	update_field	_shared_with	REST write (frontend/sync)
includes/class-rest-base.php	426	get_field	_shared_with	REST read (frontend/sync)
includes/class-rest-base.php	435	update_field	_shared_with	REST write (frontend/sync)
includes/class-rest-base.php	530	update_field	(dynamic)	REST write (frontend/sync)
includes/class-rest-base.php	548	update_field	(dynamic)	REST write (frontend/sync)
includes/class-membership-pass-qr.php	63	get_field	knvb-id	backend service (read)
includes/class-membership-pass-qr.php	143	get_field	former_member	backend service (read)
includes/class-membership-pass-qr.php	144	get_field	lid-tot	backend service (read)
includes/class-membership-pass-qr.php	173	get_field	first_name	backend service (read)
includes/class-membership-pass-qr.php	174	get_field	infix	backend service (read)
includes/class-membership-pass-qr.php	175	get_field	last_name	backend service (read)
includes/class-membership-pass-qr.php	177	get_field	company_name	backend service (read)
includes/class-membership-pass-qr.php	179	get_field	knvb-id	backend service (read)
includes/class-membership-pass-qr.php	292	get_field	work_history	backend service (read)
includes/class-public-membership-pass-page.php	228	get_field	type-lid	backend service (read)
includes/class-public-membership-pass-page.php	248	get_field	sponsor_pass_variant	backend service (read)
includes/class-public-membership-pass-page.php	330	get_field	first_name	backend service (read)
includes/class-public-membership-pass-page.php	331	get_field	infix	backend service (read)
includes/class-public-membership-pass-page.php	332	get_field	last_name	backend service (read)
includes/class-public-membership-pass-page.php	334	get_field	company_name	backend service (read)
includes/class-public-membership-pass-page.php	335	get_field	knvb-id	backend service (read)
includes/class-onboarding-email-sender.php	87	get_field	first_name	backend service (read)
includes/class-onboarding-email-sender.php	88	get_field	infix	backend service (read)
includes/class-onboarding-email-sender.php	89	get_field	last_name	backend service (read)
includes/class-onboarding-email-sender.php	131	get_field	(dynamic)	backend service (read)
includes/class-onboarding-email-sender.php	133	update_field	(dynamic)	backend service (write)
includes/class-onboarding-email-sender.php	279	get_field	email_1	backend service (read)
includes/class-onboarding-email-sender.php	284	get_field	email_2	backend service (read)
includes/class-person-deletion-guard.php	112	get_field	relationships	backend service (read)
includes/class-volunteer-eligibility-service.php	290	get_field	(dynamic)	backend service (read)
includes/class-volunteer-eligibility-service.php	330	get_field	(dynamic)	backend service (read)
includes/class-volunteer-eligibility-service.php	335	get_field	work_history	backend service (read)
includes/class-volunteer-eligibility-service.php	676	get_field	relationships	backend service (read)
includes/class-volunteer-eligibility-service.php	707	get_field	relationships	backend service (read)
includes/class-volunteer-eligibility-service.php	726	get_field	relationships	backend service (read)
includes/class-volunteer-eligibility-service.php	756	get_field	addresses	backend service (read)
includes/class-access-control.php	621	get_field	relationships	backend service (read)
includes/class-rest-feedback.php	380	update_field	feedback_type	REST write (frontend/sync)
includes/class-rest-feedback.php	393	update_field	status	REST write (frontend/sync)
includes/class-rest-feedback.php	394	update_field	priority	REST write (frontend/sync)
includes/class-rest-feedback.php	402	update_field	browser_info	REST write (frontend/sync)
includes/class-rest-feedback.php	407	update_field	app_version	REST write (frontend/sync)
includes/class-rest-feedback.php	412	update_field	url_context	REST write (frontend/sync)
includes/class-rest-feedback.php	419	update_field	steps_to_reproduce	REST write (frontend/sync)
includes/class-rest-feedback.php	424	update_field	expected_behavior	REST write (frontend/sync)
includes/class-rest-feedback.php	429	update_field	actual_behavior	REST write (frontend/sync)
includes/class-rest-feedback.php	437	update_field	use_case	REST write (frontend/sync)
includes/class-rest-feedback.php	573	update_field	feedback_type	REST write (frontend/sync)
includes/class-rest-feedback.php	579	get_field	status	REST read (frontend/sync)
includes/class-rest-feedback.php	591	update_field	priority	REST write (frontend/sync)
includes/class-rest-feedback.php	597	update_field	browser_info	REST write (frontend/sync)
includes/class-rest-feedback.php	602	update_field	app_version	REST write (frontend/sync)
includes/class-rest-feedback.php	607	update_field	url_context	REST write (frontend/sync)
includes/class-rest-feedback.php	613	update_field	steps_to_reproduce	REST write (frontend/sync)
includes/class-rest-feedback.php	618	update_field	expected_behavior	REST write (frontend/sync)
includes/class-rest-feedback.php	623	update_field	actual_behavior	REST write (frontend/sync)
includes/class-rest-feedback.php	629	update_field	use_case	REST write (frontend/sync)
includes/class-rest-feedback.php	793	get_field	status	REST read (frontend/sync)
includes/class-rest-feedback.php	795	update_field	status	REST write (frontend/sync)
includes/class-rest-feedback.php	844	get_field	feedback_type	REST read (frontend/sync)
includes/class-rest-feedback.php	845	get_field	status	REST read (frontend/sync)
includes/class-rest-feedback.php	846	get_field	priority	REST read (frontend/sync)
includes/class-rest-feedback.php	847	get_field	browser_info	REST read (frontend/sync)
includes/class-rest-feedback.php	848	get_field	app_version	REST read (frontend/sync)
includes/class-rest-feedback.php	849	get_field	url_context	REST read (frontend/sync)
includes/class-rest-feedback.php	850	get_field	steps_to_reproduce	REST read (frontend/sync)
includes/class-rest-feedback.php	851	get_field	expected_behavior	REST read (frontend/sync)
includes/class-rest-feedback.php	852	get_field	actual_behavior	REST read (frontend/sync)
includes/class-rest-feedback.php	853	get_field	use_case	REST read (frontend/sync)
tests/Wpunit/ShiftCalendarTest.php	139	update_field	datum-vog	test
includes/class-taxonomies.php	153	get_field	inverse_relationship_type	backend service (read)
includes/class-taxonomies.php	155	update_field	inverse_relationship_type	backend service (write)
includes/class-taxonomies.php	168	get_field	inverse_relationship_type	backend service (read)
includes/class-taxonomies.php	170	update_field	inverse_relationship_type	backend service (write)
bin/fee-snapshot.php	66	get_field	former_member	tooling / bulk data
bin/fee-snapshot.php	73	get_field	lid-sinds	tooling / bulk data
tests/Wpunit/VolunteerShiftAttributionTest.php	42	get_field	relationships	test
tests/Wpunit/VolunteerShiftAttributionTest.php	47	update_field	relationships	test
tests/Wpunit/VolunteerShiftAttributionTest.php	49	get_field	relationships	test
tests/Wpunit/VolunteerShiftAttributionTest.php	54	update_field	relationships	test
includes/class-fee-calculator.php	120	get_field	leeftijdsgroep	backend service (read)
includes/class-fee-calculator.php	330	get_field	first_name	backend service (read)
includes/class-fee-calculator.php	331	get_field	last_name	backend service (read)
includes/class-fee-calculator.php	386	get_field	former_member	backend service (read)
tests/Wpunit/SearchDashboardTest.php	493	update_field	related_persons	test
tests/Wpunit/SearchDashboardTest.php	496	update_field	due_date	test
includes/class-volunteer-fine-generator.php	103	update_field	invoice_number	backend service (write)
includes/class-volunteer-fine-generator.php	104	update_field	invoice_type	backend service (write)
includes/class-volunteer-fine-generator.php	105	update_field	person	backend service (write)
includes/class-volunteer-fine-generator.php	106	update_field	total_amount	backend service (write)
includes/class-volunteer-fine-generator.php	107	update_field	(dynamic)	backend service (write)
includes/class-volunteer-fine-generator.php	117	update_field	status	backend service (write)
includes/class-volunteer-fine-generator.php	160	get_field	relationships	backend service (read)
includes/class-mollie-webhook.php	204	update_field	status	backend service (write)
includes/class-mollie-webhook.php	258	update_field	status	backend service (write)
tests/Wpunit/VolunteerObligationUnitsTest.php	43	get_field	relationships	test
tests/Wpunit/VolunteerObligationUnitsTest.php	48	update_field	relationships	test
tests/Wpunit/VolunteerObligationUnitsTest.php	50	get_field	relationships	test
tests/Wpunit/VolunteerObligationUnitsTest.php	55	update_field	relationships	test
tests/Wpunit/ActivationServiceTest.php	23	update_field	first_name	test
tests/Wpunit/ActivationServiceTest.php	24	update_field	last_name	test
tests/Wpunit/ActivationServiceTest.php	26	update_field	email_1	test
includes/class-invoice-reminder-scheduler.php	187	get_field	sent_date	backend service (read)
includes/class-guardian-account-service.php	102	get_field	first_name	backend service (read)
includes/class-guardian-account-service.php	263	get_field	first_name	backend service (read)
includes/class-guardian-account-service.php	264	get_field	infix	backend service (read)
includes/class-guardian-account-service.php	265	get_field	last_name	backend service (read)
includes/class-guardian-account-service.php	364	update_field	(dynamic)	backend service (write)
includes/class-guardian-account-service.php	365	delete_field	(dynamic)	backend service (write)
includes/customfields/class-manager.php	308	update_field	(dynamic)	dynamic custom-fields subsystem
includes/customfields/class-manager.php	423	get_fields	(dynamic)	dynamic custom-fields subsystem
includes/customfields/class-manager.php	478	get_field	(dynamic)	dynamic custom-fields subsystem
tests/Wpunit/GuardianAccountServiceTest.php	18	update_field	first_name	test
tests/Wpunit/GuardianAccountServiceTest.php	19	update_field	last_name	test
tests/Wpunit/GuardianAccountServiceTest.php	86	update_field	datum-vog	test
tests/Wpunit/GuardianAccountServiceTest.php	88	update_field	datum-iva	test
tests/Wpunit/GuardianAccountServiceTest.php	89	update_field	iva-approved	test
tests/Wpunit/GuardianAccountServiceTest.php	126	update_field	datum-vog	test
tests/Wpunit/GuardianAccountServiceTest.php	127	update_field	datum-vog	test
tests/Support/RondoTestCase.php	99	update_field	(dynamic)	test
tests/Support/RondoTestCase.php	122	update_field	(dynamic)	test
includes/class-qr-code-generator.php	50	get_field	invoice_number	backend service (read)
includes/class-qr-code-generator.php	63	update_field	qr_code_path	backend service (write)
tests/Wpunit/CptCrudTest.php	87	get_field	first_name	test
tests/Wpunit/CptCrudTest.php	349	get_field	person_type	test
tests/Wpunit/CptCrudTest.php	380	get_field	first_name	test
tests/Wpunit/TodoCptTest.php	92	update_field	field_todo_related_person	test
tests/Wpunit/TodoCptTest.php	95	update_field	due_date	test
tests/Wpunit/TodoCptTest.php	100	update_field	awaiting_since	test
tests/Wpunit/PersonDeletionGuardTest.php	37	update_field	relationships	test
tests/Wpunit/MemberShiftLifecycleTest.php	210	update_field	first_name	test
tests/Wpunit/MemberShiftLifecycleTest.php	211	update_field	email_1	test
tests/Wpunit/MemberShiftLifecycleTest.php	258	update_field	email_1	test
tests/Wpunit/FormerMemberParentRoleTest.php	36	update_field	(dynamic)	test
tests/Wpunit/FormerMemberParentRoleTest.php	63	update_field	(dynamic)	test
tests/Wpunit/PersonContactScopeTest.php	76	get_field	email_1	test
tests/Wpunit/PersonContactScopeTest.php	87	get_field	type-lid	test
tests/Wpunit/PersonContactScopeTest.php	156	update_field	is_sponsor	test
tests/Wpunit/PersonContactScopeTest.php	157	update_field	person_type	test
tests/Wpunit/PersonContactScopeTest.php	158	update_field	sponsor_pass_variant	test
tests/Wpunit/PersonContactScopeTest.php	173	update_field	is_sponsor	test
tests/Wpunit/PersonContactScopeTest.php	174	update_field	person_type	test
tests/Wpunit/PersonContactScopeTest.php	175	update_field	sponsor_pass_variant	test
tests/Wpunit/PersonContactScopeTest.php	200	update_field	former_member	test
tests/Wpunit/LettermintWebhookTest.php	44	update_field	email_1	test
tests/Wpunit/LettermintWebhookTest.php	67	get_field	related_persons	test
tests/Wpunit/PersonVisibilityTest.php	41	get_field	relationships	test
tests/Wpunit/PersonVisibilityTest.php	46	update_field	relationships	test
tests/Wpunit/PersonVisibilityTest.php	247	update_field	financiele-blokkade	test
tests/Wpunit/PersonVisibilityTest.php	248	update_field	email_1	test
tests/Wpunit/PersonVisibilityTest.php	263	update_field	financiele-blokkade	test
tests/Wpunit/RelationshipsSharesTest.php	176	update_field	work_history	test
tests/Wpunit/RelationshipsSharesTest.php	215	update_field	(dynamic)	test
tests/Wpunit/RelationshipsSharesTest.php	236	update_field	(dynamic)	test
tests/Wpunit/FeedbackResolutionEmailTest.php	48	update_field	status	test
tests/Wpunit/FeedbackResolutionEmailTest.php	138	update_field	status	test
tests/Wpunit/FeedbackResolutionEmailTest.php	144	get_field	status	test
tests/Wpunit/UserProvisioningEmailTest.php	42	update_field	first_name	test
tests/Wpunit/UserProvisioningEmailTest.php	43	update_field	last_name	test
tests/Wpunit/UserProvisioningEmailTest.php	45	update_field	email_1	test
tests/Wpunit/RoleFinderTest.php	23	update_field	(dynamic)	test
tests/Wpunit/RoleFinderTest.php	50	update_field	(dynamic)	test
tests/Wpunit/RoleFinderTest.php	82	update_field	(dynamic)	test
tests/Wpunit/RoleFinderTest.php	111	update_field	(dynamic)	test
tests/Wpunit/RoleFinderTest.php	155	update_field	(dynamic)	test
tests/Wpunit/RoleFinderTest.php	202	update_field	(dynamic)	test
tests/Wpunit/SecurityAuthorizationTest.php	156	update_field	mobile_1	test
